{"type":"FeatureCollection","features":[{"type":"Feature","properties":{"@id":"relation/15847233","admin_level":10,"boundary":"administrative","name":"Aeroporto","place":"suburb","source":"Mapa Pref.","type":"boundary"},"geometry":{"type":"Polygon","coordinates":[[[-40.5874029,-9.353542],[-40.5894682,-9.3638369],[-40.5691907,-9.3695797],[-40.5527675,-9.3704028],[-40.5509558,-9.3610929],[-40.5637942,-9.3602765],[-40.5874029,-9.353542]]]},"id":"relation/15847233"},{"type":"Feature","properties":{"@id":"relation/15863972","admin_level":10,"boundary":"administrative","name":"Balneário das Pedrinhas","place":"suburb","source":"Mapa Pref.","type":"boundary"},"geometry":{"type":"Polygon","coordinates":[[[-40.323176,-9.2718686],[-40.3233191,-9.2717839],[-40.3268095,-9.2702873],[-40.3294989,-9.2698638],[-40.3359362,-9.2874265],[-40.3260657,-9.2892336],[-40.327067,-9.2868053],[-40.3273531,-9.2839536],[-40.324206,-9.2758781],[-40.323176,-9.2718686]]]},"id":"relation/15863972"},{"type":"Feature","properties":{"@id":"relation/16927170","admin_level":10,"boundary":"administrative","name":"Loteamento Nova Petrolina","place":"suburb","source":"mapa do licenciado","type":"boundary"},"geometry":{"type":"Polygon","coordinates":[[[-40.5617932,-9.4161187],[-40.561856,-9.414533],[-40.5620985,-9.41137],[-40.5624712,-9.4068715],[-40.5627685,-9.4048543],[-40.5628562,-9.4044115],[-40.5638354,-9.401283],[-40.5667581,-9.3940134],[-40.555043,-9.3941779],[-40.5545518,-9.3935422],[-40.5532632,-9.3935422],[-40.5531536,-9.3924669],[-40.5729305,-9.3925372],[-40.5721879,-9.3970723],[-40.5711119,-9.4025903],[-40.5682552,-9.4159595],[-40.5617932,-9.4161187]]]},"id":"relation/16927170"},{"type":"Feature","properties":{"@id":"relation/16927179","admin_level":10,"boundary":"administrative","name":"Residencial Palmares","place":"suburb","source":"mapa do licenciado","type":"boundary"},"geometry":{"type":"Polygon","coordinates":[[[-40.561856,-9.414533],[-40.5617927,-9.4161186],[-40.5617584,-9.417939],[-40.5613015,-9.4174549],[-40.559676,-9.4167529],[-40.5597471,-9.4145322],[-40.561856,-9.414533]]]},"id":"relation/16927179"},{"type":"Feature","properties":{"@id":"relation/16927563","admin_level":10,"boundary":"administrative","name":"Condomínio Parque das Emas","place":"suburb","source":"mAPA pREF.","type":"boundary"},"geometry":{"type":"Polygon","coordinates":[[[-40.5563873,-9.4233239],[-40.5573007,-9.4250785],[-40.5527593,-9.4279865],[-40.552476,-9.4274951],[-40.5511684,-9.4280848],[-40.5508882,-9.4273754],[-40.5505488,-9.4266352],[-40.5501391,-9.4260252],[-40.5496214,-9.4252842],[-40.54927,-9.4246119],[-40.5530001,-9.4223539],[-40.5540456,-9.4235222],[-40.5563873,-9.4233239]]]},"id":"relation/16927563"},{"type":"Feature","properties":{"@id":"relation/16928274","admin_level":10,"boundary":"administrative","name":"Condomínio Valle Flor de Algodão","place":"suburb","source":"mapa pref.","type":"boundary"},"geometry":{"type":"Polygon","coordinates":[[[-40.552263,-9.4082084],[-40.5525386,-9.4072344],[-40.5548874,-9.4082539],[-40.5562132,-9.408834],[-40.5555377,-9.4103887],[-40.5520709,-9.4088792],[-40.552263,-9.4082084]]]},"id":"relation/16928274"},{"type":"Feature","properties":{"@id":"relation/16928275","admin_level":10,"boundary":"administrative","name":"Condomínio Valle dos Coqueiros","place":"suburb","source":"mapa pref.","type":"boundary"},"geometry":{"type":"Polygon","coordinates":[[[-40.5531838,-9.40474],[-40.5528526,-9.405968],[-40.5523738,-9.4062361],[-40.5510566,-9.4058812],[-40.551468,-9.4042932],[-40.5531838,-9.40474]]]},"id":"relation/16928275"},{"type":"Feature","properties":{"@id":"relation/16928292","admin_level":10,"boundary":"administrative","name":"Condomínio Valle Petrolina","place":"suburb","source":"mapa pref.","type":"boundary"},"geometry":{"type":"Polygon","coordinates":[[[-40.5531845,-9.4047403],[-40.5555014,-9.4053351],[-40.5555668,-9.4050771],[-40.5572387,-9.4054979],[-40.5569398,-9.406662],[-40.5580014,-9.4069231],[-40.5578084,-9.4076418],[-40.5531104,-9.4064009],[-40.5528531,-9.4059686],[-40.5531845,-9.4047403]]]},"id":"relation/16928292"},{"type":"Feature","properties":{"@id":"relation/16928319","admin_level":10,"boundary":"administrative","name":"Residencial Nova Petrolina","place":"suburb","source":"mapa pref.","type":"boundary"},"geometry":{"type":"Polygon","coordinates":[[[-40.5596315,-9.4061435],[-40.5577643,-9.4056327],[-40.5597884,-9.3992397],[-40.561679,-9.3997815],[-40.5596315,-9.4061435]]]},"id":"relation/16928319"},{"type":"Feature","properties":{"@id":"relation/16928340","admin_level":10,"boundary":"administrative","name":"Encontro das Águas Residence","place":"suburb","source":"mapa pref.","type":"boundary"},"geometry":{"type":"Polygon","coordinates":[[[-40.5638347,-9.4012828],[-40.5628557,-9.4044109],[-40.5627679,-9.404854],[-40.5626081,-9.4059377],[-40.5599677,-9.4051005],[-40.5614356,-9.4005403],[-40.5638347,-9.4012828]]]},"id":"relation/16928340"},{"type":"Feature","properties":{"@id":"relation/16928347","admin_level":10,"boundary":"administrative","name":"Residencial Brasil","place":"suburb","source":"mapa pref.","type":"boundary"},"geometry":{"type":"Polygon","coordinates":[[[-40.5551702,-9.4048755],[-40.5531768,-9.404359],[-40.554495,-9.4002687],[-40.5564595,-9.4008922],[-40.5551702,-9.4048755]]]},"id":"relation/16928347"},{"type":"Feature","properties":{"@id":"relation/16928354","admin_level":10,"boundary":"administrative","name":"Condomínio Valle das Mangueiras","place":"suburb","source":"mapa do licenciado","type":"boundary"},"geometry":{"type":"Polygon","coordinates":[[[-40.5544955,-9.4002679],[-40.5554747,-9.3971344],[-40.5576919,-9.3971022],[-40.5564598,-9.4008917],[-40.5544955,-9.4002679]]]},"id":"relation/16928354"},{"type":"Feature","properties":{"@id":"relation/16928365","admin_level":10,"boundary":"administrative","name":"Loteamento São Rafael","place":"suburb","source":"mapa pref.","type":"boundary"},"geometry":{"type":"Polygon","coordinates":[[[-40.5531763,-9.4043587],[-40.5501184,-9.4036005],[-40.5532628,-9.3935426],[-40.5545515,-9.3935428],[-40.5550425,-9.3941785],[-40.5564725,-9.3941584],[-40.5556196,-9.3969229],[-40.5554745,-9.3971339],[-40.5544947,-9.4002678],[-40.5531763,-9.4043587]]]},"id":"relation/16928365"},{"type":"Feature","properties":{"@id":"relation/16928730","admin_level":10,"boundary":"administrative","name":"Park São Gonçalo","place":"suburb","source":"mapa pref.","type":"boundary"},"geometry":{"type":"Polygon","coordinates":[[[-40.5649616,-9.3925082],[-40.5607043,-9.3924932],[-40.5585241,-9.3880079],[-40.5598837,-9.3873501],[-40.5609287,-9.3894675],[-40.5622733,-9.3888356],[-40.5649616,-9.3925082]]]},"id":"relation/16928730"},{"type":"Feature","properties":{"@id":"relation/16935049","admin_level":10,"boundary":"administrative","name":"Jardim Petrópolis 2","place":"suburb","source":"mapa pref.","type":"boundary"},"geometry":{"type":"Polygon","coordinates":[[[-40.5581594,-9.392484],[-40.5583217,-9.390989],[-40.5599726,-9.3909892],[-40.5607037,-9.3924931],[-40.5581594,-9.392484]]]},"id":"relation/16935049"},{"type":"Feature","properties":{"@id":"relation/16935055","admin_level":10,"boundary":"administrative","name":"Jardim Petrópolis","place":"suburb","source":"mapa pref.","type":"boundary"},"geometry":{"type":"Polygon","coordinates":[[[-40.5531535,-9.3924664],[-40.5531333,-9.3920675],[-40.5532742,-9.3915702],[-40.5531929,-9.390399],[-40.5530899,-9.3894577],[-40.5529653,-9.3872597],[-40.5528785,-9.3859548],[-40.5528352,-9.3852007],[-40.5527051,-9.3844145],[-40.5526346,-9.383976],[-40.5526454,-9.3831149],[-40.5526111,-9.3812716],[-40.5525426,-9.3797757],[-40.5523091,-9.3790692],[-40.5522752,-9.3785634],[-40.5546141,-9.3783169],[-40.5552804,-9.3825522],[-40.555378,-9.3825966],[-40.556205,-9.3822972],[-40.5585235,-9.3880076],[-40.5599723,-9.3909885],[-40.5583214,-9.3909885],[-40.5581588,-9.3924841],[-40.5531535,-9.3924664]]]},"id":"relation/16935055"},{"type":"Feature","properties":{"@id":"relation/16935096","admin_level":10,"boundary":"administrative","name":"São Gonçalo","place":"suburb","source":"mapa pref.","type":"boundary"},"geometry":{"type":"Polygon","coordinates":[[[-40.5522744,-9.3785634],[-40.5523085,-9.3790688],[-40.5525421,-9.3797762],[-40.5526106,-9.3812715],[-40.5526447,-9.3831148],[-40.5526341,-9.3839757],[-40.5527045,-9.3844144],[-40.5528347,-9.385201],[-40.5528779,-9.3859547],[-40.5529653,-9.3872597],[-40.5530893,-9.3894579],[-40.5531845,-9.3904031],[-40.5532735,-9.3915703],[-40.5532713,-9.3915784],[-40.5511111,-9.3923598],[-40.5509872,-9.3926235],[-40.5488809,-9.3933248],[-40.5476967,-9.3900953],[-40.5446057,-9.3899859],[-40.5445325,-9.3922558],[-40.5435839,-9.3922451],[-40.5435503,-9.3906203],[-40.5431794,-9.3880729],[-40.5428549,-9.3859835],[-40.5427333,-9.3854412],[-40.54794,-9.3836713],[-40.5468132,-9.380578],[-40.5499044,-9.3805079],[-40.5497452,-9.3779399],[-40.5522022,-9.377744],[-40.5522744,-9.3785634]]]},"id":"relation/16935096"},{"type":"Feature","properties":{"@id":"relation/16935214","admin_level":10,"boundary":"administrative","name":"Rio Corrente","place":"suburb","source":"mapa pref.","type":"boundary"},"geometry":{"type":"Polygon","coordinates":[[[-40.543584,-9.3922459],[-40.5445329,-9.3922562],[-40.5446063,-9.3899864],[-40.5476962,-9.3900959],[-40.5488806,-9.3933252],[-40.5509876,-9.3926238],[-40.5511115,-9.3923604],[-40.553271,-9.3915792],[-40.5531325,-9.3920676],[-40.5531531,-9.3924668],[-40.5532626,-9.3935419],[-40.5518699,-9.3979961],[-40.5454121,-9.3962907],[-40.5459883,-9.3941167],[-40.5445064,-9.3937143],[-40.5435132,-9.393699],[-40.543584,-9.3922459]]]},"id":"relation/16935214"},{"type":"Feature","properties":{"@id":"relation/16935217","admin_level":10,"boundary":"administrative","name":"Rio Claro","place":"suburb","source":"mapa pref.","type":"boundary"},"geometry":{"type":"Polygon","coordinates":[[[-40.5435133,-9.3936997],[-40.5445062,-9.393715],[-40.5459876,-9.3941171],[-40.5454113,-9.396291],[-40.5518696,-9.3979967],[-40.5513317,-9.3997179],[-40.5427515,-9.3974781],[-40.5435133,-9.3936997]]]},"id":"relation/16935217"},{"type":"Feature","properties":{"@id":"relation/16935412","admin_level":10,"boundary":"administrative","name":"Jardim Guanabara","place":"suburb","source":"mapa do pref.","type":"boundary"},"geometry":{"type":"Polygon","coordinates":[[[-40.5422378,-9.4014142],[-40.542638,-9.4016161],[-40.5500164,-9.4035606],[-40.549022,-9.4072983],[-40.5461209,-9.4095707],[-40.5428956,-9.4021827],[-40.5425323,-9.4017097],[-40.5422378,-9.4014142]]]},"id":"relation/16935412"},{"type":"Feature","properties":{"@id":"relation/16935419","admin_level":10,"boundary":"administrative","name":"Loteamento Colina do Rio","place":"suburb","source":"mapa pref.","type":"boundary"},"geometry":{"type":"Polygon","coordinates":[[[-40.5422368,-9.4014142],[-40.5425318,-9.4017101],[-40.5428951,-9.402183],[-40.5461205,-9.4095712],[-40.5468775,-9.4111579],[-40.5440839,-9.4124055],[-40.5426871,-9.4107016],[-40.5388378,-9.4087413],[-40.5419957,-9.4012919],[-40.5422368,-9.4014142]]]},"id":"relation/16935419"},{"type":"Feature","properties":{"@id":"relation/16935485","admin_level":10,"boundary":"administrative","name":"Parque Massangano","place":"sub","source":"mapa pref.","type":"boundary"},"geometry":{"type":"Polygon","coordinates":[[[-40.5429445,-9.3865641],[-40.5431789,-9.3880731],[-40.5435497,-9.3906204],[-40.5435834,-9.3922455],[-40.543531,-9.3933192],[-40.5383022,-9.3931351],[-40.5385651,-9.3863893],[-40.5429445,-9.3865641]]]},"id":"relation/16935485"},{"type":"Feature","properties":{"@id":"relation/16935514","admin_level":10,"boundary":"administrative","name":"Distrito Industrial","place":"suburb","source":"mapa pref.","type":"boundary"},"geometry":{"type":"Polygon","coordinates":[[[-40.5385646,-9.3863891],[-40.5383016,-9.3931358],[-40.5435311,-9.3933198],[-40.5435128,-9.3936995],[-40.5427507,-9.397478],[-40.541661,-9.4011226],[-40.541995,-9.4012916],[-40.5388371,-9.4087415],[-40.5390323,-9.408841],[-40.537723,-9.4115409],[-40.5364244,-9.4108841],[-40.5355467,-9.41148],[-40.5291195,-9.4080816],[-40.5181359,-9.402394],[-40.5148218,-9.4014981],[-40.5116949,-9.4006528],[-40.5120818,-9.3972542],[-40.5148554,-9.3968187],[-40.5147923,-9.3981874],[-40.5163691,-9.3981719],[-40.5163613,-9.3975837],[-40.5184403,-9.3974908],[-40.5189737,-9.3956874],[-40.520799,-9.3948004],[-40.522684,-9.3935067],[-40.5240362,-9.3923478],[-40.5244933,-9.3917077],[-40.5262271,-9.3925746],[-40.5266743,-9.3927061],[-40.5293024,-9.3928068],[-40.5294414,-9.3883329],[-40.5316895,-9.3877392],[-40.5362666,-9.3857767],[-40.5375317,-9.3863236],[-40.5385646,-9.3863891]]]},"id":"relation/16935514"},{"type":"Feature","properties":{"@id":"relation/16935541","admin_level":10,"boundary":"administrative","name":"Alto da Boa Vista","place":"suburb","source":"mapa pref.","type":"boundary"},"geometry":{"type":"Polygon","coordinates":[[[-40.5468125,-9.3805781],[-40.5479392,-9.3836708],[-40.5427332,-9.3854406],[-40.5418764,-9.3832389],[-40.5464282,-9.3818814],[-40.5465586,-9.3806139],[-40.5468125,-9.3805781]]]},"id":"relation/16935541"},{"type":"Feature","properties":{"@id":"relation/16935553","admin_level":10,"boundary":"administrative","name":"Cohab Massangano","place":"suburb","source":"mapa pref.","type":"boundary"},"geometry":{"type":"Polygon","coordinates":[[[-40.5418759,-9.3832393],[-40.5427327,-9.385441],[-40.5428544,-9.385984],[-40.5429444,-9.3865635],[-40.538565,-9.3863887],[-40.5375319,-9.3863229],[-40.5362666,-9.3857759],[-40.5342223,-9.3809695],[-40.5333047,-9.3813498],[-40.5334733,-9.381772],[-40.5324942,-9.3821861],[-40.5316786,-9.3828371],[-40.531875,-9.3830021],[-40.5319279,-9.3832186],[-40.5309382,-9.3836258],[-40.5305891,-9.3840414],[-40.5321172,-9.387555],[-40.531689,-9.3877382],[-40.5294408,-9.3883326],[-40.5293018,-9.3928061],[-40.5266744,-9.3927054],[-40.5262268,-9.3925737],[-40.5244934,-9.3917071],[-40.5249009,-9.3911554],[-40.5252693,-9.3903034],[-40.525724,-9.3884105],[-40.5257531,-9.3882895],[-40.5257827,-9.3881664],[-40.5258172,-9.3880226],[-40.5258561,-9.3878608],[-40.5259583,-9.3874354],[-40.5260809,-9.387035],[-40.5300373,-9.3831563],[-40.535805,-9.3776927],[-40.5378426,-9.3755526],[-40.5386971,-9.3766227],[-40.5387464,-9.377255],[-40.5401972,-9.3794069],[-40.5406406,-9.3801146],[-40.5418759,-9.3832393]]]},"id":"relation/16935553"},{"type":"Feature","properties":{"@id":"relation/16935588","admin_level":10,"boundary":"administrative","name":"Cohab 4","place":"suburb","source":"mapa pref.","type":"boundary"},"geometry":{"type":"Polygon","coordinates":[[[-40.5355721,-9.3841446],[-40.5313851,-9.3858698],[-40.5305898,-9.3840416],[-40.5309388,-9.3836263],[-40.5319286,-9.383219],[-40.5318755,-9.3830019],[-40.5316797,-9.382837],[-40.5324945,-9.3821866],[-40.533474,-9.3817722],[-40.5333054,-9.3813501],[-40.534222,-9.3809703],[-40.5355721,-9.3841446]]]},"id":"relation/16935588"},{"type":"Feature","properties":{"@id":"relation/16935604","admin_level":10,"boundary":"administrative","name":"Cohab 5","place":"suburb","source":"mapa pref","type":"boundary"},"geometry":{"type":"Polygon","coordinates":[[[-40.5362661,-9.3857761],[-40.5321177,-9.3875546],[-40.5313852,-9.3858704],[-40.5355722,-9.3841452],[-40.5362661,-9.3857761]]]},"id":"relation/16935604"},{"type":"Feature","properties":{"@id":"relation/16939975","admin_level":10,"boundary":"administrative","name":"Vila Chocolate","place":"suburb","source":"mapa pref","type":"boundary"},"geometry":{"type":"Polygon","coordinates":[[[-40.552767,-9.3704036],[-40.5531494,-9.3758617],[-40.5528763,-9.3759425],[-40.5529036,-9.3770611],[-40.5529582,-9.3776921],[-40.5522021,-9.3777433],[-40.5497454,-9.3779394],[-40.5493302,-9.3705905],[-40.552767,-9.3704036]]]},"id":"relation/16939975"},{"type":"Feature","properties":{"@id":"relation/16940048","admin_level":10,"boundary":"administrative","name":"Portal da Cidade","place":"suburb","source":"mapa pref.","type":"boundary"},"geometry":{"type":"Polygon","coordinates":[[[-40.5493296,-9.3705905],[-40.5497447,-9.3779395],[-40.5499037,-9.3805071],[-40.5468129,-9.3805774],[-40.5463569,-9.3798937],[-40.5457173,-9.3791021],[-40.5450126,-9.3778186],[-40.5445952,-9.3769361],[-40.543137,-9.3762355],[-40.5409959,-9.376289],[-40.5400093,-9.3764281],[-40.5390523,-9.3767427],[-40.5387193,-9.3768995],[-40.5386976,-9.3766224],[-40.5380264,-9.3757819],[-40.5378429,-9.3755521],[-40.5391581,-9.3738102],[-40.5393452,-9.3739262],[-40.5396197,-9.3739417],[-40.5403493,-9.3734154],[-40.5414555,-9.3723472],[-40.5422008,-9.3717434],[-40.5432756,-9.3712171],[-40.5442876,-9.3709075],[-40.5493296,-9.3705905]]]},"id":"relation/16940048"},{"type":"Feature","properties":{"@id":"relation/16940103","admin_level":10,"boundary":"administrative","name":"Jardim Imperial","place":"suburb","source":"mapa pref.","type":"boundary"},"geometry":{"type":"Polygon","coordinates":[[[-40.5418764,-9.3832381],[-40.5406416,-9.3801152],[-40.5401984,-9.3794078],[-40.538747,-9.3772545],[-40.5387193,-9.3769002],[-40.5390522,-9.3767434],[-40.5400099,-9.3764287],[-40.5409958,-9.3762896],[-40.5431368,-9.3762361],[-40.5445948,-9.3769366],[-40.5450122,-9.3778191],[-40.5457168,-9.3791024],[-40.5463564,-9.3798941],[-40.5468122,-9.3805774],[-40.5465582,-9.3806136],[-40.5464277,-9.3818809],[-40.5418764,-9.3832381]]]},"id":"relation/16940103"},{"type":"Feature","properties":{"@id":"relation/16941204","admin_level":10,"boundary":"administrative","name":"Cosme e Damião","place":"suburb","source":"mapa pref","type":"boundary"},"geometry":{"type":"Polygon","coordinates":[[[-40.5477137,-9.3584608],[-40.5480071,-9.3586667],[-40.5492527,-9.3616265],[-40.5500809,-9.3617101],[-40.5504953,-9.3631934],[-40.5513225,-9.3629802],[-40.5527668,-9.3704031],[-40.5493298,-9.37059],[-40.5459964,-9.3707993],[-40.5459799,-9.3700159],[-40.5453208,-9.368146],[-40.5439349,-9.3666198],[-40.5433715,-9.365852],[-40.5434472,-9.3657231],[-40.5438242,-9.3650814],[-40.5442265,-9.3643966],[-40.5444995,-9.3639319],[-40.5445055,-9.3639218],[-40.544508,-9.3639174],[-40.5445766,-9.3638007],[-40.5469156,-9.3598193],[-40.5473915,-9.3590082],[-40.5474653,-9.3588826],[-40.5477137,-9.3584608]]]},"id":"relation/16941204"},{"type":"Feature","properties":{"@id":"relation/16941209","admin_level":10,"boundary":"administrative","name":"Ipsep II","place":"suburb","source":"mapa pref","type":"boundary"},"geometry":{"type":"Polygon","coordinates":[[[-40.5433711,-9.3658524],[-40.5439344,-9.36662],[-40.5453202,-9.3681463],[-40.5459793,-9.3700162],[-40.5459959,-9.3707995],[-40.5442871,-9.3709069],[-40.5432752,-9.3712166],[-40.5422,-9.3717433],[-40.5414558,-9.3723462],[-40.5403492,-9.3734148],[-40.5396195,-9.3739411],[-40.5393454,-9.3739255],[-40.539158,-9.3738095],[-40.5387273,-9.3734688],[-40.5394729,-9.3724707],[-40.5404675,-9.3707829],[-40.5406269,-9.3705123],[-40.5409716,-9.3699271],[-40.5412475,-9.3694584],[-40.5416814,-9.3686437],[-40.541992,-9.3680685],[-40.5420219,-9.368013],[-40.5421021,-9.3678872],[-40.5422098,-9.3677056],[-40.5422623,-9.3676171],[-40.5423299,-9.367504],[-40.5424116,-9.3673677],[-40.5430092,-9.366467],[-40.5431116,-9.3662931],[-40.5433711,-9.3658524]]]},"id":"relation/16941209"},{"type":"Feature","properties":{"@id":"relation/16946607","admin_level":10,"boundary":"administrative","name":"Jardim São Paulo","place":"suburb","source":"mapa pref.","type":"boundary"},"geometry":{"type":"Polygon","coordinates":[[[-40.5303704,-9.3656171],[-40.5331398,-9.3683261],[-40.5339041,-9.3683582],[-40.5339722,-9.3672394],[-40.537934,-9.3674793],[-40.5379262,-9.3680134],[-40.5384753,-9.3686868],[-40.5396983,-9.3704536],[-40.5402809,-9.3710986],[-40.5402781,-9.3711034],[-40.5401746,-9.3712791],[-40.5400872,-9.3714275],[-40.5399174,-9.3717158],[-40.5398168,-9.3718867],[-40.5397354,-9.3720249],[-40.5396216,-9.372218],[-40.5394729,-9.3724707],[-40.5394643,-9.3724852],[-40.5394035,-9.3725663],[-40.5390603,-9.3730239],[-40.5387266,-9.3734689],[-40.5391576,-9.37381],[-40.5380572,-9.3752674],[-40.5377214,-9.3749429],[-40.5348048,-9.3721308],[-40.5298814,-9.3673669],[-40.5303704,-9.3656171]]]},"id":"relation/16946607"},{"type":"Feature","properties":{"@id":"relation/16946610","admin_level":10,"boundary":"administrative","name":"Residencial Cacheado","place":"suburb","source":"mapa pref.","type":"boundary"},"geometry":{"type":"Polygon","coordinates":[[[-40.5339716,-9.3672392],[-40.5339035,-9.3683574],[-40.5331401,-9.3683256],[-40.5303706,-9.3656166],[-40.5303975,-9.3655274],[-40.5331455,-9.3654495],[-40.5339657,-9.3656971],[-40.5340407,-9.3658375],[-40.5339716,-9.3672392]]]},"id":"relation/16946610"},{"type":"Feature","properties":{"@id":"relation/16946668","admin_level":10,"boundary":"administrative","name":"Quati I","place":"suburb","source":"mapa pref.","type":"boundary"},"geometry":{"type":"Polygon","coordinates":[[[-40.5438484,-9.3650387],[-40.5433709,-9.3658517],[-40.5402911,-9.3710815],[-40.5402814,-9.3710979],[-40.5396987,-9.3704532],[-40.5384757,-9.3686864],[-40.5379268,-9.3680133],[-40.5379347,-9.3674791],[-40.5389813,-9.3639707],[-40.5391261,-9.3639187],[-40.5392572,-9.363405],[-40.5401224,-9.3633459],[-40.5403696,-9.3625846],[-40.5409764,-9.3629653],[-40.5425342,-9.3640899],[-40.5438484,-9.3650387]]]},"id":"relation/16946668"},{"type":"Feature","properties":{"@id":"relation/16946670","admin_level":10,"boundary":"administrative","name":"Quati II","place":"suburb","source":"mapa pref","type":"boundary"},"geometry":{"type":"Polygon","coordinates":[[[-40.5340414,-9.3658378],[-40.5340005,-9.3657612],[-40.5349049,-9.3654083],[-40.5349971,-9.3650392],[-40.5347098,-9.364237],[-40.5366747,-9.3642485],[-40.536799,-9.3634646],[-40.5389807,-9.3639704],[-40.5379342,-9.3674785],[-40.5339723,-9.3672389],[-40.5340414,-9.3658378]]]},"id":"relation/16946670"},{"type":"Feature","properties":{"@id":"relation/16946673","admin_level":10,"boundary":"administrative","name":"Cacheado","place":"suburb","source":"mapa pref.","type":"boundary"},"geometry":{"type":"Polygon","coordinates":[[[-40.5328925,-9.3654561],[-40.5332831,-9.3640528],[-40.534018,-9.3642443],[-40.5347091,-9.364237],[-40.5349964,-9.3650393],[-40.5349045,-9.3654077],[-40.5340003,-9.3657606],[-40.5339659,-9.3656966],[-40.5331458,-9.3654488],[-40.5328925,-9.3654561]]]},"id":"relation/16946673"},{"type":"Feature","properties":{"@id":"relation/16947161","admin_level":10,"boundary":"administrative","name":"Loteamento Bela Vista","place":"suburb","source":"mapa pref.","type":"boundary"},"geometry":{"type":"Polygon","coordinates":[[[-40.54037,-9.3625838],[-40.5406658,-9.3618304],[-40.5408779,-9.3612901],[-40.5416045,-9.3608023],[-40.5416831,-9.3604882],[-40.542215,-9.360636],[-40.5453843,-9.3624248],[-40.544958,-9.3631541],[-40.5447399,-9.3635225],[-40.5446702,-9.3636413],[-40.5445055,-9.3639218],[-40.5444995,-9.3639319],[-40.5438488,-9.3650382],[-40.5409772,-9.3629651],[-40.54037,-9.3625838]]]},"id":"relation/16947161"},{"type":"Feature","properties":{"@id":"relation/16947168","admin_level":10,"boundary":"administrative","name":"Loteamento Jardim São Paulo","place":"suburb","source":"mapa pref.","type":"boundary"},"geometry":{"type":"Polygon","coordinates":[[[-40.5303977,-9.3655266],[-40.5307256,-9.3645795],[-40.5319803,-9.3636241],[-40.5320332,-9.363363],[-40.5336615,-9.3621681],[-40.5338141,-9.3620053],[-40.5339728,-9.3616919],[-40.5342686,-9.3605953],[-40.5381198,-9.361609],[-40.5370083,-9.3628009],[-40.536775,-9.3633731],[-40.5367987,-9.3634638],[-40.5366741,-9.3642478],[-40.5347094,-9.3642364],[-40.5340179,-9.3642436],[-40.5332827,-9.3640524],[-40.5328919,-9.3654561],[-40.5303977,-9.3655266]]]},"id":"relation/16947168"},{"type":"Feature","properties":{"@id":"relation/16947219","admin_level":10,"boundary":"administrative","name":"João de Deus","place":"suburb","source":"map pref.","type":"boundary"},"geometry":{"type":"Polygon","coordinates":[[[-40.530596,-9.3644881],[-40.5342419,-9.3519474],[-40.5350218,-9.3520568],[-40.5353237,-9.3511475],[-40.5366874,-9.352066],[-40.5380884,-9.3522196],[-40.5385927,-9.3523609],[-40.538556,-9.352599],[-40.5499271,-9.3546419],[-40.5489901,-9.3564258],[-40.5487485,-9.3567573],[-40.5485203,-9.3570685],[-40.5478566,-9.3582465],[-40.5477135,-9.3584601],[-40.5475728,-9.3586996],[-40.5474653,-9.3588826],[-40.5473915,-9.3590082],[-40.5453846,-9.3624242],[-40.542216,-9.3606357],[-40.5416829,-9.3604874],[-40.541604,-9.3608018],[-40.5408775,-9.3612894],[-40.5403693,-9.3625838],[-40.5401219,-9.3633454],[-40.5392568,-9.3634046],[-40.5391256,-9.3639183],[-40.5389811,-9.36397],[-40.5367994,-9.363464],[-40.5367756,-9.3633732],[-40.5370089,-9.3628011],[-40.5381208,-9.3616088],[-40.5342682,-9.3605945],[-40.5339724,-9.3616915],[-40.5338135,-9.3620051],[-40.533661,-9.3621675],[-40.5320327,-9.3633625],[-40.5319798,-9.3636237],[-40.5307252,-9.3645791],[-40.530596,-9.3644881]]]},"id":"relation/16947219"},{"type":"Feature","properties":{"@id":"relation/16947233","admin_level":10,"boundary":"administrative","name":"Loteamento Nossa Senhora de Fátima","place":"suburb","source":"mapa pref.","type":"boundary"},"geometry":{"type":"Polygon","coordinates":[[[-40.5298807,-9.3673664],[-40.5295164,-9.3698742],[-40.5294972,-9.3712949],[-40.5263996,-9.3699157],[-40.5235029,-9.3686071],[-40.5249492,-9.3660359],[-40.5262258,-9.3637403],[-40.5264279,-9.3626336],[-40.5307805,-9.363851],[-40.5305954,-9.3644881],[-40.5307249,-9.3645796],[-40.5303969,-9.3655267],[-40.53037,-9.3656165],[-40.5298807,-9.3673664]]]},"id":"relation/16947233"},{"type":"Feature","properties":{"@id":"relation/16947239","admin_level":10,"boundary":"administrative","name":"Jardim Amazonas","place":"suburb","source":"mapa pref.","type":"boundary"},"geometry":{"type":"Polygon","coordinates":[[[-40.5260805,-9.3870344],[-40.5254531,-9.387647],[-40.524692,-9.3870131],[-40.5238626,-9.3863223],[-40.5244227,-9.3840877],[-40.5250784,-9.3822819],[-40.5284085,-9.3744424],[-40.5289098,-9.3736815],[-40.52949,-9.3726166],[-40.52949,-9.3718776],[-40.5297185,-9.3719699],[-40.5315979,-9.3712025],[-40.5324075,-9.3698087],[-40.5380567,-9.375268],[-40.5378423,-9.375552],[-40.5358042,-9.3776925],[-40.5300368,-9.3831558],[-40.5260805,-9.3870344]]]},"id":"relation/16947239"},{"type":"Feature","properties":{"@id":"relation/16947244","admin_level":10,"boundary":"administrative","name":"Alto do Cocar","place":"suburb","source":"mapa pref.","type":"boundary"},"geometry":{"type":"Polygon","coordinates":[[[-40.5294902,-9.3718766],[-40.5295171,-9.3698748],[-40.5298808,-9.3673671],[-40.5324071,-9.3698083],[-40.5315976,-9.3712018],[-40.5297185,-9.3719693],[-40.5294902,-9.3718766]]]},"id":"relation/16947244"},{"type":"Feature","properties":{"@id":"relation/17002048","admin_level":10,"boundary":"administrative","name":"Nova Vida I e II","place":"suburb","source":"mapa pref.","type":"boundary"},"geometry":{"type":"Polygon","coordinates":[[[-40.5264283,-9.3626328],[-40.5274499,-9.3603114],[-40.5286563,-9.3605366],[-40.5301208,-9.3555691],[-40.5303725,-9.3556285],[-40.5304693,-9.3552826],[-40.5330834,-9.3559302],[-40.5307807,-9.3638504],[-40.5264283,-9.3626328]]]},"id":"relation/17002048"},{"type":"Feature","properties":{"@id":"relation/17005422","admin_level":10,"boundary":"administrative","name":"Vale Dourado","place":"suburb","source":"mapa perf.","type":"boundary"},"geometry":{"type":"Polygon","coordinates":[[[-40.5184237,-9.3526436],[-40.523775,-9.3526224],[-40.5232272,-9.3555372],[-40.522249,-9.3598418],[-40.5177038,-9.355357],[-40.5184237,-9.3526436]]]},"id":"relation/17005422"},{"type":"Feature","properties":{"@id":"relation/17006256","admin_level":10,"boundary":"administrative","name":"Pedra Linda","place":"suburb","source":"mapa pref.","type":"boundary"},"geometry":{"type":"Polygon","coordinates":[[[-40.5184239,-9.352643],[-40.5153026,-9.3526103],[-40.514769,-9.3443648],[-40.5144738,-9.3438943],[-40.5137712,-9.3424821],[-40.5133321,-9.3424234],[-40.5126194,-9.3403292],[-40.5144967,-9.341267],[-40.5186021,-9.3433629],[-40.5183795,-9.3444992],[-40.5180276,-9.3463992],[-40.520087,-9.3467572],[-40.519318,-9.3494148],[-40.5228421,-9.3499674],[-40.5237751,-9.3526217],[-40.5184239,-9.352643]]]},"id":"relation/17006256"},{"type":"Feature","properties":{"@id":"relation/17006266","admin_level":10,"boundary":"administrative","name":"Residencial Novo Tempo","place":"suburb","source":"mapa pref.","type":"boundary"},"geometry":{"type":"Polygon","coordinates":[[[-40.5200874,-9.3467566],[-40.5180283,-9.3463987],[-40.51838,-9.3444991],[-40.5184695,-9.344049],[-40.520683,-9.344463],[-40.5200874,-9.3467566]]]},"id":"relation/17006266"},{"type":"Feature","properties":{"@id":"relation/17009581","admin_level":10,"boundary":"administrative","name":"Jardim Maravilha","place":"suburb","source":"mapa pref.","type":"boundary"},"geometry":{"type":"Polygon","coordinates":[[[-40.5189688,-9.3913467],[-40.5184132,-9.3895039],[-40.5174041,-9.3874488],[-40.5171758,-9.3872108],[-40.5167715,-9.3869856],[-40.5099488,-9.3850559],[-40.5110634,-9.3806994],[-40.5238622,-9.3863228],[-40.524692,-9.3870131],[-40.5249862,-9.3872587],[-40.5250268,-9.3872927],[-40.5250459,-9.3873086],[-40.5250883,-9.3873439],[-40.5254529,-9.3876476],[-40.5254121,-9.3876918],[-40.5241915,-9.3888429],[-40.5241605,-9.3888742],[-40.5240535,-9.3889823],[-40.5238717,-9.3891557],[-40.5232882,-9.3896003],[-40.5230153,-9.3898082],[-40.52211,-9.3902734],[-40.5189688,-9.3913467]]]},"id":"relation/17009581"},{"type":"Feature","properties":{"@id":"relation/17009599","admin_level":10,"boundary":"administrative","name":"KM 2","place":"suburb","source":"mapa pref.","type":"boundary"},"geometry":{"type":"Polygon","coordinates":[[[-40.5110629,-9.3806987],[-40.5099483,-9.3850558],[-40.5072391,-9.3843221],[-40.5071004,-9.3842845],[-40.5070965,-9.3842831],[-40.5058381,-9.3838467],[-40.5055369,-9.3837422],[-40.5039901,-9.3826976],[-40.5036559,-9.3824719],[-40.5025549,-9.3776568],[-40.5056442,-9.3782566],[-40.5110629,-9.3806987]]]},"id":"relation/17009599"},{"type":"Feature","properties":{"@id":"relation/17010048","admin_level":10,"boundary":"administrative","name":"Condomínio Carlos Wilson","place":"suburb","source":"mapa pref.","type":"boundary"},"geometry":{"type":"Polygon","coordinates":[[[-40.5189733,-9.3956869],[-40.5184398,-9.3974903],[-40.5172058,-9.3975454],[-40.5171794,-9.3970649],[-40.5169959,-9.3963259],[-40.5180858,-9.3960118],[-40.5189733,-9.3956869]]]},"id":"relation/17010048"},{"type":"Feature","properties":{"@id":"relation/17010065","admin_level":10,"boundary":"administrative","name":"Condomínio Rio Guara","place":"suburb","source":"mapa pref.","type":"boundary"},"geometry":{"type":"Polygon","coordinates":[[[-40.5129905,-9.3933455],[-40.5132183,-9.393274],[-40.513785,-9.3935753],[-40.5141137,-9.3938178],[-40.514269,-9.394091],[-40.5131225,-9.3942749],[-40.5129905,-9.3933455]]]},"id":"relation/17010065"},{"type":"Feature","properties":{"@id":"relation/17010133","admin_level":10,"boundary":"administrative","name":"Palhinhas","place":"suburb","source":"mapa pref.","type":"boundary"},"geometry":{"type":"Polygon","coordinates":[[[-40.5189693,-9.3913474],[-40.5221103,-9.390274],[-40.5230156,-9.3898088],[-40.5238725,-9.389156],[-40.5241605,-9.3888742],[-40.5243274,-9.388722],[-40.5254121,-9.3876918],[-40.5254535,-9.3876476],[-40.5256365,-9.3874688],[-40.5260799,-9.3870357],[-40.5259576,-9.3874356],[-40.5252687,-9.3903031],[-40.5249003,-9.3911551],[-40.5244924,-9.3917075],[-40.5240357,-9.3923474],[-40.5226835,-9.3935062],[-40.5207989,-9.3947997],[-40.5189732,-9.3956864],[-40.5180859,-9.396011],[-40.5169953,-9.3963254],[-40.5171787,-9.397065],[-40.5172053,-9.3975453],[-40.5163607,-9.3975832],[-40.5163684,-9.3981711],[-40.5147929,-9.3981866],[-40.514856,-9.3968187],[-40.5152487,-9.3967544],[-40.5142697,-9.3940907],[-40.514114,-9.3938171],[-40.5137853,-9.3935748],[-40.5132186,-9.3932735],[-40.5189693,-9.3913474]]]},"id":"relation/17010133"},{"type":"Feature","properties":{"@id":"relation/17010859","admin_level":10,"boundary":"administrative","name":"Parque Bandeirante","place":"suburb","source":"mapa pref.","type":"boundary"},"geometry":{"type":"Polygon","coordinates":[[[-40.5129899,-9.3933458],[-40.5131221,-9.3942755],[-40.5142694,-9.3940915],[-40.5152479,-9.3967539],[-40.5148555,-9.3968182],[-40.5120811,-9.3972538],[-40.5107123,-9.3975021],[-40.5096578,-9.3944207],[-40.5113207,-9.3938843],[-40.5129899,-9.3933458]]]},"id":"relation/17010859"},{"type":"Feature","properties":{"@id":"relation/17010860","admin_level":10,"boundary":"administrative","name":"Atrás da Banca","place":"suburb","source":"maoa pref","type":"boundary"},"geometry":{"type":"Polygon","coordinates":[[[-40.5096573,-9.3944211],[-40.5107121,-9.3975027],[-40.5120812,-9.3972544],[-40.5118538,-9.3992504],[-40.5095674,-9.3994727],[-40.5094927,-9.3990335],[-40.5068014,-9.3994324],[-40.506593,-9.3994633],[-40.5054563,-9.3996318],[-40.5050845,-9.3996898],[-40.5048628,-9.3996383],[-40.5047389,-9.3995932],[-40.5049153,-9.3992555],[-40.5051943,-9.3987213],[-40.50539,-9.3983467],[-40.5060562,-9.3970713],[-40.5067081,-9.3961124],[-40.5071322,-9.3954886],[-40.5077517,-9.3950768],[-40.5091594,-9.3945924],[-40.5096573,-9.3944211]]]},"id":"relation/17010860"},{"type":"Feature","properties":{"@id":"relation/17010874","admin_level":10,"boundary":"administrative","name":"Orla II","place":"suburb","source":"mapa pref.","type":"boundary"},"geometry":{"type":"Polygon","coordinates":[[[-40.5047383,-9.3995939],[-40.504863,-9.399639],[-40.5050848,-9.3996905],[-40.5094921,-9.3990341],[-40.5095669,-9.3994733],[-40.5118538,-9.399251],[-40.5117013,-9.4005922],[-40.5116943,-9.4006534],[-40.5117942,-9.4006803],[-40.5117628,-9.4010193],[-40.5094932,-9.4007896],[-40.5095128,-9.4010855],[-40.5090694,-9.4011241],[-40.5090107,-9.4008346],[-40.5080847,-9.400841],[-40.5068717,-9.4012013],[-40.5068717,-9.4013815],[-40.503722,-9.4025395],[-40.5036134,-9.4019195],[-40.5036238,-9.4015186],[-40.5037325,-9.4011255],[-40.5047383,-9.3995939]]]},"id":"relation/17010874"},{"type":"Feature","properties":{"@id":"relation/17010886","admin_level":10,"boundary":"administrative","name":"Gercino Coelho","place":"suburb","source":"mapa pref.","type":"boundary"},"geometry":{"type":"Polygon","coordinates":[[[-40.5099485,-9.3850563],[-40.5167713,-9.3869861],[-40.5171754,-9.3872114],[-40.5174035,-9.3874492],[-40.5184126,-9.389504],[-40.5189683,-9.391347],[-40.5132177,-9.3932734],[-40.5129899,-9.3933452],[-40.5096569,-9.3944205],[-40.507751,-9.3950764],[-40.5071315,-9.3954885],[-40.5067092,-9.3961099],[-40.5062758,-9.3957905],[-40.5065267,-9.3949887],[-40.5066016,-9.3946118],[-40.5077852,-9.3921618],[-40.5084135,-9.3908642],[-40.5088603,-9.3891739],[-40.5099485,-9.3850563]]]},"id":"relation/17010886"},{"type":"Feature","properties":{"@id":"relation/17010976","admin_level":10,"boundary":"administrative","name":"Vila dos Sargentos","place":"suburb","source":"mapa pref.","type":"boundary"},"geometry":{"type":"Polygon","coordinates":[[[-40.5172978,-9.3834377],[-40.5141503,-9.382055],[-40.5147138,-9.3807638],[-40.5178635,-9.3821728],[-40.5172978,-9.3834377]]]},"id":"relation/17010976"},{"type":"Feature","properties":{"@id":"relation/17010995","admin_level":10,"boundary":"administrative","name":"Pedro Raimundo","place":"suburb","source":"mapa pref.","type":"boundary"},"geometry":{"type":"Polygon","coordinates":[[[-40.5249578,-9.3692651],[-40.5294973,-9.3712955],[-40.5294897,-9.3718768],[-40.5294894,-9.3726162],[-40.5289091,-9.3736814],[-40.5284074,-9.3744431],[-40.5274831,-9.3766194],[-40.5235564,-9.3748292],[-40.5226903,-9.3744655],[-40.5236951,-9.3721316],[-40.5249578,-9.3692651]]]},"id":"relation/17010995"},{"type":"Feature","properties":{"@id":"relation/17011066","admin_level":10,"boundary":"administrative","name":"Vale do Grande Rio","place":"suburb","source":"mapa pref.","type":"boundary"},"geometry":{"type":"Polygon","coordinates":[[[-40.5181511,-9.3746073],[-40.5179046,-9.3744565],[-40.5187587,-9.3721002],[-40.5198764,-9.3707393],[-40.5203758,-9.3697538],[-40.5208515,-9.3677358],[-40.5235023,-9.3686074],[-40.5249573,-9.3692649],[-40.5226895,-9.3744658],[-40.5235557,-9.3748296],[-40.5274828,-9.3766201],[-40.5251901,-9.3820175],[-40.5243252,-9.3803351],[-40.5236584,-9.3799171],[-40.5227797,-9.3792282],[-40.5237133,-9.3770687],[-40.5208341,-9.3758844],[-40.5213362,-9.3748937],[-40.5201202,-9.3743209],[-40.5194691,-9.3755903],[-40.5189435,-9.3749943],[-40.5181511,-9.3746073]]]},"id":"relation/17011066"},{"type":"Feature","properties":{"@id":"relation/17011098","admin_level":10,"boundary":"administrative","name":"Ouro Preto (Parte Alta)","place":"suburb","source":"mapa pref.","type":"boundary"},"geometry":{"type":"Polygon","coordinates":[[[-40.5182747,-9.3838672],[-40.5189716,-9.3824988],[-40.5212545,-9.3780869],[-40.5216075,-9.3773593],[-40.5216467,-9.3768871],[-40.5218834,-9.3763166],[-40.5237126,-9.377069],[-40.5227792,-9.3792283],[-40.5236579,-9.3799176],[-40.5243247,-9.3803355],[-40.5251899,-9.3820181],[-40.524422,-9.3840877],[-40.523862,-9.3863219],[-40.5182747,-9.3838672]]]},"id":"relation/17011098"},{"type":"Feature","properties":{"@id":"relation/17011115","admin_level":10,"boundary":"administrative","name":"Ouro Preto (Parte Baixa)","place":"suburb","source":"mapa pref.","type":"boundary"},"geometry":{"type":"Polygon","coordinates":[[[-40.5127491,-9.381439],[-40.5143617,-9.3779738],[-40.5150511,-9.3766001],[-40.5153476,-9.3764455],[-40.5157818,-9.3759147],[-40.5160272,-9.3757098],[-40.5166029,-9.3744155],[-40.517904,-9.3744567],[-40.5181508,-9.3746077],[-40.518943,-9.3749949],[-40.5194691,-9.3755912],[-40.5201205,-9.3743217],[-40.5213353,-9.374894],[-40.5208335,-9.3758846],[-40.5218827,-9.3763165],[-40.5216461,-9.3768868],[-40.5216069,-9.3773593],[-40.5212539,-9.3780864],[-40.5182742,-9.3838669],[-40.5172983,-9.3834379],[-40.5178642,-9.3821726],[-40.5147135,-9.3807631],[-40.5141496,-9.3820548],[-40.5127491,-9.381439]]]},"id":"relation/17011115"},{"type":"Feature","properties":{"@id":"relation/17011124","admin_level":10,"boundary":"administrative","name":"Condomínio Morada Nova Mais Viver","place":"suburb","source":"mapa pref.","type":"boundary"},"geometry":{"type":"Polygon","coordinates":[[[-40.5216247,-9.3623292],[-40.5211757,-9.3635491],[-40.5209272,-9.3639196],[-40.5186777,-9.3618748],[-40.5197792,-9.3606786],[-40.5216247,-9.3623292]]]},"id":"relation/17011124"},{"type":"Feature","properties":{"@id":"relation/17011128","admin_level":10,"boundary":"administrative","name":"Condomínio Mais Viver Vinhedos","place":"suburb","source":"maoa pref.","type":"boundary"},"geometry":{"type":"Polygon","coordinates":[[[-40.5204606,-9.3634966],[-40.5201828,-9.36376],[-40.5198465,-9.3644081],[-40.5193235,-9.3641194],[-40.5181809,-9.3630688],[-40.5190474,-9.3622116],[-40.5204606,-9.3634966]]]},"id":"relation/17011128"},{"type":"Feature","properties":{"@id":"relation/17011204","admin_level":10,"boundary":"administrative","name":"Condomínio Solares Mais Viver","place":"suburb","source":"mapa pref","type":"boundary"},"geometry":{"type":"Polygon","coordinates":[[[-40.5222488,-9.3598423],[-40.5216252,-9.3623288],[-40.5197794,-9.3606779],[-40.5193931,-9.3603385],[-40.5210015,-9.3586117],[-40.5222488,-9.3598423]]]},"id":"relation/17011204"},{"type":"Feature","properties":{"@id":"relation/17011211","admin_level":10,"boundary":"administrative","name":"Antônio Cassimiro II","place":"suburb","source":"mapa pref.","type":"boundary"},"geometry":{"type":"Polygon","coordinates":[[[-40.5144787,-9.3677889],[-40.5203753,-9.3697534],[-40.5198759,-9.370739],[-40.5187581,-9.3721],[-40.5179041,-9.3744561],[-40.5166026,-9.3744148],[-40.5160268,-9.3757092],[-40.5157811,-9.3759148],[-40.5153472,-9.376445],[-40.5150504,-9.3765999],[-40.5127484,-9.381439],[-40.5110635,-9.3806986],[-40.5144787,-9.3677889]]]},"id":"relation/17011211"},{"type":"Feature","properties":{"@id":"relation/17013244","admin_level":10,"boundary":"administrative","name":"Condomínio Mais Viver Petrolina","place":"suburb","source":"mapa pref","type":"boundary"},"geometry":{"type":"Polygon","coordinates":[[[-40.5161636,-9.3614163],[-40.515622,-9.3634112],[-40.513206,-9.3628091],[-40.5135811,-9.3613642],[-40.513413,-9.3613219],[-40.5135526,-9.3607695],[-40.5161636,-9.3614163]]]},"id":"relation/17013244"},{"type":"Feature","properties":{"@id":"relation/17013282","admin_level":10,"boundary":"administrative","name":"Condomínio Mais Viver Grande Rio","place":"suburb","source":"mapa pref.","type":"boundary"},"geometry":{"type":"Polygon","coordinates":[[[-40.5156219,-9.3634118],[-40.5152699,-9.3647755],[-40.5137163,-9.3643638],[-40.5133999,-9.3655698],[-40.5125588,-9.365349],[-40.5132054,-9.3628096],[-40.5156219,-9.3634118]]]},"id":"relation/17013282"},{"type":"Feature","properties":{"@id":"relation/17013335","admin_level":10,"boundary":"administrative","name":"Condomínio Mais Viver São Francisco","place":"suburb","source":"mapa pref.","type":"boundary"},"geometry":{"type":"Polygon","coordinates":[[[-40.5152698,-9.3647762],[-40.5149485,-9.365967],[-40.5134005,-9.3655701],[-40.5137167,-9.3643645],[-40.5152698,-9.3647762]]]},"id":"relation/17013335"},{"type":"Feature","properties":{"@id":"relation/17013348","admin_level":10,"boundary":"administrative","name":"Condomínio Vila Real","place":"suburb","source":"map pref.","type":"boundary"},"geometry":{"type":"Polygon","coordinates":[[[-40.5149485,-9.3659676],[-40.5147091,-9.3668912],[-40.5131246,-9.3664659],[-40.5131868,-9.3662271],[-40.512805,-9.3661442],[-40.5128371,-9.3660211],[-40.5124899,-9.3659382],[-40.5125431,-9.3657553],[-40.5123429,-9.365698],[-40.5124519,-9.3653213],[-40.5133999,-9.3655704],[-40.5149485,-9.3659676]]]},"id":"relation/17013348"},{"type":"Feature","properties":{"@id":"relation/17013394","admin_level":10,"boundary":"administrative","name":"Condomínio Vila Verde","place":"suburb","source":"mapa pref.","type":"boundary"},"geometry":{"type":"Polygon","coordinates":[[[-40.5131239,-9.3664654],[-40.5123268,-9.3683181],[-40.5118298,-9.3695513],[-40.5113028,-9.3694324],[-40.5113867,-9.3691374],[-40.5114878,-9.3689909],[-40.5114233,-9.3689145],[-40.5115889,-9.368645],[-40.5115287,-9.3686131],[-40.5117223,-9.3679042],[-40.5122386,-9.3658857],[-40.5122644,-9.3658497],[-40.5123053,-9.3658624],[-40.5123427,-9.3656986],[-40.5125424,-9.3657557],[-40.5124893,-9.3659384],[-40.5128364,-9.3660215],[-40.5128045,-9.3661445],[-40.5131861,-9.3662277],[-40.5131239,-9.3664654]]]},"id":"relation/17013394"},{"type":"Feature","properties":{"@id":"relation/17013397","admin_level":10,"boundary":"administrative","name":"Park Mandacaru","place":"suburb","source":"mapa pref.","type":"boundary"},"geometry":{"type":"Polygon","coordinates":[[[-40.5142527,-9.3581191],[-40.5135522,-9.3607691],[-40.5134124,-9.3613222],[-40.5135804,-9.3613646],[-40.5132054,-9.3628089],[-40.5126909,-9.3624734],[-40.5090936,-9.3599696],[-40.5089676,-9.3593004],[-40.5142527,-9.3581191]]]},"id":"relation/17013397"},{"type":"Feature","properties":{"@id":"relation/17013407","admin_level":10,"boundary":"administrative","name":"Mandacaru","place":"suburb","source":"mapa pref.","type":"boundary"},"geometry":{"type":"Polygon","coordinates":[[[-40.5089671,-9.3593004],[-40.5090931,-9.3599698],[-40.5132048,-9.3628092],[-40.5125582,-9.3653486],[-40.5124516,-9.3653207],[-40.5123422,-9.3656981],[-40.5123049,-9.3658617],[-40.5122643,-9.3658489],[-40.5122383,-9.3658851],[-40.5119646,-9.3669548],[-40.5103543,-9.3658297],[-40.5102716,-9.3659503],[-40.5096652,-9.3655466],[-40.5092405,-9.3639729],[-40.5088441,-9.3617007],[-40.5084949,-9.3593902],[-40.5089671,-9.3593004]]]},"id":"relation/17013407"},{"type":"Feature","properties":{"@id":"relation/17013440","admin_level":10,"boundary":"administrative","name":"Antônio Cassimiro","place":"suburb","source":"mapa pref.","type":"boundary"},"geometry":{"type":"Polygon","coordinates":[[[-40.5172089,-9.3574644],[-40.514253,-9.3581185],[-40.5089674,-9.3592998],[-40.5084943,-9.35939],[-40.5088434,-9.3617005],[-40.5092397,-9.3639732],[-40.5096646,-9.3655469],[-40.5102717,-9.3659509],[-40.5103544,-9.3658305],[-40.5119643,-9.3669554],[-40.511528,-9.3686133],[-40.5115881,-9.3686452],[-40.5114227,-9.3689144],[-40.511487,-9.3689909],[-40.5113864,-9.3691364],[-40.5113024,-9.3694328],[-40.5118304,-9.3695519],[-40.5131242,-9.3664664],[-40.5147089,-9.3668917],[-40.5144783,-9.3677883],[-40.511063,-9.380698],[-40.5068925,-9.3788185],[-40.5065748,-9.3730949],[-40.5054551,-9.3718495],[-40.5038248,-9.3701123],[-40.5033748,-9.3697133],[-40.5020771,-9.3691536],[-40.5015619,-9.368819],[-40.500127,-9.367513],[-40.5009672,-9.3668296],[-40.5012056,-9.3656197],[-40.5028293,-9.3642978],[-40.5050578,-9.3624475],[-40.5032971,-9.3603049],[-40.5037308,-9.3598958],[-40.507663,-9.3542833],[-40.5079084,-9.3544044],[-40.5087578,-9.3513406],[-40.5140161,-9.3530553],[-40.5152222,-9.3534766],[-40.5157727,-9.3537464],[-40.5164956,-9.3542157],[-40.5169788,-9.3546444],[-40.5177031,-9.355357],[-40.5175923,-9.3559353],[-40.5172089,-9.3574644]]]},"id":"relation/17013440"},{"type":"Feature","properties":{"@id":"relation/17013443","admin_level":10,"boundary":"administrative","name":"Terras do Sul","place":"suburb","source":"mapa pref","type":"boundary"},"geometry":{"type":"Polygon","coordinates":[[[-40.5087574,-9.3513401],[-40.507908,-9.3544034],[-40.5076629,-9.3542826],[-40.5037303,-9.3598956],[-40.5032964,-9.3603047],[-40.5028532,-9.3606368],[-40.5000752,-9.3573295],[-40.5004078,-9.3570142],[-40.5016142,-9.3553799],[-40.5054453,-9.3502458],[-40.5087574,-9.3513401]]]},"id":"relation/17013443"},{"type":"Feature","properties":{"@id":"relation/17013452","admin_level":10,"boundary":"administrative","name":"São Joaquim","place":"suburb","source":"mapa pref.","type":"boundary"},"geometry":{"type":"Polygon","coordinates":[[[-40.5054449,-9.3502452],[-40.5016137,-9.3553794],[-40.5015975,-9.3554015],[-40.5000032,-9.3542676],[-40.5032098,-9.349516],[-40.5054449,-9.3502452]]]},"id":"relation/17013452"},{"type":"Feature","properties":{"@id":"relation/17013501","admin_level":10,"boundary":"administrative","name":"Parque Petrolina","place":"suburb","source":"mapa pref.","type":"boundary"},"geometry":{"type":"Polygon","coordinates":[[[-40.492251,-9.3460995],[-40.4899295,-9.3455783],[-40.4885339,-9.3453403],[-40.4907251,-9.3429659],[-40.4923488,-9.3412028],[-40.4944682,-9.3393496],[-40.4952181,-9.3380691],[-40.4963006,-9.3396778],[-40.492251,-9.3460995]]]},"id":"relation/17013501"},{"type":"Feature","properties":{"@id":"relation/17013562","admin_level":10,"boundary":"administrative","name":"Dom Avelar","place":"suburb","source":"mapa pref.","type":"boundary"},"geometry":{"type":"Polygon","coordinates":[[[-40.5032093,-9.3495153],[-40.5000025,-9.3542679],[-40.5015971,-9.355402],[-40.5004075,-9.3570136],[-40.5000748,-9.3573293],[-40.4959028,-9.3607885],[-40.4956058,-9.3604602],[-40.4828669,-9.3537294],[-40.4752883,-9.3498462],[-40.4735433,-9.3464803],[-40.475905,-9.3453264],[-40.4780276,-9.3447399],[-40.4802455,-9.3446188],[-40.4847036,-9.3447951],[-40.4855356,-9.3449129],[-40.4885334,-9.3453409],[-40.4899293,-9.3455788],[-40.4922508,-9.3461001],[-40.494981,-9.3468231],[-40.5032093,-9.3495153]]]},"id":"relation/17013562"},{"type":"Feature","properties":{"@id":"relation/17013567","admin_level":10,"boundary":"administrative","name":"São Jorge","place":"suburb","source":"mapa pref.","type":"boundary"},"geometry":{"type":"Polygon","coordinates":[[[-40.5016076,-9.3591551],[-40.497392,-9.3625891],[-40.4959031,-9.3607889],[-40.5000749,-9.35733],[-40.5016076,-9.3591551]]]},"id":"relation/17013567"},{"type":"Feature","properties":{"@id":"relation/17013596","admin_level":10,"boundary":"administrative","name":"Santa Luzia","place":"suburb","source":"maoa pref.","type":"boundary"},"geometry":{"type":"Polygon","coordinates":[[[-40.5009667,-9.3668291],[-40.4993977,-9.3650422],[-40.4973922,-9.3625896],[-40.5016081,-9.3591554],[-40.5028534,-9.3606374],[-40.5032967,-9.3603053],[-40.505057,-9.3624474],[-40.5012053,-9.3656191],[-40.5009667,-9.3668291]]]},"id":"relation/17013596"},{"type":"Feature","properties":{"@id":"relation/17018723","admin_level":10,"boundary":"administrative","name":"Vila Eulália","place":"suburb","source":"mapa pref.","type":"boundary"},"geometry":{"type":"Polygon","coordinates":[[[-40.5025547,-9.3776563],[-40.4971147,-9.3766948],[-40.4985387,-9.3687038],[-40.5001263,-9.3675131],[-40.5015617,-9.3688197],[-40.5020765,-9.3691541],[-40.5033746,-9.3697138],[-40.5038248,-9.370113],[-40.5065742,-9.3730953],[-40.506892,-9.3788183],[-40.5056449,-9.3782563],[-40.5025547,-9.3776563]]]},"id":"relation/17018723"},{"type":"Feature","properties":{"@id":"relation/17018725","admin_level":10,"boundary":"administrative","name":"José e Maria","place":"suburb","source":"mapa pref.","type":"boundary"},"geometry":{"type":"Polygon","coordinates":[[[-40.497114,-9.3766946],[-40.4910665,-9.3756613],[-40.4897426,-9.3750826],[-40.488709,-9.3744499],[-40.4881144,-9.3739277],[-40.4871928,-9.3727235],[-40.4862495,-9.3709972],[-40.4890773,-9.3694911],[-40.4973916,-9.3625897],[-40.4993971,-9.3650424],[-40.5009663,-9.3668296],[-40.5001263,-9.3675125],[-40.4985384,-9.3687033],[-40.497114,-9.3766946]]]},"id":"relation/17018725"},{"type":"Feature","properties":{"@id":"relation/17018728","admin_level":10,"boundary":"administrative","name":"Padre Cícero","place":"suburb","source":"mapa pref.","type":"boundary"},"geometry":{"type":"Polygon","coordinates":[[[-40.4882981,-9.3677301],[-40.4864119,-9.3643872],[-40.4868695,-9.3640949],[-40.4833412,-9.3580359],[-40.4803041,-9.3595258],[-40.475288,-9.3498468],[-40.4956057,-9.3604608],[-40.4959023,-9.3607889],[-40.4973912,-9.3625892],[-40.4891248,-9.3694504],[-40.4882981,-9.3677301]]]},"id":"relation/17018728"},{"type":"Feature","properties":{"@id":"relation/17018729","admin_level":10,"boundary":"administrative","name":"Cidade Jardim","place":"suburb","source":"mapa pref.","type":"boundary"},"geometry":{"type":"Polygon","coordinates":[[[-40.5036554,-9.3824722],[-40.501154,-9.3837928],[-40.5004441,-9.3772839],[-40.5025547,-9.3776563],[-40.5036554,-9.3824722]]]},"id":"relation/17018729"},{"type":"Feature","properties":{"@id":"relation/17018739","admin_level":10,"boundary":"administrative","name":"Caminho do Sol","place":"suburb","source":"mapa pref.","type":"boundary"},"geometry":{"type":"Polygon","coordinates":[[[-40.5011536,-9.3837931],[-40.498575,-9.3851786],[-40.4959599,-9.3766876],[-40.4960202,-9.3765083],[-40.4971142,-9.3766951],[-40.5004436,-9.3772837],[-40.5011536,-9.3837931]]]},"id":"relation/17018739"},{"type":"Feature","properties":{"@id":"relation/17018741","admin_level":10,"boundary":"administrative","name":"Dom Malan","place":"suburb","source":"mapa pref.","type":"boundary"},"geometry":{"type":"Polygon","coordinates":[[[-40.4985745,-9.3851792],[-40.4966856,-9.3861903],[-40.4966786,-9.3861931],[-40.494304,-9.3871266],[-40.4941553,-9.3840236],[-40.4963947,-9.3839214],[-40.4961022,-9.3777127],[-40.4959592,-9.3766875],[-40.4985745,-9.3851792]]]},"id":"relation/17018741"},{"type":"Feature","properties":{"@id":"relation/17046331","admin_level":10,"boundary":"administrative","name":"Cohab 3","place":"suburb","source":"mapa pref.","type":"boundary"},"geometry":{"type":"Polygon","coordinates":[[[-40.4960196,-9.3765083],[-40.4959595,-9.3766867],[-40.4959587,-9.3766876],[-40.4961017,-9.377713],[-40.4961405,-9.3785409],[-40.488578,-9.3788224],[-40.4882356,-9.3748836],[-40.4887086,-9.3744505],[-40.4897423,-9.375083],[-40.4910661,-9.3756618],[-40.4960196,-9.3765083]]]},"id":"relation/17046331"},{"type":"Feature","properties":{"@id":"relation/17046383","admin_level":10,"boundary":"administrative","name":"Areia Branca","place":"suburb","source":"mapa pref.","type":"boundary"},"geometry":{"type":"Polygon","coordinates":[[[-40.4885783,-9.3788229],[-40.4961405,-9.3785416],[-40.4963941,-9.3839207],[-40.4941547,-9.3840232],[-40.4943036,-9.387127],[-40.4908575,-9.3884573],[-40.4890688,-9.389448],[-40.4885783,-9.3788229]]]},"id":"relation/17046383"},{"type":"Feature","properties":{"@id":"relation/17046780","admin_level":10,"boundary":"administrative","name":"Nova York","place":"suburb","source":"mapa pref.","type":"boundary"},"geometry":{"type":"Polygon","coordinates":[[[-40.488235,-9.3748833],[-40.4885775,-9.3788229],[-40.4886638,-9.3806857],[-40.4870159,-9.3808193],[-40.4856628,-9.3802356],[-40.4874423,-9.3765209],[-40.4876592,-9.3756759],[-40.4877025,-9.3749111],[-40.488235,-9.3748833]]]},"id":"relation/17046780"},{"type":"Feature","properties":{"@id":"relation/17046782","admin_level":10,"boundary":"administrative","name":"Vila eduardo","place":"suburb","source":"mapa pref.","type":"boundary"},"geometry":{"type":"Polygon","coordinates":[[[-40.4856624,-9.3802361],[-40.4870158,-9.38082],[-40.4886638,-9.3806862],[-40.4890682,-9.3894484],[-40.4885932,-9.3897203],[-40.485705,-9.3919897],[-40.4839553,-9.3934241],[-40.4807539,-9.391169],[-40.4811191,-9.389863],[-40.4856624,-9.3802361]]]},"id":"relation/17046782"},{"type":"Feature","properties":{"@id":"relation/17047221","admin_level":10,"boundary":"administrative","name":"Condomínio San Rafael","place":"suburb","source":"mapa pref.","type":"boundary"},"geometry":{"type":"Polygon","coordinates":[[[-40.5043898,-9.3865463],[-40.5036764,-9.3858496],[-40.5044236,-9.3851093],[-40.5046488,-9.3853508],[-40.5051553,-9.3858465],[-40.5043898,-9.3865463]]]},"id":"relation/17047221"},{"type":"Feature","properties":{"@id":"relation/17047234","admin_level":10,"boundary":"administrative","name":"Condomínio San Diego","place":"suburb","source":"mapa pref","type":"boundary"},"geometry":{"type":"Polygon","coordinates":[[[-40.5044251,-9.3851086],[-40.5036762,-9.3858323],[-40.502941,-9.3850916],[-40.5036801,-9.3843815],[-40.503923,-9.384609],[-40.5044251,-9.3851086]]]},"id":"relation/17047234"},{"type":"Feature","properties":{"@id":"relation/17047265","admin_level":10,"boundary":"administrative","name":"Condomínio Paulo Coelho","place":"suburb","source":"mapa pref.","type":"boundary"},"geometry":{"type":"Polygon","coordinates":[[[-40.5051375,-9.3858526],[-40.5044983,-9.3851835],[-40.5053909,-9.3843294],[-40.5060208,-9.3849788],[-40.5051375,-9.3858526]]]},"id":"relation/17047265"},{"type":"Feature","properties":{"@id":"relation/17047270","admin_level":10,"boundary":"administrative","name":"Condomínio Residencial Vila Mariana","place":"suburb","source":"mapa pref.","type":"boundary"},"geometry":{"type":"Polygon","coordinates":[[[-40.5053909,-9.3843294],[-40.5044983,-9.3851835],[-40.5044238,-9.3851085],[-40.503923,-9.384609],[-40.5048099,-9.3837501],[-40.5052381,-9.3841774],[-40.5053909,-9.3843294]]]},"id":"relation/17047270"},{"type":"Feature","properties":{"@id":"relation/17047282","admin_level":10,"boundary":"administrative","name":"Condomínio Residencial Califórnia","place":"suburb","source":"mapa pref.","type":"boundary"},"geometry":{"type":"Polygon","coordinates":[[[-40.5048099,-9.3837501],[-40.503923,-9.384609],[-40.5036801,-9.3843815],[-40.5045646,-9.3835019],[-40.5048099,-9.3837501]]]},"id":"relation/17047282"},{"type":"Feature","properties":{"@id":"relation/17047766","admin_level":10,"boundary":"administrative","name":"Vila Mocó","place":"suburb","source":"mapa pref","type":"boundary"},"geometry":{"type":"Polygon","coordinates":[[[-40.5045646,-9.3835019],[-40.5044531,-9.3830109],[-40.5055367,-9.3837427],[-40.5071,-9.384285],[-40.5099478,-9.3850564],[-40.5088603,-9.3891739],[-40.5070415,-9.3888432],[-40.5041601,-9.3892083],[-40.5039323,-9.3874363],[-40.5040436,-9.3874133],[-40.5039526,-9.387026],[-40.5017841,-9.3892539],[-40.5013949,-9.388701],[-40.5011396,-9.3881296],[-40.5010462,-9.3879607],[-40.5005169,-9.387457],[-40.5003706,-9.387371],[-40.5002176,-9.3873208],[-40.4993305,-9.3872091],[-40.4999817,-9.3864176],[-40.503057,-9.3834106],[-40.5027954,-9.3829268],[-40.5036557,-9.3824726],[-40.5044525,-9.3830107],[-40.5045638,-9.3835021],[-40.5036801,-9.3843815],[-40.5029413,-9.3850916],[-40.5036757,-9.3858498],[-40.5043896,-9.386547],[-40.5051562,-9.3858464],[-40.5060208,-9.3849788],[-40.5053917,-9.3843296],[-40.5052381,-9.3841774],[-40.5049517,-9.3838935],[-40.5048099,-9.3837501],[-40.5045646,-9.3835019]]]},"id":"relation/17047766"},{"type":"Feature","properties":{"@id":"relation/17047784","admin_level":10,"boundary":"administrative","name":"Maria Auxiliadora","place":"suburb","source":"mapa pref.","type":"boundary"},"geometry":{"type":"Polygon","coordinates":[[[-40.4993298,-9.3872089],[-40.4978389,-9.3867726],[-40.4932367,-9.3902274],[-40.4905915,-9.3922276],[-40.4904072,-9.3941261],[-40.4897838,-9.3943347],[-40.4893285,-9.392987],[-40.4892313,-9.3924448],[-40.4890687,-9.3894488],[-40.4903231,-9.3887524],[-40.4908575,-9.3884581],[-40.4943043,-9.3871273],[-40.4966856,-9.3861903],[-40.4985752,-9.3851792],[-40.5011542,-9.3837935],[-40.5027949,-9.3829273],[-40.5030561,-9.3834105],[-40.4999816,-9.3864168],[-40.4993298,-9.3872089]]]},"id":"relation/17047784"},{"type":"Feature","properties":{"@id":"relation/17047839","admin_level":10,"boundary":"administrative","name":"River Shopping","place":"suburb","source":"mapa pref.","type":"boundary"},"geometry":{"type":"Polygon","coordinates":[[[-40.4910572,-9.3934944],[-40.4908621,-9.3932109],[-40.4924882,-9.3920879],[-40.494689,-9.3953127],[-40.493632,-9.3957565],[-40.4928785,-9.3962165],[-40.4910572,-9.3934944]]]},"id":"relation/17047839"},{"type":"Feature","properties":{"@id":"relation/17051831","admin_level":10,"boundary":"administrative","name":"Centro","place":"suburb","source":"mapa pref.","type":"boundary"},"geometry":{"type":"Polygon","coordinates":[[[-40.4908616,-9.3932105],[-40.4905047,-9.3931277],[-40.490592,-9.3922279],[-40.4978391,-9.3867735],[-40.4993299,-9.3872095],[-40.5002177,-9.3873214],[-40.5003702,-9.3873716],[-40.5005165,-9.3874576],[-40.5010455,-9.3879611],[-40.501139,-9.3881298],[-40.5013944,-9.3887015],[-40.5017837,-9.3892544],[-40.5039523,-9.3870271],[-40.5040429,-9.3874129],[-40.5039318,-9.3874358],[-40.5041597,-9.389209],[-40.5070414,-9.3888438],[-40.5088596,-9.3891744],[-40.508413,-9.3908637],[-40.5069131,-9.3939662],[-40.506601,-9.3946118],[-40.5065261,-9.3949887],[-40.5062751,-9.3957907],[-40.5067087,-9.3961103],[-40.5060557,-9.3970708],[-40.5047383,-9.3995933],[-40.5044723,-9.3999982],[-40.504126,-9.4005254],[-40.5037318,-9.4011255],[-40.5036232,-9.4015186],[-40.5036128,-9.4019197],[-40.5028404,-9.4018664],[-40.501257,-9.401757],[-40.500021,-9.4019011],[-40.498167,-9.4020896],[-40.4955746,-9.4024511],[-40.495545,-9.4022731],[-40.4936417,-9.4024123],[-40.4923341,-9.4001916],[-40.4933397,-9.4000872],[-40.4916502,-9.3976063],[-40.4897839,-9.3943353],[-40.4904078,-9.3941266],[-40.4905047,-9.3931284],[-40.4908615,-9.3932113],[-40.4928783,-9.3962171],[-40.4936323,-9.3957571],[-40.4946899,-9.3953127],[-40.4924883,-9.3920872],[-40.4908616,-9.3932105]]]},"id":"relation/17051831"},{"type":"Feature","properties":{"@id":"relation/17051880","admin_level":10,"boundary":"administrative","name":"Orla I","place":"suburb","source":"mapa pref.","type":"boundary"},"geometry":{"type":"Polygon","coordinates":[[[-40.4936419,-9.4024129],[-40.4955445,-9.4022738],[-40.4955744,-9.4024517],[-40.4981672,-9.4020902],[-40.5000217,-9.4019015],[-40.5012567,-9.4017576],[-40.5028404,-9.4018664],[-40.5036128,-9.4019203],[-40.5037055,-9.4024484],[-40.5037216,-9.4025401],[-40.5037246,-9.4025534],[-40.5038219,-9.4029806],[-40.5010386,-9.4037669],[-40.4960276,-9.4049081],[-40.4957994,-9.4034862],[-40.495069,-9.4034283],[-40.493916,-9.4031256],[-40.4936419,-9.4024129]]]},"id":"relation/17051880"},{"type":"Feature","properties":{"@id":"relation/17052081","admin_level":10,"boundary":"administrative","name":"Loteamento Nossa Senhora Rainha dos Anjos","place":"suburb","source":"mapa pref.","type":"boundary"},"geometry":{"type":"Polygon","coordinates":[[[-40.4923333,-9.4001918],[-40.4936413,-9.4024128],[-40.4939155,-9.4031258],[-40.4909656,-9.4023207],[-40.4906078,-9.4002725],[-40.4923333,-9.4001918]]]},"id":"relation/17052081"},{"type":"Feature","properties":{"@id":"relation/17052105","admin_level":10,"boundary":"administrative","name":"Condomínio Granville","place":"suburb","source":"mapa pref.","type":"boundary"},"geometry":{"type":"Polygon","coordinates":[[[-40.4939159,-9.4031263],[-40.4942431,-9.4046127],[-40.4914855,-9.4053284],[-40.4909655,-9.4023215],[-40.4939159,-9.4031263]]]},"id":"relation/17052105"},{"type":"Feature","properties":{"@id":"relation/17052476","admin_level":10,"boundary":"administrative","name":"Vila Dos Ingás I","place":"suburb","source":"mapa pref.","type":"boundary"},"geometry":{"type":"Polygon","coordinates":[[[-40.4855927,-9.3988845],[-40.4850436,-9.4007891],[-40.4833256,-9.4002956],[-40.4828312,-9.4000591],[-40.4820184,-9.3994531],[-40.4813808,-9.3985744],[-40.4809561,-9.3975874],[-40.4808617,-9.3967308],[-40.4832306,-9.3966842],[-40.4835893,-9.3975594],[-40.4842216,-9.3982578],[-40.4850144,-9.398742],[-40.4855927,-9.3988845]]]},"id":"relation/17052476"},{"type":"Feature","properties":{"@id":"relation/17052518","admin_level":10,"boundary":"administrative","name":"Condomínio Iate Club","place":"suburb","source":"mapa pref.","type":"boundary"},"geometry":{"type":"Polygon","coordinates":[[[-40.4850438,-9.4007898],[-40.484938,-9.4011699],[-40.4859143,-9.4075331],[-40.4840362,-9.4079521],[-40.4829256,-9.400105],[-40.4833253,-9.4002962],[-40.4850438,-9.4007898]]]},"id":"relation/17052518"},{"type":"Feature","properties":{"@id":"relation/17052527","admin_level":10,"boundary":"administrative","name":"Condomínio Água Viva","place":"suburb","source":"mapa pref.","type":"boundary"},"geometry":{"type":"Polygon","coordinates":[[[-40.4816996,-9.4001281],[-40.4831755,-9.407051],[-40.4825104,-9.407199],[-40.4810692,-9.4002508],[-40.4816996,-9.4001281]]]},"id":"relation/17052527"},{"type":"Feature","properties":{"@id":"relation/17052567","admin_level":10,"boundary":"administrative","name":"Condomínio Portal das Águas","place":"suburb","source":"mapa pref.","type":"boundary"},"geometry":{"type":"Polygon","coordinates":[[[-40.4789045,-9.4006199],[-40.4778609,-9.4057843],[-40.4775771,-9.4090782],[-40.474351,-9.4082558],[-40.4724044,-9.4074601],[-40.4762215,-9.4005572],[-40.4769204,-9.4007851],[-40.4778961,-9.4008333],[-40.4789045,-9.4006199]]]},"id":"relation/17052567"},{"type":"Feature","properties":{"@id":"relation/17052572","admin_level":10,"boundary":"administrative","name":"Condomínio Sol Nascente Orla","place":"suburb","source":"mapa pref.","type":"boundary"},"geometry":{"type":"Polygon","coordinates":[[[-40.4709687,-9.3987415],[-40.4659195,-9.403425],[-40.4650134,-9.4023915],[-40.4690717,-9.3981642],[-40.4709687,-9.3987415]]]},"id":"relation/17052572"},{"type":"Feature","properties":{"@id":"relation/17052575","admin_level":10,"boundary":"administrative","name":"Condomínio Park Jatobá","place":"suburb","source":"mapa pref.","type":"boundary"},"geometry":{"type":"Polygon","coordinates":[[[-40.4685904,-9.3979966],[-40.4663347,-9.4004734],[-40.4639186,-9.4024008],[-40.4626917,-9.401209],[-40.4622576,-9.4011438],[-40.4615592,-9.4002499],[-40.4633712,-9.3984156],[-40.4654381,-9.3969724],[-40.4685904,-9.3979966]]]},"id":"relation/17052575"},{"type":"Feature","properties":{"@id":"relation/17065843","admin_level":10,"boundary":"administrative","name":"Loteamento Eduardo","place":"suburb","source":"mapa pref.","type":"boundary"},"geometry":{"type":"Polygon","coordinates":[[[-40.486342,-9.39149],[-40.4885932,-9.389721],[-40.489068,-9.3894491],[-40.4892308,-9.392445],[-40.489328,-9.3929873],[-40.4895676,-9.3936969],[-40.4886765,-9.3939508],[-40.4866324,-9.3941714],[-40.48652,-9.3935396],[-40.486342,-9.39149]]]},"id":"relation/17065843"},{"type":"Feature","properties":{"@id":"relation/17065851","admin_level":10,"boundary":"administrative","name":"São José","place":"suburb","source":"mapa pref.","type":"boundary"},"geometry":{"type":"Polygon","coordinates":[[[-40.4839559,-9.3934245],[-40.4857097,-9.3919922],[-40.4863414,-9.3914904],[-40.4865196,-9.3935401],[-40.486632,-9.3941719],[-40.4886765,-9.3939513],[-40.4895678,-9.3936976],[-40.4897834,-9.3943352],[-40.490348,-9.3953252],[-40.4899339,-9.3955767],[-40.4895099,-9.395915],[-40.4890953,-9.3963584],[-40.4888759,-9.3969347],[-40.4868711,-9.3960499],[-40.4863078,-9.3957987],[-40.4860052,-9.3953905],[-40.4855215,-9.3946679],[-40.4854204,-9.394512],[-40.4852378,-9.3942804],[-40.4839559,-9.3934245]]]},"id":"relation/17065851"},{"type":"Feature","properties":{"@id":"relation/17065866","admin_level":10,"boundary":"administrative","name":"Colônia Imperial","place":"suburb","source":"mapa pref.","type":"boundary"},"geometry":{"type":"Polygon","coordinates":[[[-40.4808616,-9.3967301],[-40.4808704,-9.3957725],[-40.4824339,-9.3957502],[-40.4823718,-9.3923095],[-40.4839552,-9.3934247],[-40.4852375,-9.3942808],[-40.4854189,-9.394511],[-40.4850549,-9.3944213],[-40.4839885,-9.3979995],[-40.4835896,-9.3975588],[-40.483231,-9.3966837],[-40.4808616,-9.3967301]]]},"id":"relation/17065866"},{"type":"Feature","properties":{"@id":"relation/17066413","admin_level":10,"boundary":"administrative","name":"Alto Cheiroso","place":"suburb","source":"mapa pref.","type":"boundary"},"geometry":{"type":"Polygon","coordinates":[[[-40.4850554,-9.394422],[-40.4854193,-9.3945115],[-40.4860047,-9.3953909],[-40.4863074,-9.3957992],[-40.4868708,-9.3960503],[-40.488876,-9.3969354],[-40.4890958,-9.3963588],[-40.4895104,-9.3959155],[-40.4899339,-9.3955775],[-40.4903483,-9.3953258],[-40.4916496,-9.3976065],[-40.4933385,-9.4000866],[-40.4923334,-9.4001911],[-40.4906075,-9.400272],[-40.4855935,-9.3988844],[-40.4855928,-9.3988837],[-40.4850147,-9.3987413],[-40.4842217,-9.398257],[-40.483989,-9.3979999],[-40.4850554,-9.394422]]]},"id":"relation/17066413"},{"type":"Feature","properties":{"@id":"relation/17070652","admin_level":10,"boundary":"administrative","name":"Condomínio Residencial Jatobá 1","place":"suburb","source":"mapa pref.","type":"boundary"},"geometry":{"type":"Polygon","coordinates":[[[-40.4663917,-9.3962901],[-40.466466,-9.3963917],[-40.4655346,-9.3970032],[-40.4654383,-9.3969718],[-40.4651241,-9.3968798],[-40.4662002,-9.3960706],[-40.4663917,-9.3962901]]]},"id":"relation/17070652"},{"type":"Feature","properties":{"@id":"relation/17070654","admin_level":10,"boundary":"administrative","name":"Condomínio Residencial Jatobá 2","place":"suburb","source":"mapa pref.","type":"boundary"},"geometry":{"type":"Polygon","coordinates":[[[-40.4661999,-9.3960702],[-40.4651236,-9.3968795],[-40.4646345,-9.3967365],[-40.4660484,-9.3957634],[-40.4662738,-9.3960245],[-40.4661999,-9.3960702]]]},"id":"relation/17070654"},{"type":"Feature","properties":{"@id":"relation/17070659","admin_level":10,"boundary":"administrative","name":"Jatobá","place":"suburb","source":"mapa pref.","type":"boundary"},"geometry":{"type":"Polygon","coordinates":[[[-40.4774101,-9.3889143],[-40.4773819,-9.3889875],[-40.4708605,-9.3957713],[-40.4699064,-9.3967554],[-40.4685909,-9.3979961],[-40.4655354,-9.3970034],[-40.4664667,-9.3963919],[-40.4663919,-9.3962894],[-40.4662008,-9.3960703],[-40.4662744,-9.3960247],[-40.4660483,-9.3957629],[-40.4646339,-9.3967362],[-40.4628523,-9.3962147],[-40.4626783,-9.3961097],[-40.465066,-9.3941507],[-40.4752872,-9.3873255],[-40.4774101,-9.3889143]]]},"id":"relation/17070659"},{"type":"Feature","properties":{"@id":"relation/17070663","admin_level":10,"boundary":"administrative","name":"Fernando Idalino","place":"suburb","source":"mapa pref.","type":"boundary"},"geometry":{"type":"Polygon","coordinates":[[[-40.4752869,-9.3873249],[-40.465066,-9.3941507],[-40.4641087,-9.3928041],[-40.4666219,-9.3912927],[-40.4693486,-9.389386],[-40.4724985,-9.3872206],[-40.4738243,-9.3862894],[-40.4752869,-9.3873249]]]},"id":"relation/17070663"},{"type":"Feature","properties":{"@id":"relation/17070670","admin_level":10,"boundary":"administrative","name":"Rio Jordão","place":"suburb","source":"mapa pref.","type":"boundary"},"geometry":{"type":"Polygon","coordinates":[[[-40.4738241,-9.3862886],[-40.4666216,-9.3912922],[-40.4650792,-9.3922198],[-40.4643222,-9.3912233],[-40.47264,-9.3854653],[-40.4738241,-9.3862886]]]},"id":"relation/17070670"},{"type":"Feature","properties":{"@id":"relation/17071368","admin_level":10,"boundary":"administrative","name":"Loteamento Geovana","place":"suburb","source":"mapa pref.","type":"boundary"},"geometry":{"type":"Polygon","coordinates":[[[-40.4726397,-9.3854647],[-40.4643216,-9.3912229],[-40.4634949,-9.3901493],[-40.4710511,-9.3843635],[-40.4726397,-9.3854647]]]},"id":"relation/17071368"},{"type":"Feature","properties":{"@id":"relation/17071922","admin_level":10,"boundary":"administrative","name":"Loteamento Boa Vista","place":"suburb","source":"mapa pref.","type":"boundary"},"geometry":{"type":"Polygon","coordinates":[[[-40.4677604,-9.3821102],[-40.4682424,-9.3824954],[-40.4595187,-9.38861],[-40.4587263,-9.3875032],[-40.4664622,-9.3811537],[-40.4677604,-9.3821102]]]},"id":"relation/17071922"},{"type":"Feature","properties":{"@id":"relation/17071936","admin_level":10,"boundary":"administrative","name":"Carneiro","place":"suburb","source":"mapa pref.","type":"boundary"},"geometry":{"type":"Polygon","coordinates":[[[-40.4664619,-9.3811532],[-40.4587258,-9.3875029],[-40.4523151,-9.3915618],[-40.4492905,-9.3837019],[-40.448737,-9.3792159],[-40.4481242,-9.3748665],[-40.4468986,-9.3720188],[-40.4533233,-9.3692102],[-40.4537296,-9.3700591],[-40.4542396,-9.3709337],[-40.4519723,-9.3723115],[-40.4525999,-9.3745098],[-40.4490226,-9.3759572],[-40.4496345,-9.3780007],[-40.4545455,-9.3760733],[-40.4572285,-9.3746259],[-40.4579111,-9.3753845],[-40.4664619,-9.3811532]]]},"id":"relation/17071936"},{"type":"Feature","properties":{"@id":"relation/17071994","admin_level":10,"boundary":"administrative","name":"Condomínio Eco Spa","place":"suburb","source":"mapa pref.","type":"boundary"},"geometry":{"type":"Polygon","coordinates":[[[-40.45424,-9.3709342],[-40.4557285,-9.3727437],[-40.4526004,-9.3745095],[-40.4519729,-9.3723118],[-40.45424,-9.3709342]]]},"id":"relation/17071994"},{"type":"Feature","properties":{"@id":"relation/17072000","admin_level":10,"boundary":"administrative","name":"Condomínio Vivendas do São Francisco - Estrada das Pedrinhas","place":"suburb","source":"mapa pref.","type":"boundary"},"geometry":{"type":"Polygon","coordinates":[[[-40.4557292,-9.3727442],[-40.4572281,-9.3746253],[-40.4545451,-9.3760726],[-40.4496349,-9.3779997],[-40.4490234,-9.3759575],[-40.4525999,-9.3745098],[-40.4557292,-9.3727442]]]},"id":"relation/17072000"},{"type":"Feature","properties":{"@id":"relation/17073874","admin_level":10,"boundary":"administrative","name":"Vila Vitória","place":"suburb","source":"mapa pref.","type":"boundary"},"geometry":{"type":"Polygon","coordinates":[[[-40.468243,-9.3824958],[-40.4696631,-9.3834119],[-40.4663787,-9.385684],[-40.4660578,-9.3861216],[-40.4600931,-9.3907028],[-40.4595192,-9.3886103],[-40.468243,-9.3824958]]]},"id":"relation/17073874"},{"type":"Feature","properties":{"@id":"relation/17073875","admin_level":10,"boundary":"administrative","name":"Henrique Leite","place":"suburb","source":"mapa pref.","type":"boundary"},"geometry":{"type":"Polygon","coordinates":[[[-40.4710507,-9.3843628],[-40.4634943,-9.3901487],[-40.4605511,-9.3923246],[-40.4600934,-9.3907033],[-40.4660581,-9.3861221],[-40.4663792,-9.3856843],[-40.4696634,-9.3834124],[-40.4710507,-9.3843628]]]},"id":"relation/17073875"},{"type":"Feature","properties":{"@id":"relation/17074032","admin_level":10,"boundary":"administrative","name":"Terras Alphaville","place":"suburb","source":"mapa pref.","type":"boundary"},"geometry":{"type":"Polygon","coordinates":[[[-40.4598039,-9.3630252],[-40.4598996,-9.3632408],[-40.4516358,-9.3659766],[-40.4504884,-9.3637125],[-40.450065,-9.3621896],[-40.4521822,-9.3613809],[-40.4535481,-9.3594537],[-40.4579736,-9.3579038],[-40.4598039,-9.3630252]]]},"id":"relation/17074032"},{"type":"Feature","properties":{"@id":"relation/17074062","admin_level":10,"boundary":"administrative","name":"Condomínio Buona Vita","place":"suburb","source":"mapa pref.","type":"boundary"},"geometry":{"type":"Polygon","coordinates":[[[-40.4715644,-9.3477417],[-40.4685048,-9.3494669],[-40.466934,-9.3505721],[-40.4593942,-9.3462727],[-40.4636012,-9.3435906],[-40.4715644,-9.3477417]]]},"id":"relation/17074062"},{"type":"Feature","properties":{"@id":"relation/17074602","admin_level":10,"boundary":"administrative","name":"Santa Bárbara","place":"suburb","source":"mapa pref.","type":"boundary"},"geometry":{"type":"Polygon","coordinates":[[[-40.4674729,-9.3528484],[-40.4669052,-9.3534398],[-40.4657382,-9.3555027],[-40.4637061,-9.3541689],[-40.4650128,-9.3519948],[-40.4662113,-9.3511056],[-40.4674729,-9.3528484]]]},"id":"relation/17074602"},{"type":"Feature","properties":{"@id":"relation/17074629","admin_level":10,"boundary":"administrative","name":"Loteamento Recife","place":"suburb","source":"mapa pref.","type":"boundary"},"geometry":{"type":"Polygon","coordinates":[[[-40.4874417,-9.3765205],[-40.4711931,-9.3655056],[-40.4754123,-9.3616501],[-40.4771733,-9.3607597],[-40.4772729,-9.3609808],[-40.4799472,-9.3596415],[-40.4803037,-9.3595262],[-40.4862489,-9.3709972],[-40.4871926,-9.3727243],[-40.4881139,-9.3739281],[-40.4887082,-9.37445],[-40.4882356,-9.3748825],[-40.4877021,-9.3749106],[-40.4876587,-9.3756758],[-40.4874417,-9.3765205]]]},"id":"relation/17074629"},{"type":"Feature","properties":{"@id":"relation/17074729","admin_level":10,"boundary":"administrative","name":"Vila Marcela","place":"suburb","source":"mapa pref.","type":"boundary"},"geometry":{"type":"Polygon","coordinates":[[[-40.475196,-9.3618471],[-40.4727213,-9.3569103],[-40.4777646,-9.3546269],[-40.4803035,-9.3595256],[-40.4799469,-9.3596408],[-40.4772731,-9.36098],[-40.4771735,-9.360759],[-40.4754125,-9.3616492],[-40.475196,-9.3618471]]]},"id":"relation/17074729"},{"type":"Feature","properties":{"@id":"relation/17074750","admin_level":10,"boundary":"administrative","name":"Loteamento Vila Nova","place":"suburb","source":"mapa pref.","type":"boundary"},"geometry":{"type":"Polygon","coordinates":[[[-40.4649273,-9.3611488],[-40.4614177,-9.3538443],[-40.4650123,-9.3519943],[-40.4637053,-9.354169],[-40.4657385,-9.3555033],[-40.4669054,-9.3534406],[-40.4674734,-9.3528482],[-40.4662118,-9.3511051],[-40.466934,-9.3505721],[-40.4685051,-9.3494675],[-40.4728471,-9.3471936],[-40.4731353,-9.3469686],[-40.4732601,-9.3467267],[-40.4732666,-9.3466142],[-40.4735427,-9.3464804],[-40.4752875,-9.3498459],[-40.4752875,-9.349847],[-40.4777642,-9.3546262],[-40.4727207,-9.3569102],[-40.4751955,-9.3618475],[-40.4711925,-9.3655054],[-40.4649273,-9.3611488]]]},"id":"relation/17074750"},{"type":"Feature","properties":{"@id":"relation/17074791","admin_level":10,"boundary":"administrative","name":"Boa Esperança - Estrada das Pedrinhas","place":"suburb","source":"mapa pref.","type":"boundary"},"geometry":{"type":"Polygon","coordinates":[[[-40.4579118,-9.375384],[-40.4572288,-9.3746254],[-40.4557293,-9.3727436],[-40.4542402,-9.3709337],[-40.4537299,-9.3700585],[-40.4533238,-9.3692098],[-40.4516359,-9.3659772],[-40.4599004,-9.3632411],[-40.4598045,-9.3630249],[-40.4579743,-9.3579031],[-40.4535481,-9.3594529],[-40.4521817,-9.3613805],[-40.4500648,-9.362189],[-40.4495889,-9.3604635],[-40.4487878,-9.3586003],[-40.446207,-9.3544432],[-40.4412339,-9.3498275],[-40.4338425,-9.3442371],[-40.431892,-9.3429548],[-40.4378715,-9.3302508],[-40.4454246,-9.3340056],[-40.4458252,-9.3270606],[-40.4546267,-9.3274846],[-40.4639927,-9.3279358],[-40.4735427,-9.3464798],[-40.4732661,-9.3466138],[-40.4732595,-9.3467265],[-40.4731349,-9.3469682],[-40.4728466,-9.3471931],[-40.4716829,-9.3478025],[-40.4636011,-9.3435899],[-40.4593934,-9.3462728],[-40.4669328,-9.3505722],[-40.4662111,-9.3511049],[-40.4650157,-9.3519919],[-40.4614171,-9.353844],[-40.4649268,-9.3611489],[-40.4579118,-9.375384]]]},"id":"relation/17074791"},{"type":"Feature","properties":{"@id":"relation/17074816","admin_level":10,"boundary":"administrative","name":"Serrote do Urubu","place":"suburb","source":"mapa pref.","type":"boundary"},"geometry":{"type":"Polygon","coordinates":[[[-40.4468983,-9.3720181],[-40.445902,-9.3711572],[-40.445052,-9.3659299],[-40.4434903,-9.3619704],[-40.4417902,-9.3581864],[-40.4380342,-9.3551631],[-40.4306408,-9.349799],[-40.4255406,-9.3469512],[-40.4212314,-9.3469503],[-40.4159166,-9.3492956],[-40.408954,-9.3504035],[-40.4045217,-9.3495079],[-40.4002208,-9.3497474],[-40.3947987,-9.3504715],[-40.3903211,-9.3547465],[-40.3791839,-9.3594457],[-40.3762135,-9.3522441],[-40.3760733,-9.3449099],[-40.3800653,-9.3425481],[-40.383054,-9.3451207],[-40.3887684,-9.3445262],[-40.3909541,-9.3442235],[-40.3962793,-9.3422019],[-40.3996337,-9.34205],[-40.4022672,-9.3405465],[-40.4083648,-9.3395264],[-40.4181607,-9.3403236],[-40.4231742,-9.3425102],[-40.424118,-9.3428269],[-40.425496,-9.3430224],[-40.4285633,-9.3427896],[-40.4300733,-9.3426685],[-40.431036,-9.3427244],[-40.4318884,-9.3429605],[-40.4338421,-9.3442378],[-40.4412337,-9.3498282],[-40.4462064,-9.3544435],[-40.4487873,-9.3586006],[-40.4495882,-9.3604638],[-40.4500643,-9.3621894],[-40.4504876,-9.3637122],[-40.4516351,-9.3659769],[-40.4533229,-9.3692096],[-40.4468983,-9.3720181]]]},"id":"relation/17074816"},{"type":"Feature","properties":{"@id":"relation/17074835","admin_level":10,"boundary":"administrative","name":"Residencial Monsenhor Bernadino","place":"suburb","source":"mapa pref.","type":"boundary"},"geometry":{"type":"Polygon","coordinates":[[[-40.4784622,-9.3331608],[-40.4802191,-9.3364879],[-40.4708401,-9.3412304],[-40.4699899,-9.33958],[-40.4714498,-9.3376217],[-40.4784622,-9.3331608]]]},"id":"relation/17074835"},{"type":"Feature","properties":{"@id":"relation/17075204","admin_level":10,"boundary":"administrative","name":"Residencial Vivendas I","place":"suburb","source":"map pref.","type":"boundary"},"geometry":{"type":"Polygon","coordinates":[[[-40.4665812,-9.3205922],[-40.4637947,-9.3156059],[-40.4655974,-9.3145491],[-40.4686173,-9.3193633],[-40.4665812,-9.3205922]]]},"id":"relation/17075204"},{"type":"Feature","properties":{"@id":"relation/17075211","admin_level":10,"boundary":"administrative","name":"Residencial Vivendas II","place":"suburb","source":"mapa pref.","type":"boundary"},"geometry":{"type":"Polygon","coordinates":[[[-40.4673044,-9.3172692],[-40.465598,-9.3145487],[-40.4651461,-9.3137062],[-40.4658319,-9.3127894],[-40.466629,-9.3123501],[-40.4674701,-9.313793],[-40.4676021,-9.3141608],[-40.4681636,-9.3150546],[-40.4684224,-9.3153636],[-40.4690125,-9.316237],[-40.4673044,-9.3172692]]]},"id":"relation/17075211"},{"type":"Feature","properties":{"@id":"relation/17075216","admin_level":10,"boundary":"administrative","name":"Condomínio Vale do Sol","place":"suburb","source":"mapa pref.","type":"boundary"},"geometry":{"type":"Polygon","coordinates":[[[-40.4686179,-9.3193628],[-40.4673047,-9.3172698],[-40.4690127,-9.3162375],[-40.4703101,-9.3183465],[-40.4686179,-9.3193628]]]},"id":"relation/17075216"},{"type":"Feature","properties":{"@id":"relation/17075234","admin_level":10,"boundary":"administrative","name":"Topázio","place":"suburb","source":"mapa pref.","type":"boundary"},"geometry":{"type":"Polygon","coordinates":[[[-40.4703106,-9.318347],[-40.470752,-9.3184628],[-40.487844,-9.3271334],[-40.4993902,-9.3329776],[-40.5034811,-9.3350206],[-40.506775,-9.3367379],[-40.5095988,-9.3382094],[-40.513092,-9.3399851],[-40.5126187,-9.3403291],[-40.5133317,-9.3424243],[-40.5137707,-9.3424826],[-40.5144731,-9.3438941],[-40.5147685,-9.3443651],[-40.5153022,-9.3526107],[-40.518423,-9.3526437],[-40.5177034,-9.3553564],[-40.5169793,-9.3546439],[-40.516496,-9.3542153],[-40.5157731,-9.3537459],[-40.5152222,-9.3534758],[-40.5140164,-9.3530545],[-40.5087584,-9.3513401],[-40.5054465,-9.3502454],[-40.5032113,-9.3495157],[-40.4949815,-9.3468226],[-40.4922515,-9.3460997],[-40.4963012,-9.3396777],[-40.4952181,-9.3380682],[-40.4944678,-9.3393492],[-40.4923485,-9.3412022],[-40.4885333,-9.3453401],[-40.4855356,-9.3449129],[-40.4847038,-9.3447944],[-40.4802458,-9.3446181],[-40.4780274,-9.3447393],[-40.475905,-9.3453257],[-40.4735432,-9.3464796],[-40.4708402,-9.3412309],[-40.4802198,-9.3364883],[-40.4784624,-9.33316],[-40.4714495,-9.337621],[-40.4699896,-9.3395793],[-40.4639932,-9.3279356],[-40.4617222,-9.3234821],[-40.4665814,-9.3205928],[-40.4686181,-9.3193634],[-40.4703106,-9.318347]]]},"id":"relation/17075234"},{"type":"Feature","properties":{"@id":"relation/17075243","admin_level":10,"boundary":"administrative","name":"Condomínio Brisas do Rio - Estrada da Tapera","place":"suburb","source":"mapa pref.","type":"boundary"},"geometry":{"type":"Polygon","coordinates":[[[-40.5739561,-9.448496],[-40.5726062,-9.4512556],[-40.5715694,-9.4509018],[-40.5728019,-9.4478077],[-40.5739561,-9.448496]]]},"id":"relation/17075243"},{"type":"Feature","properties":{"@id":"relation/17075246","admin_level":10,"boundary":"administrative","name":"Condomínio Monte Carlo - Estrada da Tapera","place":"suburb","source":"mapa pref","type":"boundary"},"geometry":{"type":"Polygon","coordinates":[[[-40.5739565,-9.4484952],[-40.5728025,-9.4478072],[-40.5716555,-9.4468215],[-40.5741662,-9.4412186],[-40.5772637,-9.4426209],[-40.5745206,-9.4487808],[-40.5739565,-9.4484952]]]},"id":"relation/17075246"},{"type":"Feature","properties":{"@id":"relation/17075263","admin_level":10,"boundary":"administrative","name":"Condomínio Paraíso das Águas","place":"suburb","source":"mapa pref.","type":"boundary"},"geometry":{"type":"Polygon","coordinates":[[[-40.5626532,-9.4422453],[-40.5612519,-9.447843],[-40.561088,-9.4492712],[-40.5600865,-9.4489186],[-40.5622514,-9.4420762],[-40.5626532,-9.4422453]]]},"id":"relation/17075263"},{"type":"Feature","properties":{"@id":"relation/17075903","admin_level":10,"boundary":"administrative","name":"Vila Massangano","place":"suburb","source":"mapa pref.","type":"boundary"},"geometry":{"type":"Polygon","coordinates":[[[-40.5695024,-9.4447945],[-40.5684615,-9.4442076],[-40.5673945,-9.4438052],[-40.5660295,-9.4434338],[-40.5649861,-9.4431319],[-40.5640796,-9.4428294],[-40.5626538,-9.442245],[-40.5622517,-9.4420756],[-40.5609855,-9.4416444],[-40.5599682,-9.4413421],[-40.558814,-9.4407889],[-40.5579336,-9.4401263],[-40.5571136,-9.4391623],[-40.5608835,-9.4346215],[-40.5672896,-9.4373568],[-40.5719747,-9.4390815],[-40.5695024,-9.4447945]]]},"id":"relation/17075903"},{"type":"Feature","properties":{"@id":"relation/17075946","admin_level":10,"boundary":"administrative","name":"Condomínio Vivendas do Rio - Estrada da Tapera","place":"suburb","source":"mapa pref.","type":"boundary"},"geometry":{"type":"Polygon","coordinates":[[[-40.5562383,-9.4381463],[-40.5519863,-9.4420854],[-40.5507232,-9.4399727],[-40.5556656,-9.4374498],[-40.5562383,-9.4381463]]]},"id":"relation/17075946"},{"type":"Feature","properties":{"@id":"relation/17075952","admin_level":10,"boundary":"administrative","name":"Condomínio Vida Viva - Estrada da Tapera","place":"suburb","source":"mapa pref.","type":"boundary"},"geometry":{"type":"Polygon","coordinates":[[[-40.557113,-9.4391627],[-40.5575318,-9.4396549],[-40.5550076,-9.4426394],[-40.5530787,-9.443866],[-40.5526817,-9.4431603],[-40.5544645,-9.441978],[-40.556296,-9.4399164],[-40.557113,-9.4391627]]]},"id":"relation/17075952"},{"type":"Feature","properties":{"@id":"relation/17075962","admin_level":10,"boundary":"administrative","name":"Condomínio Rio Verde - Estrada da Tapera","place":"suburb","source":"mapa pref.","type":"boundary"},"geometry":{"type":"Polygon","coordinates":[[[-40.5465157,-9.4178904],[-40.5465699,-9.418623],[-40.5434747,-9.4216818],[-40.5431983,-9.421099],[-40.5465157,-9.4178904]]]},"id":"relation/17075962"},{"type":"Feature","properties":{"@id":"relation/17075980","admin_level":10,"boundary":"administrative","name":"Condomínio Santorini - Estrada da Tapera","place":"suburb","source":"mapa pref.","type":"boundary"},"geometry":{"type":"Polygon","coordinates":[[[-40.5745212,-9.4487812],[-40.5772641,-9.4426218],[-40.5795442,-9.4373585],[-40.5800668,-9.4374887],[-40.5749998,-9.4490672],[-40.5745212,-9.4487812]]]},"id":"relation/17075980"},{"type":"Feature","properties":{"@id":"relation/17078736","admin_level":10,"boundary":"administrative","name":"Dona Alexandrina","place":"suburb","source":"mapa pref.","type":"boundary"},"geometry":{"type":"Polygon","coordinates":[[[-40.4862495,-9.3709964],[-40.4847906,-9.3681821],[-40.4873685,-9.3660839],[-40.4882977,-9.3677309],[-40.4891245,-9.3694511],[-40.4890771,-9.3694906],[-40.4862495,-9.3709964]]]},"id":"relation/17078736"},{"type":"Feature","properties":{"@id":"relation/17078739","admin_level":10,"boundary":"administrative","name":"Ipsep I","place":"suburb","source":"mapa pref.","type":"boundary"},"geometry":{"type":"Polygon","coordinates":[[[-40.4847903,-9.3681814],[-40.4835432,-9.3657755],[-40.4864113,-9.3643873],[-40.4873682,-9.3660833],[-40.4847903,-9.3681814]]]},"id":"relation/17078739"},{"type":"Feature","properties":{"@id":"relation/17078830","admin_level":10,"boundary":"administrative","name":"Vila Débora","place":"suburb","source":"mapa pref.","type":"boundary"},"geometry":{"type":"Polygon","coordinates":[[[-40.4835432,-9.3657747],[-40.4803044,-9.3595263],[-40.483341,-9.3580366],[-40.4868688,-9.3640947],[-40.4864112,-9.3643866],[-40.4835432,-9.3657747]]]},"id":"relation/17078830"},{"type":"Feature","properties":{"@id":"relation/17079206","admin_level":10,"boundary":"administrative","name":"Cohab São Francisco","place":"suburb","source":"mapa pref.","type":"boundary"},"geometry":{"type":"Polygon","coordinates":[[[-40.5416618,-9.4011222],[-40.5427512,-9.3974786],[-40.5513315,-9.3997185],[-40.5501178,-9.4036005],[-40.5500129,-9.4035768],[-40.5500171,-9.4035604],[-40.5426381,-9.4016154],[-40.5422335,-9.4014115],[-40.5419955,-9.4012913],[-40.5416618,-9.4011222]]]},"id":"relation/17079206"},{"type":"Feature","properties":{"@id":"relation/17079365","admin_level":10,"boundary":"administrative","name":"Jardim Guararapes","place":"suburb","source":"mapa pref.","type":"boundary"},"geometry":{"type":"Polygon","coordinates":[[[-40.5468783,-9.4111572],[-40.5461212,-9.4095712],[-40.5490226,-9.4072985],[-40.5500125,-9.4035774],[-40.5501181,-9.4036012],[-40.5531761,-9.4043594],[-40.5551702,-9.4048762],[-40.5577822,-9.4055737],[-40.5577638,-9.405633],[-40.5596316,-9.4061441],[-40.5599676,-9.4051012],[-40.5626081,-9.4059382],[-40.5624706,-9.4068713],[-40.5580004,-9.4069221],[-40.5569406,-9.4066614],[-40.5572393,-9.4054976],[-40.5555663,-9.4050765],[-40.5555009,-9.4053343],[-40.5531843,-9.4047397],[-40.5514677,-9.4042926],[-40.5510558,-9.4058815],[-40.5523738,-9.4062368],[-40.5528525,-9.4059688],[-40.5531102,-9.4064016],[-40.5578087,-9.4076424],[-40.558002,-9.4069231],[-40.5624705,-9.4068723],[-40.5622804,-9.409166],[-40.5570028,-9.4091529],[-40.5562137,-9.4088338],[-40.554887,-9.4082531],[-40.552538,-9.4072337],[-40.5522627,-9.4082073],[-40.5506215,-9.4074795],[-40.5499734,-9.4097051],[-40.5516166,-9.4103841],[-40.5516374,-9.4103927],[-40.5519504,-9.4093005],[-40.5533529,-9.4098944],[-40.5529028,-9.4109054],[-40.556509,-9.4123917],[-40.5570836,-9.4102485],[-40.5566101,-9.4100623],[-40.5570177,-9.4092916],[-40.5616972,-9.4096189],[-40.5618555,-9.4145322],[-40.5597466,-9.4145315],[-40.5596754,-9.4167533],[-40.5468783,-9.4111572]]]},"id":"relation/17079365"},{"type":"Feature","properties":{"@id":"relation/17083771","admin_level":10,"boundary":"administrative","name":"Pedra do Bode","place":"suburb","source":"mapa pref.","type":"boundary"},"geometry":{"type":"Polygon","coordinates":[[[-40.496027,-9.4049082],[-40.4946893,-9.4060902],[-40.4922921,-9.4064348],[-40.4879979,-9.406891],[-40.4861386,-9.4090791],[-40.4824673,-9.4083063],[-40.4776068,-9.4093398],[-40.4756531,-9.4090977],[-40.4744451,-9.4086508],[-40.4713778,-9.4075614],[-40.4658566,-9.404377],[-40.4621759,-9.4020306],[-40.4603166,-9.3993118],[-40.4597881,-9.3977941],[-40.462678,-9.3961103],[-40.462851,-9.3962149],[-40.4646338,-9.3967368],[-40.4651234,-9.3968802],[-40.4654374,-9.3969722],[-40.4633712,-9.3984148],[-40.4615585,-9.4002498],[-40.4622569,-9.4011441],[-40.4626913,-9.4012095],[-40.4639184,-9.4024015],[-40.4663349,-9.400474],[-40.468591,-9.3979968],[-40.469071,-9.398164],[-40.4650126,-9.4023913],[-40.4659192,-9.4034257],[-40.4709692,-9.3987415],[-40.4718042,-9.3990047],[-40.4762209,-9.4005571],[-40.4724036,-9.4074604],[-40.4743511,-9.4082566],[-40.4775775,-9.4090788],[-40.4778616,-9.4057846],[-40.478905,-9.4006197],[-40.4810686,-9.4002508],[-40.4825099,-9.4071997],[-40.4831761,-9.4070516],[-40.4817002,-9.400128],[-40.4826813,-9.3999482],[-40.4828302,-9.4000593],[-40.482925,-9.4001048],[-40.4840356,-9.4079526],[-40.4859148,-9.4075334],[-40.4849387,-9.4011701],[-40.4850446,-9.40079],[-40.4909649,-9.4023217],[-40.4914851,-9.4053289],[-40.4942438,-9.404613],[-40.4939165,-9.4031263],[-40.4950689,-9.403429],[-40.4957988,-9.4034868],[-40.496027,-9.4049082]]]},"id":"relation/17083771"},{"type":"Feature","properties":{"@id":"way/1241149400","@relations":[{"role":"","rel":17052467,"reltags":{"admin_level":"10","boundary":"administrative","name":"Vila dos Ingás II","place":"suburb","source":"map pref.","type":"boundary"}}]},"geometry":{"type":"LineString","coordinates":[[-40.4906069,-9.4002725],[-40.4909651,-9.4023211],[-40.4850442,-9.4007892],[-40.4855933,-9.3988851],[-40.4906069,-9.4002725]]},"id":"way/1241149400"},{"type":"Feature","properties":{"@id":"way/1241981240","@relations":[{"role":"Colônia Imperial","rel":17065868,"reltags":{"admin_level":"10","boundary":"administrative","name":"Vila dos Oficiais","place":"suburb","source":"mapa pref.","type":"boundary"}}]},"geometry":{"type":"LineString","coordinates":[[-40.4808705,-9.3957718],[-40.4824332,-9.3957495],[-40.4823712,-9.392309],[-40.4807536,-9.3911697],[-40.4808705,-9.3957718]]},"id":"way/1241981240"},{"type":"Feature","properties":{"@id":"relation/15847233","admin_level":10,"boundary":"administrative","name":"Aeroporto","place":"suburb","source":"Mapa Pref.","type":"boundary"},"geometry":{"type":"Polygon","coordinates":[[[-40.5874029,-9.353542],[-40.5894682,-9.3638369],[-40.5691907,-9.3695797],[-40.5527675,-9.3704028],[-40.5509558,-9.3610929],[-40.5637942,-9.3602765],[-40.5874029,-9.353542]]]},"id":"relation/15847233"},{"type":"Feature","properties":{"@id":"relation/15863972","admin_level":10,"boundary":"administrative","name":"Balneário das Pedrinhas","place":"suburb","source":"Mapa Pref.","type":"boundary"},"geometry":{"type":"Polygon","coordinates":[[[-40.323176,-9.2718686],[-40.3233191,-9.2717839],[-40.3268095,-9.2702873],[-40.3294989,-9.2698638],[-40.3359362,-9.2874265],[-40.3260657,-9.2892336],[-40.327067,-9.2868053],[-40.3273531,-9.2839536],[-40.324206,-9.2758781],[-40.323176,-9.2718686]]]},"id":"relation/15863972"},{"type":"Feature","properties":{"@id":"relation/16927170","admin_level":10,"boundary":"administrative","name":"Loteamento Nova Petrolina","place":"suburb","source":"mapa do licenciado","type":"boundary"},"geometry":{"type":"Polygon","coordinates":[[[-40.5617932,-9.4161187],[-40.561856,-9.414533],[-40.5620985,-9.41137],[-40.5624712,-9.4068715],[-40.5627685,-9.4048543],[-40.5628562,-9.4044115],[-40.5638354,-9.401283],[-40.5667581,-9.3940134],[-40.555043,-9.3941779],[-40.5545518,-9.3935422],[-40.5532632,-9.3935422],[-40.5531536,-9.3924669],[-40.5729305,-9.3925372],[-40.5721879,-9.3970723],[-40.5711119,-9.4025903],[-40.5682552,-9.4159595],[-40.5617932,-9.4161187]]]},"id":"relation/16927170"},{"type":"Feature","properties":{"@id":"relation/16927179","admin_level":10,"boundary":"administrative","name":"Residencial Palmares","place":"suburb","source":"mapa do licenciado","type":"boundary"},"geometry":{"type":"Polygon","coordinates":[[[-40.561856,-9.414533],[-40.5617927,-9.4161186],[-40.5617584,-9.417939],[-40.5613015,-9.4174549],[-40.559676,-9.4167529],[-40.5597471,-9.4145322],[-40.561856,-9.414533]]]},"id":"relation/16927179"},{"type":"Feature","properties":{"@id":"relation/16927563","admin_level":10,"boundary":"administrative","name":"Condomínio Parque das Emas","place":"suburb","source":"mAPA pREF.","type":"boundary"},"geometry":{"type":"Polygon","coordinates":[[[-40.5563873,-9.4233239],[-40.5573007,-9.4250785],[-40.5527593,-9.4279865],[-40.552476,-9.4274951],[-40.5511684,-9.4280848],[-40.5508882,-9.4273754],[-40.5505488,-9.4266352],[-40.5501391,-9.4260252],[-40.5496214,-9.4252842],[-40.54927,-9.4246119],[-40.5530001,-9.4223539],[-40.5540456,-9.4235222],[-40.5563873,-9.4233239]]]},"id":"relation/16927563"},{"type":"Feature","properties":{"@id":"relation/16928274","admin_level":10,"boundary":"administrative","name":"Condomínio Valle Flor de Algodão","place":"suburb","source":"mapa pref.","type":"boundary"},"geometry":{"type":"Polygon","coordinates":[[[-40.552263,-9.4082084],[-40.5525386,-9.4072344],[-40.5548874,-9.4082539],[-40.5562132,-9.408834],[-40.5555377,-9.4103887],[-40.5520709,-9.4088792],[-40.552263,-9.4082084]]]},"id":"relation/16928274"},{"type":"Feature","properties":{"@id":"relation/16928275","admin_level":10,"boundary":"administrative","name":"Condomínio Valle dos Coqueiros","place":"suburb","source":"mapa pref.","type":"boundary"},"geometry":{"type":"Polygon","coordinates":[[[-40.5531838,-9.40474],[-40.5528526,-9.405968],[-40.5523738,-9.4062361],[-40.5510566,-9.4058812],[-40.551468,-9.4042932],[-40.5531838,-9.40474]]]},"id":"relation/16928275"},{"type":"Feature","properties":{"@id":"relation/16928292","admin_level":10,"boundary":"administrative","name":"Condomínio Valle Petrolina","place":"suburb","source":"mapa pref.","type":"boundary"},"geometry":{"type":"Polygon","coordinates":[[[-40.5531845,-9.4047403],[-40.5555014,-9.4053351],[-40.5555668,-9.4050771],[-40.5572387,-9.4054979],[-40.5569398,-9.406662],[-40.5580014,-9.4069231],[-40.5578084,-9.4076418],[-40.5531104,-9.4064009],[-40.5528531,-9.4059686],[-40.5531845,-9.4047403]]]},"id":"relation/16928292"},{"type":"Feature","properties":{"@id":"relation/16928319","admin_level":10,"boundary":"administrative","name":"Residencial Nova Petrolina","place":"suburb","source":"mapa pref.","type":"boundary"},"geometry":{"type":"Polygon","coordinates":[[[-40.5596315,-9.4061435],[-40.5577643,-9.4056327],[-40.5597884,-9.3992397],[-40.561679,-9.3997815],[-40.5596315,-9.4061435]]]},"id":"relation/16928319"},{"type":"Feature","properties":{"@id":"relation/16928340","admin_level":10,"boundary":"administrative","name":"Encontro das Águas Residence","place":"suburb","source":"mapa pref.","type":"boundary"},"geometry":{"type":"Polygon","coordinates":[[[-40.5638347,-9.4012828],[-40.5628557,-9.4044109],[-40.5627679,-9.404854],[-40.5626081,-9.4059377],[-40.5599677,-9.4051005],[-40.5614356,-9.4005403],[-40.5638347,-9.4012828]]]},"id":"relation/16928340"},{"type":"Feature","properties":{"@id":"relation/16928347","admin_level":10,"boundary":"administrative","name":"Residencial Brasil","place":"suburb","source":"mapa pref.","type":"boundary"},"geometry":{"type":"Polygon","coordinates":[[[-40.5551702,-9.4048755],[-40.5531768,-9.404359],[-40.554495,-9.4002687],[-40.5564595,-9.4008922],[-40.5551702,-9.4048755]]]},"id":"relation/16928347"},{"type":"Feature","properties":{"@id":"relation/16928354","admin_level":10,"boundary":"administrative","name":"Condomínio Valle das Mangueiras","place":"suburb","source":"mapa do licenciado","type":"boundary"},"geometry":{"type":"Polygon","coordinates":[[[-40.5544955,-9.4002679],[-40.5554747,-9.3971344],[-40.5576919,-9.3971022],[-40.5564598,-9.4008917],[-40.5544955,-9.4002679]]]},"id":"relation/16928354"},{"type":"Feature","properties":{"@id":"relation/16928365","admin_level":10,"boundary":"administrative","name":"Loteamento São Rafael","place":"suburb","source":"mapa pref.","type":"boundary"},"geometry":{"type":"Polygon","coordinates":[[[-40.5531763,-9.4043587],[-40.5501184,-9.4036005],[-40.5532628,-9.3935426],[-40.5545515,-9.3935428],[-40.5550425,-9.3941785],[-40.5564725,-9.3941584],[-40.5556196,-9.3969229],[-40.5554745,-9.3971339],[-40.5544947,-9.4002678],[-40.5531763,-9.4043587]]]},"id":"relation/16928365"},{"type":"Feature","properties":{"@id":"relation/16928730","admin_level":10,"boundary":"administrative","name":"Park São Gonçalo","place":"suburb","source":"mapa pref.","type":"boundary"},"geometry":{"type":"Polygon","coordinates":[[[-40.5649616,-9.3925082],[-40.5607043,-9.3924932],[-40.5585241,-9.3880079],[-40.5598837,-9.3873501],[-40.5609287,-9.3894675],[-40.5622733,-9.3888356],[-40.5649616,-9.3925082]]]},"id":"relation/16928730"},{"type":"Feature","properties":{"@id":"relation/16935049","admin_level":10,"boundary":"administrative","name":"Jardim Petrópolis 2","place":"suburb","source":"mapa pref.","type":"boundary"},"geometry":{"type":"Polygon","coordinates":[[[-40.5581594,-9.392484],[-40.5583217,-9.390989],[-40.5599726,-9.3909892],[-40.5607037,-9.3924931],[-40.5581594,-9.392484]]]},"id":"relation/16935049"},{"type":"Feature","properties":{"@id":"relation/16935055","admin_level":10,"boundary":"administrative","name":"Jardim Petrópolis","place":"suburb","source":"mapa pref.","type":"boundary"},"geometry":{"type":"Polygon","coordinates":[[[-40.5531535,-9.3924664],[-40.5531333,-9.3920675],[-40.5532742,-9.3915702],[-40.5531929,-9.390399],[-40.5530899,-9.3894577],[-40.5529653,-9.3872597],[-40.5528785,-9.3859548],[-40.5528352,-9.3852007],[-40.5527051,-9.3844145],[-40.5526346,-9.383976],[-40.5526454,-9.3831149],[-40.5526111,-9.3812716],[-40.5525426,-9.3797757],[-40.5523091,-9.3790692],[-40.5522752,-9.3785634],[-40.5546141,-9.3783169],[-40.5552804,-9.3825522],[-40.555378,-9.3825966],[-40.556205,-9.3822972],[-40.5585235,-9.3880076],[-40.5599723,-9.3909885],[-40.5583214,-9.3909885],[-40.5581588,-9.3924841],[-40.5531535,-9.3924664]]]},"id":"relation/16935055"},{"type":"Feature","properties":{"@id":"relation/16935096","admin_level":10,"boundary":"administrative","name":"São Gonçalo","place":"suburb","source":"mapa pref.","type":"boundary"},"geometry":{"type":"Polygon","coordinates":[[[-40.5522744,-9.3785634],[-40.5523085,-9.3790688],[-40.5525421,-9.3797762],[-40.5526106,-9.3812715],[-40.5526447,-9.3831148],[-40.5526341,-9.3839757],[-40.5527045,-9.3844144],[-40.5528347,-9.385201],[-40.5528779,-9.3859547],[-40.5529653,-9.3872597],[-40.5530893,-9.3894579],[-40.5531845,-9.3904031],[-40.5532735,-9.3915703],[-40.5532713,-9.3915784],[-40.5511111,-9.3923598],[-40.5509872,-9.3926235],[-40.5488809,-9.3933248],[-40.5476967,-9.3900953],[-40.5446057,-9.3899859],[-40.5445325,-9.3922558],[-40.5435839,-9.3922451],[-40.5435503,-9.3906203],[-40.5431794,-9.3880729],[-40.5428549,-9.3859835],[-40.5427333,-9.3854412],[-40.54794,-9.3836713],[-40.5468132,-9.380578],[-40.5499044,-9.3805079],[-40.5497452,-9.3779399],[-40.5522022,-9.377744],[-40.5522744,-9.3785634]]]},"id":"relation/16935096"},{"type":"Feature","properties":{"@id":"relation/16935214","admin_level":10,"boundary":"administrative","name":"Rio Corrente","place":"suburb","source":"mapa pref.","type":"boundary"},"geometry":{"type":"Polygon","coordinates":[[[-40.543584,-9.3922459],[-40.5445329,-9.3922562],[-40.5446063,-9.3899864],[-40.5476962,-9.3900959],[-40.5488806,-9.3933252],[-40.5509876,-9.3926238],[-40.5511115,-9.3923604],[-40.553271,-9.3915792],[-40.5531325,-9.3920676],[-40.5531531,-9.3924668],[-40.5532626,-9.3935419],[-40.5518699,-9.3979961],[-40.5454121,-9.3962907],[-40.5459883,-9.3941167],[-40.5445064,-9.3937143],[-40.5435132,-9.393699],[-40.543584,-9.3922459]]]},"id":"relation/16935214"},{"type":"Feature","properties":{"@id":"relation/16935217","admin_level":10,"boundary":"administrative","name":"Rio Claro","place":"suburb","source":"mapa pref.","type":"boundary"},"geometry":{"type":"Polygon","coordinates":[[[-40.5435133,-9.3936997],[-40.5445062,-9.393715],[-40.5459876,-9.3941171],[-40.5454113,-9.396291],[-40.5518696,-9.3979967],[-40.5513317,-9.3997179],[-40.5427515,-9.3974781],[-40.5435133,-9.3936997]]]},"id":"relation/16935217"},{"type":"Feature","properties":{"@id":"relation/16935412","admin_level":10,"boundary":"administrative","name":"Jardim Guanabara","place":"suburb","source":"mapa do pref.","type":"boundary"},"geometry":{"type":"Polygon","coordinates":[[[-40.5422378,-9.4014142],[-40.542638,-9.4016161],[-40.5500164,-9.4035606],[-40.549022,-9.4072983],[-40.5461209,-9.4095707],[-40.5428956,-9.4021827],[-40.5425323,-9.4017097],[-40.5422378,-9.4014142]]]},"id":"relation/16935412"},{"type":"Feature","properties":{"@id":"relation/16935419","admin_level":10,"boundary":"administrative","name":"Loteamento Colina do Rio","place":"suburb","source":"mapa pref.","type":"boundary"},"geometry":{"type":"Polygon","coordinates":[[[-40.5422368,-9.4014142],[-40.5425318,-9.4017101],[-40.5428951,-9.402183],[-40.5461205,-9.4095712],[-40.5468775,-9.4111579],[-40.5440839,-9.4124055],[-40.5426871,-9.4107016],[-40.5388378,-9.4087413],[-40.5419957,-9.4012919],[-40.5422368,-9.4014142]]]},"id":"relation/16935419"},{"type":"Feature","properties":{"@id":"relation/16935485","admin_level":10,"boundary":"administrative","name":"Parque Massangano","place":"sub","source":"mapa pref.","type":"boundary"},"geometry":{"type":"Polygon","coordinates":[[[-40.5429445,-9.3865641],[-40.5431789,-9.3880731],[-40.5435497,-9.3906204],[-40.5435834,-9.3922455],[-40.543531,-9.3933192],[-40.5383022,-9.3931351],[-40.5385651,-9.3863893],[-40.5429445,-9.3865641]]]},"id":"relation/16935485"},{"type":"Feature","properties":{"@id":"relation/16935514","admin_level":10,"boundary":"administrative","name":"Distrito Industrial","place":"suburb","source":"mapa pref.","type":"boundary"},"geometry":{"type":"Polygon","coordinates":[[[-40.5385646,-9.3863891],[-40.5383016,-9.3931358],[-40.5435311,-9.3933198],[-40.5435128,-9.3936995],[-40.5427507,-9.397478],[-40.541661,-9.4011226],[-40.541995,-9.4012916],[-40.5388371,-9.4087415],[-40.5390323,-9.408841],[-40.537723,-9.4115409],[-40.5364244,-9.4108841],[-40.5355467,-9.41148],[-40.5291195,-9.4080816],[-40.5181359,-9.402394],[-40.5148218,-9.4014981],[-40.5116949,-9.4006528],[-40.5120818,-9.3972542],[-40.5148554,-9.3968187],[-40.5147923,-9.3981874],[-40.5163691,-9.3981719],[-40.5163613,-9.3975837],[-40.5184403,-9.3974908],[-40.5189737,-9.3956874],[-40.520799,-9.3948004],[-40.522684,-9.3935067],[-40.5240362,-9.3923478],[-40.5244933,-9.3917077],[-40.5262271,-9.3925746],[-40.5266743,-9.3927061],[-40.5293024,-9.3928068],[-40.5294414,-9.3883329],[-40.5316895,-9.3877392],[-40.5362666,-9.3857767],[-40.5375317,-9.3863236],[-40.5385646,-9.3863891]]]},"id":"relation/16935514"},{"type":"Feature","properties":{"@id":"relation/16935541","admin_level":10,"boundary":"administrative","name":"Alto da Boa Vista","place":"suburb","source":"mapa pref.","type":"boundary"},"geometry":{"type":"Polygon","coordinates":[[[-40.5468125,-9.3805781],[-40.5479392,-9.3836708],[-40.5427332,-9.3854406],[-40.5418764,-9.3832389],[-40.5464282,-9.3818814],[-40.5465586,-9.3806139],[-40.5468125,-9.3805781]]]},"id":"relation/16935541"},{"type":"Feature","properties":{"@id":"relation/16935553","admin_level":10,"boundary":"administrative","name":"Cohab Massangano","place":"suburb","source":"mapa pref.","type":"boundary"},"geometry":{"type":"Polygon","coordinates":[[[-40.5418759,-9.3832393],[-40.5427327,-9.385441],[-40.5428544,-9.385984],[-40.5429444,-9.3865635],[-40.538565,-9.3863887],[-40.5375319,-9.3863229],[-40.5362666,-9.3857759],[-40.5342223,-9.3809695],[-40.5333047,-9.3813498],[-40.5334733,-9.381772],[-40.5324942,-9.3821861],[-40.5316786,-9.3828371],[-40.531875,-9.3830021],[-40.5319279,-9.3832186],[-40.5309382,-9.3836258],[-40.5305891,-9.3840414],[-40.5321172,-9.387555],[-40.531689,-9.3877382],[-40.5294408,-9.3883326],[-40.5293018,-9.3928061],[-40.5266744,-9.3927054],[-40.5262268,-9.3925737],[-40.5244934,-9.3917071],[-40.5249009,-9.3911554],[-40.5252693,-9.3903034],[-40.525724,-9.3884105],[-40.5257531,-9.3882895],[-40.5257827,-9.3881664],[-40.5258172,-9.3880226],[-40.5258561,-9.3878608],[-40.5259583,-9.3874354],[-40.5260809,-9.387035],[-40.5300373,-9.3831563],[-40.535805,-9.3776927],[-40.5378426,-9.3755526],[-40.5386971,-9.3766227],[-40.5387464,-9.377255],[-40.5401972,-9.3794069],[-40.5406406,-9.3801146],[-40.5418759,-9.3832393]]]},"id":"relation/16935553"},{"type":"Feature","properties":{"@id":"relation/16935588","admin_level":10,"boundary":"administrative","name":"Cohab 4","place":"suburb","source":"mapa pref.","type":"boundary"},"geometry":{"type":"Polygon","coordinates":[[[-40.5355721,-9.3841446],[-40.5313851,-9.3858698],[-40.5305898,-9.3840416],[-40.5309388,-9.3836263],[-40.5319286,-9.383219],[-40.5318755,-9.3830019],[-40.5316797,-9.382837],[-40.5324945,-9.3821866],[-40.533474,-9.3817722],[-40.5333054,-9.3813501],[-40.534222,-9.3809703],[-40.5355721,-9.3841446]]]},"id":"relation/16935588"},{"type":"Feature","properties":{"@id":"relation/16935604","admin_level":10,"boundary":"administrative","name":"Cohab 5","place":"suburb","source":"mapa pref","type":"boundary"},"geometry":{"type":"Polygon","coordinates":[[[-40.5362661,-9.3857761],[-40.5321177,-9.3875546],[-40.5313852,-9.3858704],[-40.5355722,-9.3841452],[-40.5362661,-9.3857761]]]},"id":"relation/16935604"},{"type":"Feature","properties":{"@id":"relation/16939975","admin_level":10,"boundary":"administrative","name":"Vila Chocolate","place":"suburb","source":"mapa pref","type":"boundary"},"geometry":{"type":"Polygon","coordinates":[[[-40.552767,-9.3704036],[-40.5531494,-9.3758617],[-40.5528763,-9.3759425],[-40.5529036,-9.3770611],[-40.5529582,-9.3776921],[-40.5522021,-9.3777433],[-40.5497454,-9.3779394],[-40.5493302,-9.3705905],[-40.552767,-9.3704036]]]},"id":"relation/16939975"},{"type":"Feature","properties":{"@id":"relation/16940048","admin_level":10,"boundary":"administrative","name":"Portal da Cidade","place":"suburb","source":"mapa pref.","type":"boundary"},"geometry":{"type":"Polygon","coordinates":[[[-40.5493296,-9.3705905],[-40.5497447,-9.3779395],[-40.5499037,-9.3805071],[-40.5468129,-9.3805774],[-40.5463569,-9.3798937],[-40.5457173,-9.3791021],[-40.5450126,-9.3778186],[-40.5445952,-9.3769361],[-40.543137,-9.3762355],[-40.5409959,-9.376289],[-40.5400093,-9.3764281],[-40.5390523,-9.3767427],[-40.5387193,-9.3768995],[-40.5386976,-9.3766224],[-40.5380264,-9.3757819],[-40.5378429,-9.3755521],[-40.5391581,-9.3738102],[-40.5393452,-9.3739262],[-40.5396197,-9.3739417],[-40.5403493,-9.3734154],[-40.5414555,-9.3723472],[-40.5422008,-9.3717434],[-40.5432756,-9.3712171],[-40.5442876,-9.3709075],[-40.5493296,-9.3705905]]]},"id":"relation/16940048"},{"type":"Feature","properties":{"@id":"relation/16940103","admin_level":10,"boundary":"administrative","name":"Jardim Imperial","place":"suburb","source":"mapa pref.","type":"boundary"},"geometry":{"type":"Polygon","coordinates":[[[-40.5418764,-9.3832381],[-40.5406416,-9.3801152],[-40.5401984,-9.3794078],[-40.538747,-9.3772545],[-40.5387193,-9.3769002],[-40.5390522,-9.3767434],[-40.5400099,-9.3764287],[-40.5409958,-9.3762896],[-40.5431368,-9.3762361],[-40.5445948,-9.3769366],[-40.5450122,-9.3778191],[-40.5457168,-9.3791024],[-40.5463564,-9.3798941],[-40.5468122,-9.3805774],[-40.5465582,-9.3806136],[-40.5464277,-9.3818809],[-40.5418764,-9.3832381]]]},"id":"relation/16940103"},{"type":"Feature","properties":{"@id":"relation/16941204","admin_level":10,"boundary":"administrative","name":"Cosme e Damião","place":"suburb","source":"mapa pref","type":"boundary"},"geometry":{"type":"Polygon","coordinates":[[[-40.5477137,-9.3584608],[-40.5480071,-9.3586667],[-40.5492527,-9.3616265],[-40.5500809,-9.3617101],[-40.5504953,-9.3631934],[-40.5513225,-9.3629802],[-40.5527668,-9.3704031],[-40.5493298,-9.37059],[-40.5459964,-9.3707993],[-40.5459799,-9.3700159],[-40.5453208,-9.368146],[-40.5439349,-9.3666198],[-40.5433715,-9.365852],[-40.5434472,-9.3657231],[-40.5438242,-9.3650814],[-40.5442265,-9.3643966],[-40.5444995,-9.3639319],[-40.5445055,-9.3639218],[-40.544508,-9.3639174],[-40.5445766,-9.3638007],[-40.5469156,-9.3598193],[-40.5473915,-9.3590082],[-40.5474653,-9.3588826],[-40.5477137,-9.3584608]]]},"id":"relation/16941204"},{"type":"Feature","properties":{"@id":"relation/16941209","admin_level":10,"boundary":"administrative","name":"Ipsep II","place":"suburb","source":"mapa pref","type":"boundary"},"geometry":{"type":"Polygon","coordinates":[[[-40.5433711,-9.3658524],[-40.5439344,-9.36662],[-40.5453202,-9.3681463],[-40.5459793,-9.3700162],[-40.5459959,-9.3707995],[-40.5442871,-9.3709069],[-40.5432752,-9.3712166],[-40.5422,-9.3717433],[-40.5414558,-9.3723462],[-40.5403492,-9.3734148],[-40.5396195,-9.3739411],[-40.5393454,-9.3739255],[-40.539158,-9.3738095],[-40.5387273,-9.3734688],[-40.5394729,-9.3724707],[-40.5404675,-9.3707829],[-40.5406269,-9.3705123],[-40.5409716,-9.3699271],[-40.5412475,-9.3694584],[-40.5416814,-9.3686437],[-40.541992,-9.3680685],[-40.5420219,-9.368013],[-40.5421021,-9.3678872],[-40.5422098,-9.3677056],[-40.5422623,-9.3676171],[-40.5423299,-9.367504],[-40.5424116,-9.3673677],[-40.5430092,-9.366467],[-40.5431116,-9.3662931],[-40.5433711,-9.3658524]]]},"id":"relation/16941209"},{"type":"Feature","properties":{"@id":"relation/16946607","admin_level":10,"boundary":"administrative","name":"Jardim São Paulo","place":"suburb","source":"mapa pref.","type":"boundary"},"geometry":{"type":"Polygon","coordinates":[[[-40.5303704,-9.3656171],[-40.5331398,-9.3683261],[-40.5339041,-9.3683582],[-40.5339722,-9.3672394],[-40.537934,-9.3674793],[-40.5379262,-9.3680134],[-40.5384753,-9.3686868],[-40.5396983,-9.3704536],[-40.5402809,-9.3710986],[-40.5402781,-9.3711034],[-40.5401746,-9.3712791],[-40.5400872,-9.3714275],[-40.5399174,-9.3717158],[-40.5398168,-9.3718867],[-40.5397354,-9.3720249],[-40.5396216,-9.372218],[-40.5394729,-9.3724707],[-40.5394643,-9.3724852],[-40.5394035,-9.3725663],[-40.5390603,-9.3730239],[-40.5387266,-9.3734689],[-40.5391576,-9.37381],[-40.5380572,-9.3752674],[-40.5377214,-9.3749429],[-40.5348048,-9.3721308],[-40.5298814,-9.3673669],[-40.5303704,-9.3656171]]]},"id":"relation/16946607"},{"type":"Feature","properties":{"@id":"relation/16946610","admin_level":10,"boundary":"administrative","name":"Residencial Cacheado","place":"suburb","source":"mapa pref.","type":"boundary"},"geometry":{"type":"Polygon","coordinates":[[[-40.5339716,-9.3672392],[-40.5339035,-9.3683574],[-40.5331401,-9.3683256],[-40.5303706,-9.3656166],[-40.5303975,-9.3655274],[-40.5331455,-9.3654495],[-40.5339657,-9.3656971],[-40.5340407,-9.3658375],[-40.5339716,-9.3672392]]]},"id":"relation/16946610"},{"type":"Feature","properties":{"@id":"relation/16946668","admin_level":10,"boundary":"administrative","name":"Quati I","place":"suburb","source":"mapa pref.","type":"boundary"},"geometry":{"type":"Polygon","coordinates":[[[-40.5438484,-9.3650387],[-40.5433709,-9.3658517],[-40.5402911,-9.3710815],[-40.5402814,-9.3710979],[-40.5396987,-9.3704532],[-40.5384757,-9.3686864],[-40.5379268,-9.3680133],[-40.5379347,-9.3674791],[-40.5389813,-9.3639707],[-40.5391261,-9.3639187],[-40.5392572,-9.363405],[-40.5401224,-9.3633459],[-40.5403696,-9.3625846],[-40.5409764,-9.3629653],[-40.5425342,-9.3640899],[-40.5438484,-9.3650387]]]},"id":"relation/16946668"},{"type":"Feature","properties":{"@id":"relation/16946670","admin_level":10,"boundary":"administrative","name":"Quati II","place":"suburb","source":"mapa pref","type":"boundary"},"geometry":{"type":"Polygon","coordinates":[[[-40.5340414,-9.3658378],[-40.5340005,-9.3657612],[-40.5349049,-9.3654083],[-40.5349971,-9.3650392],[-40.5347098,-9.364237],[-40.5366747,-9.3642485],[-40.536799,-9.3634646],[-40.5389807,-9.3639704],[-40.5379342,-9.3674785],[-40.5339723,-9.3672389],[-40.5340414,-9.3658378]]]},"id":"relation/16946670"},{"type":"Feature","properties":{"@id":"relation/16946673","admin_level":10,"boundary":"administrative","name":"Cacheado","place":"suburb","source":"mapa pref.","type":"boundary"},"geometry":{"type":"Polygon","coordinates":[[[-40.5328925,-9.3654561],[-40.5332831,-9.3640528],[-40.534018,-9.3642443],[-40.5347091,-9.364237],[-40.5349964,-9.3650393],[-40.5349045,-9.3654077],[-40.5340003,-9.3657606],[-40.5339659,-9.3656966],[-40.5331458,-9.3654488],[-40.5328925,-9.3654561]]]},"id":"relation/16946673"},{"type":"Feature","properties":{"@id":"relation/16947161","admin_level":10,"boundary":"administrative","name":"Loteamento Bela Vista","place":"suburb","source":"mapa pref.","type":"boundary"},"geometry":{"type":"Polygon","coordinates":[[[-40.54037,-9.3625838],[-40.5406658,-9.3618304],[-40.5408779,-9.3612901],[-40.5416045,-9.3608023],[-40.5416831,-9.3604882],[-40.542215,-9.360636],[-40.5453843,-9.3624248],[-40.544958,-9.3631541],[-40.5447399,-9.3635225],[-40.5446702,-9.3636413],[-40.5445055,-9.3639218],[-40.5444995,-9.3639319],[-40.5438488,-9.3650382],[-40.5409772,-9.3629651],[-40.54037,-9.3625838]]]},"id":"relation/16947161"},{"type":"Feature","properties":{"@id":"relation/16947168","admin_level":10,"boundary":"administrative","name":"Loteamento Jardim São Paulo","place":"suburb","source":"mapa pref.","type":"boundary"},"geometry":{"type":"Polygon","coordinates":[[[-40.5303977,-9.3655266],[-40.5307256,-9.3645795],[-40.5319803,-9.3636241],[-40.5320332,-9.363363],[-40.5336615,-9.3621681],[-40.5338141,-9.3620053],[-40.5339728,-9.3616919],[-40.5342686,-9.3605953],[-40.5381198,-9.361609],[-40.5370083,-9.3628009],[-40.536775,-9.3633731],[-40.5367987,-9.3634638],[-40.5366741,-9.3642478],[-40.5347094,-9.3642364],[-40.5340179,-9.3642436],[-40.5332827,-9.3640524],[-40.5328919,-9.3654561],[-40.5303977,-9.3655266]]]},"id":"relation/16947168"},{"type":"Feature","properties":{"@id":"relation/16947219","admin_level":10,"boundary":"administrative","name":"João de Deus","place":"suburb","source":"map pref.","type":"boundary"},"geometry":{"type":"Polygon","coordinates":[[[-40.530596,-9.3644881],[-40.5342419,-9.3519474],[-40.5350218,-9.3520568],[-40.5353237,-9.3511475],[-40.5366874,-9.352066],[-40.5380884,-9.3522196],[-40.5385927,-9.3523609],[-40.538556,-9.352599],[-40.5499271,-9.3546419],[-40.5489901,-9.3564258],[-40.5487485,-9.3567573],[-40.5485203,-9.3570685],[-40.5478566,-9.3582465],[-40.5477135,-9.3584601],[-40.5475728,-9.3586996],[-40.5474653,-9.3588826],[-40.5473915,-9.3590082],[-40.5453846,-9.3624242],[-40.542216,-9.3606357],[-40.5416829,-9.3604874],[-40.541604,-9.3608018],[-40.5408775,-9.3612894],[-40.5403693,-9.3625838],[-40.5401219,-9.3633454],[-40.5392568,-9.3634046],[-40.5391256,-9.3639183],[-40.5389811,-9.36397],[-40.5367994,-9.363464],[-40.5367756,-9.3633732],[-40.5370089,-9.3628011],[-40.5381208,-9.3616088],[-40.5342682,-9.3605945],[-40.5339724,-9.3616915],[-40.5338135,-9.3620051],[-40.533661,-9.3621675],[-40.5320327,-9.3633625],[-40.5319798,-9.3636237],[-40.5307252,-9.3645791],[-40.530596,-9.3644881]]]},"id":"relation/16947219"},{"type":"Feature","properties":{"@id":"relation/16947233","admin_level":10,"boundary":"administrative","name":"Loteamento Nossa Senhora de Fátima","place":"suburb","source":"mapa pref.","type":"boundary"},"geometry":{"type":"Polygon","coordinates":[[[-40.5298807,-9.3673664],[-40.5295164,-9.3698742],[-40.5294972,-9.3712949],[-40.5263996,-9.3699157],[-40.5235029,-9.3686071],[-40.5249492,-9.3660359],[-40.5262258,-9.3637403],[-40.5264279,-9.3626336],[-40.5307805,-9.363851],[-40.5305954,-9.3644881],[-40.5307249,-9.3645796],[-40.5303969,-9.3655267],[-40.53037,-9.3656165],[-40.5298807,-9.3673664]]]},"id":"relation/16947233"},{"type":"Feature","properties":{"@id":"relation/16947239","admin_level":10,"boundary":"administrative","name":"Jardim Amazonas","place":"suburb","source":"mapa pref.","type":"boundary"},"geometry":{"type":"Polygon","coordinates":[[[-40.5260805,-9.3870344],[-40.5254531,-9.387647],[-40.524692,-9.3870131],[-40.5238626,-9.3863223],[-40.5244227,-9.3840877],[-40.5250784,-9.3822819],[-40.5284085,-9.3744424],[-40.5289098,-9.3736815],[-40.52949,-9.3726166],[-40.52949,-9.3718776],[-40.5297185,-9.3719699],[-40.5315979,-9.3712025],[-40.5324075,-9.3698087],[-40.5380567,-9.375268],[-40.5378423,-9.375552],[-40.5358042,-9.3776925],[-40.5300368,-9.3831558],[-40.5260805,-9.3870344]]]},"id":"relation/16947239"},{"type":"Feature","properties":{"@id":"relation/16947244","admin_level":10,"boundary":"administrative","name":"Alto do Cocar","place":"suburb","source":"mapa pref.","type":"boundary"},"geometry":{"type":"Polygon","coordinates":[[[-40.5294902,-9.3718766],[-40.5295171,-9.3698748],[-40.5298808,-9.3673671],[-40.5324071,-9.3698083],[-40.5315976,-9.3712018],[-40.5297185,-9.3719693],[-40.5294902,-9.3718766]]]},"id":"relation/16947244"},{"type":"Feature","properties":{"@id":"relation/17002048","admin_level":10,"boundary":"administrative","name":"Nova Vida I e II","place":"suburb","source":"mapa pref.","type":"boundary"},"geometry":{"type":"Polygon","coordinates":[[[-40.5264283,-9.3626328],[-40.5274499,-9.3603114],[-40.5286563,-9.3605366],[-40.5301208,-9.3555691],[-40.5303725,-9.3556285],[-40.5304693,-9.3552826],[-40.5330834,-9.3559302],[-40.5307807,-9.3638504],[-40.5264283,-9.3626328]]]},"id":"relation/17002048"},{"type":"Feature","properties":{"@id":"relation/17005422","admin_level":10,"boundary":"administrative","name":"Vale Dourado","place":"suburb","source":"mapa perf.","type":"boundary"},"geometry":{"type":"Polygon","coordinates":[[[-40.5184237,-9.3526436],[-40.523775,-9.3526224],[-40.5232272,-9.3555372],[-40.522249,-9.3598418],[-40.5177038,-9.355357],[-40.5184237,-9.3526436]]]},"id":"relation/17005422"},{"type":"Feature","properties":{"@id":"relation/17006256","admin_level":10,"boundary":"administrative","name":"Pedra Linda","place":"suburb","source":"mapa pref.","type":"boundary"},"geometry":{"type":"Polygon","coordinates":[[[-40.5184239,-9.352643],[-40.5153026,-9.3526103],[-40.514769,-9.3443648],[-40.5144738,-9.3438943],[-40.5137712,-9.3424821],[-40.5133321,-9.3424234],[-40.5126194,-9.3403292],[-40.5144967,-9.341267],[-40.5186021,-9.3433629],[-40.5183795,-9.3444992],[-40.5180276,-9.3463992],[-40.520087,-9.3467572],[-40.519318,-9.3494148],[-40.5228421,-9.3499674],[-40.5237751,-9.3526217],[-40.5184239,-9.352643]]]},"id":"relation/17006256"},{"type":"Feature","properties":{"@id":"relation/17006266","admin_level":10,"boundary":"administrative","name":"Residencial Novo Tempo","place":"suburb","source":"mapa pref.","type":"boundary"},"geometry":{"type":"Polygon","coordinates":[[[-40.5200874,-9.3467566],[-40.5180283,-9.3463987],[-40.51838,-9.3444991],[-40.5184695,-9.344049],[-40.520683,-9.344463],[-40.5200874,-9.3467566]]]},"id":"relation/17006266"},{"type":"Feature","properties":{"@id":"relation/17009581","admin_level":10,"boundary":"administrative","name":"Jardim Maravilha","place":"suburb","source":"mapa pref.","type":"boundary"},"geometry":{"type":"Polygon","coordinates":[[[-40.5189688,-9.3913467],[-40.5184132,-9.3895039],[-40.5174041,-9.3874488],[-40.5171758,-9.3872108],[-40.5167715,-9.3869856],[-40.5099488,-9.3850559],[-40.5110634,-9.3806994],[-40.5238622,-9.3863228],[-40.524692,-9.3870131],[-40.5249862,-9.3872587],[-40.5250268,-9.3872927],[-40.5250459,-9.3873086],[-40.5250883,-9.3873439],[-40.5254529,-9.3876476],[-40.5254121,-9.3876918],[-40.5241915,-9.3888429],[-40.5241605,-9.3888742],[-40.5240535,-9.3889823],[-40.5238717,-9.3891557],[-40.5232882,-9.3896003],[-40.5230153,-9.3898082],[-40.52211,-9.3902734],[-40.5189688,-9.3913467]]]},"id":"relation/17009581"},{"type":"Feature","properties":{"@id":"relation/17009599","admin_level":10,"boundary":"administrative","name":"KM 2","place":"suburb","source":"mapa pref.","type":"boundary"},"geometry":{"type":"Polygon","coordinates":[[[-40.5110629,-9.3806987],[-40.5099483,-9.3850558],[-40.5072391,-9.3843221],[-40.5071004,-9.3842845],[-40.5070965,-9.3842831],[-40.5058381,-9.3838467],[-40.5055369,-9.3837422],[-40.5039901,-9.3826976],[-40.5036559,-9.3824719],[-40.5025549,-9.3776568],[-40.5056442,-9.3782566],[-40.5110629,-9.3806987]]]},"id":"relation/17009599"},{"type":"Feature","properties":{"@id":"relation/17010048","admin_level":10,"boundary":"administrative","name":"Condomínio Carlos Wilson","place":"suburb","source":"mapa pref.","type":"boundary"},"geometry":{"type":"Polygon","coordinates":[[[-40.5189733,-9.3956869],[-40.5184398,-9.3974903],[-40.5172058,-9.3975454],[-40.5171794,-9.3970649],[-40.5169959,-9.3963259],[-40.5180858,-9.3960118],[-40.5189733,-9.3956869]]]},"id":"relation/17010048"},{"type":"Feature","properties":{"@id":"relation/17010065","admin_level":10,"boundary":"administrative","name":"Condomínio Rio Guara","place":"suburb","source":"mapa pref.","type":"boundary"},"geometry":{"type":"Polygon","coordinates":[[[-40.5129905,-9.3933455],[-40.5132183,-9.393274],[-40.513785,-9.3935753],[-40.5141137,-9.3938178],[-40.514269,-9.394091],[-40.5131225,-9.3942749],[-40.5129905,-9.3933455]]]},"id":"relation/17010065"},{"type":"Feature","properties":{"@id":"relation/17010133","admin_level":10,"boundary":"administrative","name":"Palhinhas","place":"suburb","source":"mapa pref.","type":"boundary"},"geometry":{"type":"Polygon","coordinates":[[[-40.5189693,-9.3913474],[-40.5221103,-9.390274],[-40.5230156,-9.3898088],[-40.5238725,-9.389156],[-40.5241605,-9.3888742],[-40.5243274,-9.388722],[-40.5254121,-9.3876918],[-40.5254535,-9.3876476],[-40.5256365,-9.3874688],[-40.5260799,-9.3870357],[-40.5259576,-9.3874356],[-40.5252687,-9.3903031],[-40.5249003,-9.3911551],[-40.5244924,-9.3917075],[-40.5240357,-9.3923474],[-40.5226835,-9.3935062],[-40.5207989,-9.3947997],[-40.5189732,-9.3956864],[-40.5180859,-9.396011],[-40.5169953,-9.3963254],[-40.5171787,-9.397065],[-40.5172053,-9.3975453],[-40.5163607,-9.3975832],[-40.5163684,-9.3981711],[-40.5147929,-9.3981866],[-40.514856,-9.3968187],[-40.5152487,-9.3967544],[-40.5142697,-9.3940907],[-40.514114,-9.3938171],[-40.5137853,-9.3935748],[-40.5132186,-9.3932735],[-40.5189693,-9.3913474]]]},"id":"relation/17010133"},{"type":"Feature","properties":{"@id":"relation/17010859","admin_level":10,"boundary":"administrative","name":"Parque Bandeirante","place":"suburb","source":"mapa pref.","type":"boundary"},"geometry":{"type":"Polygon","coordinates":[[[-40.5129899,-9.3933458],[-40.5131221,-9.3942755],[-40.5142694,-9.3940915],[-40.5152479,-9.3967539],[-40.5148555,-9.3968182],[-40.5120811,-9.3972538],[-40.5107123,-9.3975021],[-40.5096578,-9.3944207],[-40.5113207,-9.3938843],[-40.5129899,-9.3933458]]]},"id":"relation/17010859"},{"type":"Feature","properties":{"@id":"relation/17010860","admin_level":10,"boundary":"administrative","name":"Atrás da Banca","place":"suburb","source":"maoa pref","type":"boundary"},"geometry":{"type":"Polygon","coordinates":[[[-40.5096573,-9.3944211],[-40.5107121,-9.3975027],[-40.5120812,-9.3972544],[-40.5118538,-9.3992504],[-40.5095674,-9.3994727],[-40.5094927,-9.3990335],[-40.5068014,-9.3994324],[-40.506593,-9.3994633],[-40.5054563,-9.3996318],[-40.5050845,-9.3996898],[-40.5048628,-9.3996383],[-40.5047389,-9.3995932],[-40.5049153,-9.3992555],[-40.5051943,-9.3987213],[-40.50539,-9.3983467],[-40.5060562,-9.3970713],[-40.5067081,-9.3961124],[-40.5071322,-9.3954886],[-40.5077517,-9.3950768],[-40.5091594,-9.3945924],[-40.5096573,-9.3944211]]]},"id":"relation/17010860"},{"type":"Feature","properties":{"@id":"relation/17010874","admin_level":10,"boundary":"administrative","name":"Orla II","place":"suburb","source":"mapa pref.","type":"boundary"},"geometry":{"type":"Polygon","coordinates":[[[-40.5047383,-9.3995939],[-40.504863,-9.399639],[-40.5050848,-9.3996905],[-40.5094921,-9.3990341],[-40.5095669,-9.3994733],[-40.5118538,-9.399251],[-40.5117013,-9.4005922],[-40.5116943,-9.4006534],[-40.5117942,-9.4006803],[-40.5117628,-9.4010193],[-40.5094932,-9.4007896],[-40.5095128,-9.4010855],[-40.5090694,-9.4011241],[-40.5090107,-9.4008346],[-40.5080847,-9.400841],[-40.5068717,-9.4012013],[-40.5068717,-9.4013815],[-40.503722,-9.4025395],[-40.5036134,-9.4019195],[-40.5036238,-9.4015186],[-40.5037325,-9.4011255],[-40.5047383,-9.3995939]]]},"id":"relation/17010874"},{"type":"Feature","properties":{"@id":"relation/17010886","admin_level":10,"boundary":"administrative","name":"Gercino Coelho","place":"suburb","source":"mapa pref.","type":"boundary"},"geometry":{"type":"Polygon","coordinates":[[[-40.5099485,-9.3850563],[-40.5167713,-9.3869861],[-40.5171754,-9.3872114],[-40.5174035,-9.3874492],[-40.5184126,-9.389504],[-40.5189683,-9.391347],[-40.5132177,-9.3932734],[-40.5129899,-9.3933452],[-40.5096569,-9.3944205],[-40.507751,-9.3950764],[-40.5071315,-9.3954885],[-40.5067092,-9.3961099],[-40.5062758,-9.3957905],[-40.5065267,-9.3949887],[-40.5066016,-9.3946118],[-40.5077852,-9.3921618],[-40.5084135,-9.3908642],[-40.5088603,-9.3891739],[-40.5099485,-9.3850563]]]},"id":"relation/17010886"},{"type":"Feature","properties":{"@id":"relation/17010976","admin_level":10,"boundary":"administrative","name":"Vila dos Sargentos","place":"suburb","source":"mapa pref.","type":"boundary"},"geometry":{"type":"Polygon","coordinates":[[[-40.5172978,-9.3834377],[-40.5141503,-9.382055],[-40.5147138,-9.3807638],[-40.5178635,-9.3821728],[-40.5172978,-9.3834377]]]},"id":"relation/17010976"},{"type":"Feature","properties":{"@id":"relation/17010995","admin_level":10,"boundary":"administrative","name":"Pedro Raimundo","place":"suburb","source":"mapa pref.","type":"boundary"},"geometry":{"type":"Polygon","coordinates":[[[-40.5249578,-9.3692651],[-40.5294973,-9.3712955],[-40.5294897,-9.3718768],[-40.5294894,-9.3726162],[-40.5289091,-9.3736814],[-40.5284074,-9.3744431],[-40.5274831,-9.3766194],[-40.5235564,-9.3748292],[-40.5226903,-9.3744655],[-40.5236951,-9.3721316],[-40.5249578,-9.3692651]]]},"id":"relation/17010995"},{"type":"Feature","properties":{"@id":"relation/17011066","admin_level":10,"boundary":"administrative","name":"Vale do Grande Rio","place":"suburb","source":"mapa pref.","type":"boundary"},"geometry":{"type":"Polygon","coordinates":[[[-40.5181511,-9.3746073],[-40.5179046,-9.3744565],[-40.5187587,-9.3721002],[-40.5198764,-9.3707393],[-40.5203758,-9.3697538],[-40.5208515,-9.3677358],[-40.5235023,-9.3686074],[-40.5249573,-9.3692649],[-40.5226895,-9.3744658],[-40.5235557,-9.3748296],[-40.5274828,-9.3766201],[-40.5251901,-9.3820175],[-40.5243252,-9.3803351],[-40.5236584,-9.3799171],[-40.5227797,-9.3792282],[-40.5237133,-9.3770687],[-40.5208341,-9.3758844],[-40.5213362,-9.3748937],[-40.5201202,-9.3743209],[-40.5194691,-9.3755903],[-40.5189435,-9.3749943],[-40.5181511,-9.3746073]]]},"id":"relation/17011066"},{"type":"Feature","properties":{"@id":"relation/17011098","admin_level":10,"boundary":"administrative","name":"Ouro Preto (Parte Alta)","place":"suburb","source":"mapa pref.","type":"boundary"},"geometry":{"type":"Polygon","coordinates":[[[-40.5182747,-9.3838672],[-40.5189716,-9.3824988],[-40.5212545,-9.3780869],[-40.5216075,-9.3773593],[-40.5216467,-9.3768871],[-40.5218834,-9.3763166],[-40.5237126,-9.377069],[-40.5227792,-9.3792283],[-40.5236579,-9.3799176],[-40.5243247,-9.3803355],[-40.5251899,-9.3820181],[-40.524422,-9.3840877],[-40.523862,-9.3863219],[-40.5182747,-9.3838672]]]},"id":"relation/17011098"},{"type":"Feature","properties":{"@id":"relation/17011115","admin_level":10,"boundary":"administrative","name":"Ouro Preto (Parte Baixa)","place":"suburb","source":"mapa pref.","type":"boundary"},"geometry":{"type":"Polygon","coordinates":[[[-40.5127491,-9.381439],[-40.5143617,-9.3779738],[-40.5150511,-9.3766001],[-40.5153476,-9.3764455],[-40.5157818,-9.3759147],[-40.5160272,-9.3757098],[-40.5166029,-9.3744155],[-40.517904,-9.3744567],[-40.5181508,-9.3746077],[-40.518943,-9.3749949],[-40.5194691,-9.3755912],[-40.5201205,-9.3743217],[-40.5213353,-9.374894],[-40.5208335,-9.3758846],[-40.5218827,-9.3763165],[-40.5216461,-9.3768868],[-40.5216069,-9.3773593],[-40.5212539,-9.3780864],[-40.5182742,-9.3838669],[-40.5172983,-9.3834379],[-40.5178642,-9.3821726],[-40.5147135,-9.3807631],[-40.5141496,-9.3820548],[-40.5127491,-9.381439]]]},"id":"relation/17011115"},{"type":"Feature","properties":{"@id":"relation/17011124","admin_level":10,"boundary":"administrative","name":"Condomínio Morada Nova Mais Viver","place":"suburb","source":"mapa pref.","type":"boundary"},"geometry":{"type":"Polygon","coordinates":[[[-40.5216247,-9.3623292],[-40.5211757,-9.3635491],[-40.5209272,-9.3639196],[-40.5186777,-9.3618748],[-40.5197792,-9.3606786],[-40.5216247,-9.3623292]]]},"id":"relation/17011124"},{"type":"Feature","properties":{"@id":"relation/17011128","admin_level":10,"boundary":"administrative","name":"Condomínio Mais Viver Vinhedos","place":"suburb","source":"maoa pref.","type":"boundary"},"geometry":{"type":"Polygon","coordinates":[[[-40.5204606,-9.3634966],[-40.5201828,-9.36376],[-40.5198465,-9.3644081],[-40.5193235,-9.3641194],[-40.5181809,-9.3630688],[-40.5190474,-9.3622116],[-40.5204606,-9.3634966]]]},"id":"relation/17011128"},{"type":"Feature","properties":{"@id":"relation/17011204","admin_level":10,"boundary":"administrative","name":"Condomínio Solares Mais Viver","place":"suburb","source":"mapa pref","type":"boundary"},"geometry":{"type":"Polygon","coordinates":[[[-40.5222488,-9.3598423],[-40.5216252,-9.3623288],[-40.5197794,-9.3606779],[-40.5193931,-9.3603385],[-40.5210015,-9.3586117],[-40.5222488,-9.3598423]]]},"id":"relation/17011204"},{"type":"Feature","properties":{"@id":"relation/17011211","admin_level":10,"boundary":"administrative","name":"Antônio Cassimiro II","place":"suburb","source":"mapa pref.","type":"boundary"},"geometry":{"type":"Polygon","coordinates":[[[-40.5144787,-9.3677889],[-40.5203753,-9.3697534],[-40.5198759,-9.370739],[-40.5187581,-9.3721],[-40.5179041,-9.3744561],[-40.5166026,-9.3744148],[-40.5160268,-9.3757092],[-40.5157811,-9.3759148],[-40.5153472,-9.376445],[-40.5150504,-9.3765999],[-40.5127484,-9.381439],[-40.5110635,-9.3806986],[-40.5144787,-9.3677889]]]},"id":"relation/17011211"},{"type":"Feature","properties":{"@id":"relation/17013244","admin_level":10,"boundary":"administrative","name":"Condomínio Mais Viver Petrolina","place":"suburb","source":"mapa pref","type":"boundary"},"geometry":{"type":"Polygon","coordinates":[[[-40.5161636,-9.3614163],[-40.515622,-9.3634112],[-40.513206,-9.3628091],[-40.5135811,-9.3613642],[-40.513413,-9.3613219],[-40.5135526,-9.3607695],[-40.5161636,-9.3614163]]]},"id":"relation/17013244"},{"type":"Feature","properties":{"@id":"relation/17013282","admin_level":10,"boundary":"administrative","name":"Condomínio Mais Viver Grande Rio","place":"suburb","source":"mapa pref.","type":"boundary"},"geometry":{"type":"Polygon","coordinates":[[[-40.5156219,-9.3634118],[-40.5152699,-9.3647755],[-40.5137163,-9.3643638],[-40.5133999,-9.3655698],[-40.5125588,-9.365349],[-40.5132054,-9.3628096],[-40.5156219,-9.3634118]]]},"id":"relation/17013282"},{"type":"Feature","properties":{"@id":"relation/17013335","admin_level":10,"boundary":"administrative","name":"Condomínio Mais Viver São Francisco","place":"suburb","source":"mapa pref.","type":"boundary"},"geometry":{"type":"Polygon","coordinates":[[[-40.5152698,-9.3647762],[-40.5149485,-9.365967],[-40.5134005,-9.3655701],[-40.5137167,-9.3643645],[-40.5152698,-9.3647762]]]},"id":"relation/17013335"},{"type":"Feature","properties":{"@id":"relation/17013348","admin_level":10,"boundary":"administrative","name":"Condomínio Vila Real","place":"suburb","source":"map pref.","type":"boundary"},"geometry":{"type":"Polygon","coordinates":[[[-40.5149485,-9.3659676],[-40.5147091,-9.3668912],[-40.5131246,-9.3664659],[-40.5131868,-9.3662271],[-40.512805,-9.3661442],[-40.5128371,-9.3660211],[-40.5124899,-9.3659382],[-40.5125431,-9.3657553],[-40.5123429,-9.365698],[-40.5124519,-9.3653213],[-40.5133999,-9.3655704],[-40.5149485,-9.3659676]]]},"id":"relation/17013348"},{"type":"Feature","properties":{"@id":"relation/17013394","admin_level":10,"boundary":"administrative","name":"Condomínio Vila Verde","place":"suburb","source":"mapa pref.","type":"boundary"},"geometry":{"type":"Polygon","coordinates":[[[-40.5131239,-9.3664654],[-40.5123268,-9.3683181],[-40.5118298,-9.3695513],[-40.5113028,-9.3694324],[-40.5113867,-9.3691374],[-40.5114878,-9.3689909],[-40.5114233,-9.3689145],[-40.5115889,-9.368645],[-40.5115287,-9.3686131],[-40.5117223,-9.3679042],[-40.5122386,-9.3658857],[-40.5122644,-9.3658497],[-40.5123053,-9.3658624],[-40.5123427,-9.3656986],[-40.5125424,-9.3657557],[-40.5124893,-9.3659384],[-40.5128364,-9.3660215],[-40.5128045,-9.3661445],[-40.5131861,-9.3662277],[-40.5131239,-9.3664654]]]},"id":"relation/17013394"},{"type":"Feature","properties":{"@id":"relation/17013397","admin_level":10,"boundary":"administrative","name":"Park Mandacaru","place":"suburb","source":"mapa pref.","type":"boundary"},"geometry":{"type":"Polygon","coordinates":[[[-40.5142527,-9.3581191],[-40.5135522,-9.3607691],[-40.5134124,-9.3613222],[-40.5135804,-9.3613646],[-40.5132054,-9.3628089],[-40.5126909,-9.3624734],[-40.5090936,-9.3599696],[-40.5089676,-9.3593004],[-40.5142527,-9.3581191]]]},"id":"relation/17013397"},{"type":"Feature","properties":{"@id":"relation/17013407","admin_level":10,"boundary":"administrative","name":"Mandacaru","place":"suburb","source":"mapa pref.","type":"boundary"},"geometry":{"type":"Polygon","coordinates":[[[-40.5089671,-9.3593004],[-40.5090931,-9.3599698],[-40.5132048,-9.3628092],[-40.5125582,-9.3653486],[-40.5124516,-9.3653207],[-40.5123422,-9.3656981],[-40.5123049,-9.3658617],[-40.5122643,-9.3658489],[-40.5122383,-9.3658851],[-40.5119646,-9.3669548],[-40.5103543,-9.3658297],[-40.5102716,-9.3659503],[-40.5096652,-9.3655466],[-40.5092405,-9.3639729],[-40.5088441,-9.3617007],[-40.5084949,-9.3593902],[-40.5089671,-9.3593004]]]},"id":"relation/17013407"},{"type":"Feature","properties":{"@id":"relation/17013440","admin_level":10,"boundary":"administrative","name":"Antônio Cassimiro","place":"suburb","source":"mapa pref.","type":"boundary"},"geometry":{"type":"Polygon","coordinates":[[[-40.5172089,-9.3574644],[-40.514253,-9.3581185],[-40.5089674,-9.3592998],[-40.5084943,-9.35939],[-40.5088434,-9.3617005],[-40.5092397,-9.3639732],[-40.5096646,-9.3655469],[-40.5102717,-9.3659509],[-40.5103544,-9.3658305],[-40.5119643,-9.3669554],[-40.511528,-9.3686133],[-40.5115881,-9.3686452],[-40.5114227,-9.3689144],[-40.511487,-9.3689909],[-40.5113864,-9.3691364],[-40.5113024,-9.3694328],[-40.5118304,-9.3695519],[-40.5131242,-9.3664664],[-40.5147089,-9.3668917],[-40.5144783,-9.3677883],[-40.511063,-9.380698],[-40.5068925,-9.3788185],[-40.5065748,-9.3730949],[-40.5054551,-9.3718495],[-40.5038248,-9.3701123],[-40.5033748,-9.3697133],[-40.5020771,-9.3691536],[-40.5015619,-9.368819],[-40.500127,-9.367513],[-40.5009672,-9.3668296],[-40.5012056,-9.3656197],[-40.5028293,-9.3642978],[-40.5050578,-9.3624475],[-40.5032971,-9.3603049],[-40.5037308,-9.3598958],[-40.507663,-9.3542833],[-40.5079084,-9.3544044],[-40.5087578,-9.3513406],[-40.5140161,-9.3530553],[-40.5152222,-9.3534766],[-40.5157727,-9.3537464],[-40.5164956,-9.3542157],[-40.5169788,-9.3546444],[-40.5177031,-9.355357],[-40.5175923,-9.3559353],[-40.5172089,-9.3574644]]]},"id":"relation/17013440"},{"type":"Feature","properties":{"@id":"relation/17013443","admin_level":10,"boundary":"administrative","name":"Terras do Sul","place":"suburb","source":"mapa pref","type":"boundary"},"geometry":{"type":"Polygon","coordinates":[[[-40.5087574,-9.3513401],[-40.507908,-9.3544034],[-40.5076629,-9.3542826],[-40.5037303,-9.3598956],[-40.5032964,-9.3603047],[-40.5028532,-9.3606368],[-40.5000752,-9.3573295],[-40.5004078,-9.3570142],[-40.5016142,-9.3553799],[-40.5054453,-9.3502458],[-40.5087574,-9.3513401]]]},"id":"relation/17013443"},{"type":"Feature","properties":{"@id":"relation/17013452","admin_level":10,"boundary":"administrative","name":"São Joaquim","place":"suburb","source":"mapa pref.","type":"boundary"},"geometry":{"type":"Polygon","coordinates":[[[-40.5054449,-9.3502452],[-40.5016137,-9.3553794],[-40.5015975,-9.3554015],[-40.5000032,-9.3542676],[-40.5032098,-9.349516],[-40.5054449,-9.3502452]]]},"id":"relation/17013452"},{"type":"Feature","properties":{"@id":"relation/17013501","admin_level":10,"boundary":"administrative","name":"Parque Petrolina","place":"suburb","source":"mapa pref.","type":"boundary"},"geometry":{"type":"Polygon","coordinates":[[[-40.492251,-9.3460995],[-40.4899295,-9.3455783],[-40.4885339,-9.3453403],[-40.4907251,-9.3429659],[-40.4923488,-9.3412028],[-40.4944682,-9.3393496],[-40.4952181,-9.3380691],[-40.4963006,-9.3396778],[-40.492251,-9.3460995]]]},"id":"relation/17013501"},{"type":"Feature","properties":{"@id":"relation/17013562","admin_level":10,"boundary":"administrative","name":"Dom Avelar","place":"suburb","source":"mapa pref.","type":"boundary"},"geometry":{"type":"Polygon","coordinates":[[[-40.5032093,-9.3495153],[-40.5000025,-9.3542679],[-40.5015971,-9.355402],[-40.5004075,-9.3570136],[-40.5000748,-9.3573293],[-40.4959028,-9.3607885],[-40.4956058,-9.3604602],[-40.4828669,-9.3537294],[-40.4752883,-9.3498462],[-40.4735433,-9.3464803],[-40.475905,-9.3453264],[-40.4780276,-9.3447399],[-40.4802455,-9.3446188],[-40.4847036,-9.3447951],[-40.4855356,-9.3449129],[-40.4885334,-9.3453409],[-40.4899293,-9.3455788],[-40.4922508,-9.3461001],[-40.494981,-9.3468231],[-40.5032093,-9.3495153]]]},"id":"relation/17013562"},{"type":"Feature","properties":{"@id":"relation/17013567","admin_level":10,"boundary":"administrative","name":"São Jorge","place":"suburb","source":"mapa pref.","type":"boundary"},"geometry":{"type":"Polygon","coordinates":[[[-40.5016076,-9.3591551],[-40.497392,-9.3625891],[-40.4959031,-9.3607889],[-40.5000749,-9.35733],[-40.5016076,-9.3591551]]]},"id":"relation/17013567"},{"type":"Feature","properties":{"@id":"relation/17013596","admin_level":10,"boundary":"administrative","name":"Santa Luzia","place":"suburb","source":"maoa pref.","type":"boundary"},"geometry":{"type":"Polygon","coordinates":[[[-40.5009667,-9.3668291],[-40.4993977,-9.3650422],[-40.4973922,-9.3625896],[-40.5016081,-9.3591554],[-40.5028534,-9.3606374],[-40.5032967,-9.3603053],[-40.505057,-9.3624474],[-40.5012053,-9.3656191],[-40.5009667,-9.3668291]]]},"id":"relation/17013596"},{"type":"Feature","properties":{"@id":"relation/17018723","admin_level":10,"boundary":"administrative","name":"Vila Eulália","place":"suburb","source":"mapa pref.","type":"boundary"},"geometry":{"type":"Polygon","coordinates":[[[-40.5025547,-9.3776563],[-40.4971147,-9.3766948],[-40.4985387,-9.3687038],[-40.5001263,-9.3675131],[-40.5015617,-9.3688197],[-40.5020765,-9.3691541],[-40.5033746,-9.3697138],[-40.5038248,-9.370113],[-40.5065742,-9.3730953],[-40.506892,-9.3788183],[-40.5056449,-9.3782563],[-40.5025547,-9.3776563]]]},"id":"relation/17018723"},{"type":"Feature","properties":{"@id":"relation/17018725","admin_level":10,"boundary":"administrative","name":"José e Maria","place":"suburb","source":"mapa pref.","type":"boundary"},"geometry":{"type":"Polygon","coordinates":[[[-40.497114,-9.3766946],[-40.4910665,-9.3756613],[-40.4897426,-9.3750826],[-40.488709,-9.3744499],[-40.4881144,-9.3739277],[-40.4871928,-9.3727235],[-40.4862495,-9.3709972],[-40.4890773,-9.3694911],[-40.4973916,-9.3625897],[-40.4993971,-9.3650424],[-40.5009663,-9.3668296],[-40.5001263,-9.3675125],[-40.4985384,-9.3687033],[-40.497114,-9.3766946]]]},"id":"relation/17018725"},{"type":"Feature","properties":{"@id":"relation/17018728","admin_level":10,"boundary":"administrative","name":"Padre Cícero","place":"suburb","source":"mapa pref.","type":"boundary"},"geometry":{"type":"Polygon","coordinates":[[[-40.4882981,-9.3677301],[-40.4864119,-9.3643872],[-40.4868695,-9.3640949],[-40.4833412,-9.3580359],[-40.4803041,-9.3595258],[-40.475288,-9.3498468],[-40.4956057,-9.3604608],[-40.4959023,-9.3607889],[-40.4973912,-9.3625892],[-40.4891248,-9.3694504],[-40.4882981,-9.3677301]]]},"id":"relation/17018728"},{"type":"Feature","properties":{"@id":"relation/17018729","admin_level":10,"boundary":"administrative","name":"Cidade Jardim","place":"suburb","source":"mapa pref.","type":"boundary"},"geometry":{"type":"Polygon","coordinates":[[[-40.5036554,-9.3824722],[-40.501154,-9.3837928],[-40.5004441,-9.3772839],[-40.5025547,-9.3776563],[-40.5036554,-9.3824722]]]},"id":"relation/17018729"},{"type":"Feature","properties":{"@id":"relation/17018739","admin_level":10,"boundary":"administrative","name":"Caminho do Sol","place":"suburb","source":"mapa pref.","type":"boundary"},"geometry":{"type":"Polygon","coordinates":[[[-40.5011536,-9.3837931],[-40.498575,-9.3851786],[-40.4959599,-9.3766876],[-40.4960202,-9.3765083],[-40.4971142,-9.3766951],[-40.5004436,-9.3772837],[-40.5011536,-9.3837931]]]},"id":"relation/17018739"},{"type":"Feature","properties":{"@id":"relation/17018741","admin_level":10,"boundary":"administrative","name":"Dom Malan","place":"suburb","source":"mapa pref.","type":"boundary"},"geometry":{"type":"Polygon","coordinates":[[[-40.4985745,-9.3851792],[-40.4966856,-9.3861903],[-40.4966786,-9.3861931],[-40.494304,-9.3871266],[-40.4941553,-9.3840236],[-40.4963947,-9.3839214],[-40.4961022,-9.3777127],[-40.4959592,-9.3766875],[-40.4985745,-9.3851792]]]},"id":"relation/17018741"},{"type":"Feature","properties":{"@id":"relation/17046331","admin_level":10,"boundary":"administrative","name":"Cohab 3","place":"suburb","source":"mapa pref.","type":"boundary"},"geometry":{"type":"Polygon","coordinates":[[[-40.4960196,-9.3765083],[-40.4959595,-9.3766867],[-40.4959587,-9.3766876],[-40.4961017,-9.377713],[-40.4961405,-9.3785409],[-40.488578,-9.3788224],[-40.4882356,-9.3748836],[-40.4887086,-9.3744505],[-40.4897423,-9.375083],[-40.4910661,-9.3756618],[-40.4960196,-9.3765083]]]},"id":"relation/17046331"},{"type":"Feature","properties":{"@id":"relation/17046383","admin_level":10,"boundary":"administrative","name":"Areia Branca","place":"suburb","source":"mapa pref.","type":"boundary"},"geometry":{"type":"Polygon","coordinates":[[[-40.4885783,-9.3788229],[-40.4961405,-9.3785416],[-40.4963941,-9.3839207],[-40.4941547,-9.3840232],[-40.4943036,-9.387127],[-40.4908575,-9.3884573],[-40.4890688,-9.389448],[-40.4885783,-9.3788229]]]},"id":"relation/17046383"},{"type":"Feature","properties":{"@id":"relation/17046780","admin_level":10,"boundary":"administrative","name":"Nova York","place":"suburb","source":"mapa pref.","type":"boundary"},"geometry":{"type":"Polygon","coordinates":[[[-40.488235,-9.3748833],[-40.4885775,-9.3788229],[-40.4886638,-9.3806857],[-40.4870159,-9.3808193],[-40.4856628,-9.3802356],[-40.4874423,-9.3765209],[-40.4876592,-9.3756759],[-40.4877025,-9.3749111],[-40.488235,-9.3748833]]]},"id":"relation/17046780"},{"type":"Feature","properties":{"@id":"relation/17046782","admin_level":10,"boundary":"administrative","name":"Vila eduardo","place":"suburb","source":"mapa pref.","type":"boundary"},"geometry":{"type":"Polygon","coordinates":[[[-40.4856624,-9.3802361],[-40.4870158,-9.38082],[-40.4886638,-9.3806862],[-40.4890682,-9.3894484],[-40.4885932,-9.3897203],[-40.485705,-9.3919897],[-40.4839553,-9.3934241],[-40.4807539,-9.391169],[-40.4811191,-9.389863],[-40.4856624,-9.3802361]]]},"id":"relation/17046782"},{"type":"Feature","properties":{"@id":"relation/17047221","admin_level":10,"boundary":"administrative","name":"Condomínio San Rafael","place":"suburb","source":"mapa pref.","type":"boundary"},"geometry":{"type":"Polygon","coordinates":[[[-40.5043898,-9.3865463],[-40.5036764,-9.3858496],[-40.5044236,-9.3851093],[-40.5046488,-9.3853508],[-40.5051553,-9.3858465],[-40.5043898,-9.3865463]]]},"id":"relation/17047221"},{"type":"Feature","properties":{"@id":"relation/17047234","admin_level":10,"boundary":"administrative","name":"Condomínio San Diego","place":"suburb","source":"mapa pref","type":"boundary"},"geometry":{"type":"Polygon","coordinates":[[[-40.5044251,-9.3851086],[-40.5036762,-9.3858323],[-40.502941,-9.3850916],[-40.5036801,-9.3843815],[-40.503923,-9.384609],[-40.5044251,-9.3851086]]]},"id":"relation/17047234"},{"type":"Feature","properties":{"@id":"relation/17047265","admin_level":10,"boundary":"administrative","name":"Condomínio Paulo Coelho","place":"suburb","source":"mapa pref.","type":"boundary"},"geometry":{"type":"Polygon","coordinates":[[[-40.5051375,-9.3858526],[-40.5044983,-9.3851835],[-40.5053909,-9.3843294],[-40.5060208,-9.3849788],[-40.5051375,-9.3858526]]]},"id":"relation/17047265"},{"type":"Feature","properties":{"@id":"relation/17047270","admin_level":10,"boundary":"administrative","name":"Condomínio Residencial Vila Mariana","place":"suburb","source":"mapa pref.","type":"boundary"},"geometry":{"type":"Polygon","coordinates":[[[-40.5053909,-9.3843294],[-40.5044983,-9.3851835],[-40.5044238,-9.3851085],[-40.503923,-9.384609],[-40.5048099,-9.3837501],[-40.5052381,-9.3841774],[-40.5053909,-9.3843294]]]},"id":"relation/17047270"},{"type":"Feature","properties":{"@id":"relation/17047282","admin_level":10,"boundary":"administrative","name":"Condomínio Residencial Califórnia","place":"suburb","source":"mapa pref.","type":"boundary"},"geometry":{"type":"Polygon","coordinates":[[[-40.5048099,-9.3837501],[-40.503923,-9.384609],[-40.5036801,-9.3843815],[-40.5045646,-9.3835019],[-40.5048099,-9.3837501]]]},"id":"relation/17047282"},{"type":"Feature","properties":{"@id":"relation/17047766","admin_level":10,"boundary":"administrative","name":"Vila Mocó","place":"suburb","source":"mapa pref","type":"boundary"},"geometry":{"type":"Polygon","coordinates":[[[-40.5045646,-9.3835019],[-40.5044531,-9.3830109],[-40.5055367,-9.3837427],[-40.5071,-9.384285],[-40.5099478,-9.3850564],[-40.5088603,-9.3891739],[-40.5070415,-9.3888432],[-40.5041601,-9.3892083],[-40.5039323,-9.3874363],[-40.5040436,-9.3874133],[-40.5039526,-9.387026],[-40.5017841,-9.3892539],[-40.5013949,-9.388701],[-40.5011396,-9.3881296],[-40.5010462,-9.3879607],[-40.5005169,-9.387457],[-40.5003706,-9.387371],[-40.5002176,-9.3873208],[-40.4993305,-9.3872091],[-40.4999817,-9.3864176],[-40.503057,-9.3834106],[-40.5027954,-9.3829268],[-40.5036557,-9.3824726],[-40.5044525,-9.3830107],[-40.5045638,-9.3835021],[-40.5036801,-9.3843815],[-40.5029413,-9.3850916],[-40.5036757,-9.3858498],[-40.5043896,-9.386547],[-40.5051562,-9.3858464],[-40.5060208,-9.3849788],[-40.5053917,-9.3843296],[-40.5052381,-9.3841774],[-40.5049517,-9.3838935],[-40.5048099,-9.3837501],[-40.5045646,-9.3835019]]]},"id":"relation/17047766"},{"type":"Feature","properties":{"@id":"relation/17047784","admin_level":10,"boundary":"administrative","name":"Maria Auxiliadora","place":"suburb","source":"mapa pref.","type":"boundary"},"geometry":{"type":"Polygon","coordinates":[[[-40.4993298,-9.3872089],[-40.4978389,-9.3867726],[-40.4932367,-9.3902274],[-40.4905915,-9.3922276],[-40.4904072,-9.3941261],[-40.4897838,-9.3943347],[-40.4893285,-9.392987],[-40.4892313,-9.3924448],[-40.4890687,-9.3894488],[-40.4903231,-9.3887524],[-40.4908575,-9.3884581],[-40.4943043,-9.3871273],[-40.4966856,-9.3861903],[-40.4985752,-9.3851792],[-40.5011542,-9.3837935],[-40.5027949,-9.3829273],[-40.5030561,-9.3834105],[-40.4999816,-9.3864168],[-40.4993298,-9.3872089]]]},"id":"relation/17047784"},{"type":"Feature","properties":{"@id":"relation/17047839","admin_level":10,"boundary":"administrative","name":"River Shopping","place":"suburb","source":"mapa pref.","type":"boundary"},"geometry":{"type":"Polygon","coordinates":[[[-40.4910572,-9.3934944],[-40.4908621,-9.3932109],[-40.4924882,-9.3920879],[-40.494689,-9.3953127],[-40.493632,-9.3957565],[-40.4928785,-9.3962165],[-40.4910572,-9.3934944]]]},"id":"relation/17047839"},{"type":"Feature","properties":{"@id":"relation/17051831","admin_level":10,"boundary":"administrative","name":"Centro","place":"suburb","source":"mapa pref.","type":"boundary"},"geometry":{"type":"Polygon","coordinates":[[[-40.4908616,-9.3932105],[-40.4905047,-9.3931277],[-40.490592,-9.3922279],[-40.4978391,-9.3867735],[-40.4993299,-9.3872095],[-40.5002177,-9.3873214],[-40.5003702,-9.3873716],[-40.5005165,-9.3874576],[-40.5010455,-9.3879611],[-40.501139,-9.3881298],[-40.5013944,-9.3887015],[-40.5017837,-9.3892544],[-40.5039523,-9.3870271],[-40.5040429,-9.3874129],[-40.5039318,-9.3874358],[-40.5041597,-9.389209],[-40.5070414,-9.3888438],[-40.5088596,-9.3891744],[-40.508413,-9.3908637],[-40.5069131,-9.3939662],[-40.506601,-9.3946118],[-40.5065261,-9.3949887],[-40.5062751,-9.3957907],[-40.5067087,-9.3961103],[-40.5060557,-9.3970708],[-40.5047383,-9.3995933],[-40.5044723,-9.3999982],[-40.504126,-9.4005254],[-40.5037318,-9.4011255],[-40.5036232,-9.4015186],[-40.5036128,-9.4019197],[-40.5028404,-9.4018664],[-40.501257,-9.401757],[-40.500021,-9.4019011],[-40.498167,-9.4020896],[-40.4955746,-9.4024511],[-40.495545,-9.4022731],[-40.4936417,-9.4024123],[-40.4923341,-9.4001916],[-40.4933397,-9.4000872],[-40.4916502,-9.3976063],[-40.4897839,-9.3943353],[-40.4904078,-9.3941266],[-40.4905047,-9.3931284],[-40.4908615,-9.3932113],[-40.4928783,-9.3962171],[-40.4936323,-9.3957571],[-40.4946899,-9.3953127],[-40.4924883,-9.3920872],[-40.4908616,-9.3932105]]]},"id":"relation/17051831"},{"type":"Feature","properties":{"@id":"relation/17051880","admin_level":10,"boundary":"administrative","name":"Orla I","place":"suburb","source":"mapa pref.","type":"boundary"},"geometry":{"type":"Polygon","coordinates":[[[-40.4936419,-9.4024129],[-40.4955445,-9.4022738],[-40.4955744,-9.4024517],[-40.4981672,-9.4020902],[-40.5000217,-9.4019015],[-40.5012567,-9.4017576],[-40.5028404,-9.4018664],[-40.5036128,-9.4019203],[-40.5037055,-9.4024484],[-40.5037216,-9.4025401],[-40.5037246,-9.4025534],[-40.5038219,-9.4029806],[-40.5010386,-9.4037669],[-40.4960276,-9.4049081],[-40.4957994,-9.4034862],[-40.495069,-9.4034283],[-40.493916,-9.4031256],[-40.4936419,-9.4024129]]]},"id":"relation/17051880"},{"type":"Feature","properties":{"@id":"relation/17052081","admin_level":10,"boundary":"administrative","name":"Loteamento Nossa Senhora Rainha dos Anjos","place":"suburb","source":"mapa pref.","type":"boundary"},"geometry":{"type":"Polygon","coordinates":[[[-40.4923333,-9.4001918],[-40.4936413,-9.4024128],[-40.4939155,-9.4031258],[-40.4909656,-9.4023207],[-40.4906078,-9.4002725],[-40.4923333,-9.4001918]]]},"id":"relation/17052081"},{"type":"Feature","properties":{"@id":"relation/17052105","admin_level":10,"boundary":"administrative","name":"Condomínio Granville","place":"suburb","source":"mapa pref.","type":"boundary"},"geometry":{"type":"Polygon","coordinates":[[[-40.4939159,-9.4031263],[-40.4942431,-9.4046127],[-40.4914855,-9.4053284],[-40.4909655,-9.4023215],[-40.4939159,-9.4031263]]]},"id":"relation/17052105"},{"type":"Feature","properties":{"@id":"relation/17052476","admin_level":10,"boundary":"administrative","name":"Vila Dos Ingás I","place":"suburb","source":"mapa pref.","type":"boundary"},"geometry":{"type":"Polygon","coordinates":[[[-40.4855927,-9.3988845],[-40.4850436,-9.4007891],[-40.4833256,-9.4002956],[-40.4828312,-9.4000591],[-40.4820184,-9.3994531],[-40.4813808,-9.3985744],[-40.4809561,-9.3975874],[-40.4808617,-9.3967308],[-40.4832306,-9.3966842],[-40.4835893,-9.3975594],[-40.4842216,-9.3982578],[-40.4850144,-9.398742],[-40.4855927,-9.3988845]]]},"id":"relation/17052476"},{"type":"Feature","properties":{"@id":"relation/17052518","admin_level":10,"boundary":"administrative","name":"Condomínio Iate Club","place":"suburb","source":"mapa pref.","type":"boundary"},"geometry":{"type":"Polygon","coordinates":[[[-40.4850438,-9.4007898],[-40.484938,-9.4011699],[-40.4859143,-9.4075331],[-40.4840362,-9.4079521],[-40.4829256,-9.400105],[-40.4833253,-9.4002962],[-40.4850438,-9.4007898]]]},"id":"relation/17052518"},{"type":"Feature","properties":{"@id":"relation/17052527","admin_level":10,"boundary":"administrative","name":"Condomínio Água Viva","place":"suburb","source":"mapa pref.","type":"boundary"},"geometry":{"type":"Polygon","coordinates":[[[-40.4816996,-9.4001281],[-40.4831755,-9.407051],[-40.4825104,-9.407199],[-40.4810692,-9.4002508],[-40.4816996,-9.4001281]]]},"id":"relation/17052527"},{"type":"Feature","properties":{"@id":"relation/17052567","admin_level":10,"boundary":"administrative","name":"Condomínio Portal das Águas","place":"suburb","source":"mapa pref.","type":"boundary"},"geometry":{"type":"Polygon","coordinates":[[[-40.4789045,-9.4006199],[-40.4778609,-9.4057843],[-40.4775771,-9.4090782],[-40.474351,-9.4082558],[-40.4724044,-9.4074601],[-40.4762215,-9.4005572],[-40.4769204,-9.4007851],[-40.4778961,-9.4008333],[-40.4789045,-9.4006199]]]},"id":"relation/17052567"},{"type":"Feature","properties":{"@id":"relation/17052572","admin_level":10,"boundary":"administrative","name":"Condomínio Sol Nascente Orla","place":"suburb","source":"mapa pref.","type":"boundary"},"geometry":{"type":"Polygon","coordinates":[[[-40.4709687,-9.3987415],[-40.4659195,-9.403425],[-40.4650134,-9.4023915],[-40.4690717,-9.3981642],[-40.4709687,-9.3987415]]]},"id":"relation/17052572"},{"type":"Feature","properties":{"@id":"relation/17052575","admin_level":10,"boundary":"administrative","name":"Condomínio Park Jatobá","place":"suburb","source":"mapa pref.","type":"boundary"},"geometry":{"type":"Polygon","coordinates":[[[-40.4685904,-9.3979966],[-40.4663347,-9.4004734],[-40.4639186,-9.4024008],[-40.4626917,-9.401209],[-40.4622576,-9.4011438],[-40.4615592,-9.4002499],[-40.4633712,-9.3984156],[-40.4654381,-9.3969724],[-40.4685904,-9.3979966]]]},"id":"relation/17052575"},{"type":"Feature","properties":{"@id":"relation/17065843","admin_level":10,"boundary":"administrative","name":"Loteamento Eduardo","place":"suburb","source":"mapa pref.","type":"boundary"},"geometry":{"type":"Polygon","coordinates":[[[-40.486342,-9.39149],[-40.4885932,-9.389721],[-40.489068,-9.3894491],[-40.4892308,-9.392445],[-40.489328,-9.3929873],[-40.4895676,-9.3936969],[-40.4886765,-9.3939508],[-40.4866324,-9.3941714],[-40.48652,-9.3935396],[-40.486342,-9.39149]]]},"id":"relation/17065843"},{"type":"Feature","properties":{"@id":"relation/17065851","admin_level":10,"boundary":"administrative","name":"São José","place":"suburb","source":"mapa pref.","type":"boundary"},"geometry":{"type":"Polygon","coordinates":[[[-40.4839559,-9.3934245],[-40.4857097,-9.3919922],[-40.4863414,-9.3914904],[-40.4865196,-9.3935401],[-40.486632,-9.3941719],[-40.4886765,-9.3939513],[-40.4895678,-9.3936976],[-40.4897834,-9.3943352],[-40.490348,-9.3953252],[-40.4899339,-9.3955767],[-40.4895099,-9.395915],[-40.4890953,-9.3963584],[-40.4888759,-9.3969347],[-40.4868711,-9.3960499],[-40.4863078,-9.3957987],[-40.4860052,-9.3953905],[-40.4855215,-9.3946679],[-40.4854204,-9.394512],[-40.4852378,-9.3942804],[-40.4839559,-9.3934245]]]},"id":"relation/17065851"},{"type":"Feature","properties":{"@id":"relation/17065866","admin_level":10,"boundary":"administrative","name":"Colônia Imperial","place":"suburb","source":"mapa pref.","type":"boundary"},"geometry":{"type":"Polygon","coordinates":[[[-40.4808616,-9.3967301],[-40.4808704,-9.3957725],[-40.4824339,-9.3957502],[-40.4823718,-9.3923095],[-40.4839552,-9.3934247],[-40.4852375,-9.3942808],[-40.4854189,-9.394511],[-40.4850549,-9.3944213],[-40.4839885,-9.3979995],[-40.4835896,-9.3975588],[-40.483231,-9.3966837],[-40.4808616,-9.3967301]]]},"id":"relation/17065866"},{"type":"Feature","properties":{"@id":"relation/17066413","admin_level":10,"boundary":"administrative","name":"Alto Cheiroso","place":"suburb","source":"mapa pref.","type":"boundary"},"geometry":{"type":"Polygon","coordinates":[[[-40.4850554,-9.394422],[-40.4854193,-9.3945115],[-40.4860047,-9.3953909],[-40.4863074,-9.3957992],[-40.4868708,-9.3960503],[-40.488876,-9.3969354],[-40.4890958,-9.3963588],[-40.4895104,-9.3959155],[-40.4899339,-9.3955775],[-40.4903483,-9.3953258],[-40.4916496,-9.3976065],[-40.4933385,-9.4000866],[-40.4923334,-9.4001911],[-40.4906075,-9.400272],[-40.4855935,-9.3988844],[-40.4855928,-9.3988837],[-40.4850147,-9.3987413],[-40.4842217,-9.398257],[-40.483989,-9.3979999],[-40.4850554,-9.394422]]]},"id":"relation/17066413"},{"type":"Feature","properties":{"@id":"relation/17070652","admin_level":10,"boundary":"administrative","name":"Condomínio Residencial Jatobá 1","place":"suburb","source":"mapa pref.","type":"boundary"},"geometry":{"type":"Polygon","coordinates":[[[-40.4663917,-9.3962901],[-40.466466,-9.3963917],[-40.4655346,-9.3970032],[-40.4654383,-9.3969718],[-40.4651241,-9.3968798],[-40.4662002,-9.3960706],[-40.4663917,-9.3962901]]]},"id":"relation/17070652"},{"type":"Feature","properties":{"@id":"relation/17070654","admin_level":10,"boundary":"administrative","name":"Condomínio Residencial Jatobá 2","place":"suburb","source":"mapa pref.","type":"boundary"},"geometry":{"type":"Polygon","coordinates":[[[-40.4661999,-9.3960702],[-40.4651236,-9.3968795],[-40.4646345,-9.3967365],[-40.4660484,-9.3957634],[-40.4662738,-9.3960245],[-40.4661999,-9.3960702]]]},"id":"relation/17070654"},{"type":"Feature","properties":{"@id":"relation/17070659","admin_level":10,"boundary":"administrative","name":"Jatobá","place":"suburb","source":"mapa pref.","type":"boundary"},"geometry":{"type":"Polygon","coordinates":[[[-40.4774101,-9.3889143],[-40.4773819,-9.3889875],[-40.4708605,-9.3957713],[-40.4699064,-9.3967554],[-40.4685909,-9.3979961],[-40.4655354,-9.3970034],[-40.4664667,-9.3963919],[-40.4663919,-9.3962894],[-40.4662008,-9.3960703],[-40.4662744,-9.3960247],[-40.4660483,-9.3957629],[-40.4646339,-9.3967362],[-40.4628523,-9.3962147],[-40.4626783,-9.3961097],[-40.465066,-9.3941507],[-40.4752872,-9.3873255],[-40.4774101,-9.3889143]]]},"id":"relation/17070659"},{"type":"Feature","properties":{"@id":"relation/17070663","admin_level":10,"boundary":"administrative","name":"Fernando Idalino","place":"suburb","source":"mapa pref.","type":"boundary"},"geometry":{"type":"Polygon","coordinates":[[[-40.4752869,-9.3873249],[-40.465066,-9.3941507],[-40.4641087,-9.3928041],[-40.4666219,-9.3912927],[-40.4693486,-9.389386],[-40.4724985,-9.3872206],[-40.4738243,-9.3862894],[-40.4752869,-9.3873249]]]},"id":"relation/17070663"},{"type":"Feature","properties":{"@id":"relation/17070670","admin_level":10,"boundary":"administrative","name":"Rio Jordão","place":"suburb","source":"mapa pref.","type":"boundary"},"geometry":{"type":"Polygon","coordinates":[[[-40.4738241,-9.3862886],[-40.4666216,-9.3912922],[-40.4650792,-9.3922198],[-40.4643222,-9.3912233],[-40.47264,-9.3854653],[-40.4738241,-9.3862886]]]},"id":"relation/17070670"},{"type":"Feature","properties":{"@id":"relation/17071368","admin_level":10,"boundary":"administrative","name":"Loteamento Geovana","place":"suburb","source":"mapa pref.","type":"boundary"},"geometry":{"type":"Polygon","coordinates":[[[-40.4726397,-9.3854647],[-40.4643216,-9.3912229],[-40.4634949,-9.3901493],[-40.4710511,-9.3843635],[-40.4726397,-9.3854647]]]},"id":"relation/17071368"},{"type":"Feature","properties":{"@id":"relation/17071922","admin_level":10,"boundary":"administrative","name":"Loteamento Boa Vista","place":"suburb","source":"mapa pref.","type":"boundary"},"geometry":{"type":"Polygon","coordinates":[[[-40.4677604,-9.3821102],[-40.4682424,-9.3824954],[-40.4595187,-9.38861],[-40.4587263,-9.3875032],[-40.4664622,-9.3811537],[-40.4677604,-9.3821102]]]},"id":"relation/17071922"},{"type":"Feature","properties":{"@id":"relation/17071936","admin_level":10,"boundary":"administrative","name":"Carneiro","place":"suburb","source":"mapa pref.","type":"boundary"},"geometry":{"type":"Polygon","coordinates":[[[-40.4664619,-9.3811532],[-40.4587258,-9.3875029],[-40.4523151,-9.3915618],[-40.4492905,-9.3837019],[-40.448737,-9.3792159],[-40.4481242,-9.3748665],[-40.4468986,-9.3720188],[-40.4533233,-9.3692102],[-40.4537296,-9.3700591],[-40.4542396,-9.3709337],[-40.4519723,-9.3723115],[-40.4525999,-9.3745098],[-40.4490226,-9.3759572],[-40.4496345,-9.3780007],[-40.4545455,-9.3760733],[-40.4572285,-9.3746259],[-40.4579111,-9.3753845],[-40.4664619,-9.3811532]]]},"id":"relation/17071936"},{"type":"Feature","properties":{"@id":"relation/17071994","admin_level":10,"boundary":"administrative","name":"Condomínio Eco Spa","place":"suburb","source":"mapa pref.","type":"boundary"},"geometry":{"type":"Polygon","coordinates":[[[-40.45424,-9.3709342],[-40.4557285,-9.3727437],[-40.4526004,-9.3745095],[-40.4519729,-9.3723118],[-40.45424,-9.3709342]]]},"id":"relation/17071994"},{"type":"Feature","properties":{"@id":"relation/17072000","admin_level":10,"boundary":"administrative","name":"Condomínio Vivendas do São Francisco - Estrada das Pedrinhas","place":"suburb","source":"mapa pref.","type":"boundary"},"geometry":{"type":"Polygon","coordinates":[[[-40.4557292,-9.3727442],[-40.4572281,-9.3746253],[-40.4545451,-9.3760726],[-40.4496349,-9.3779997],[-40.4490234,-9.3759575],[-40.4525999,-9.3745098],[-40.4557292,-9.3727442]]]},"id":"relation/17072000"},{"type":"Feature","properties":{"@id":"relation/17073874","admin_level":10,"boundary":"administrative","name":"Vila Vitória","place":"suburb","source":"mapa pref.","type":"boundary"},"geometry":{"type":"Polygon","coordinates":[[[-40.468243,-9.3824958],[-40.4696631,-9.3834119],[-40.4663787,-9.385684],[-40.4660578,-9.3861216],[-40.4600931,-9.3907028],[-40.4595192,-9.3886103],[-40.468243,-9.3824958]]]},"id":"relation/17073874"},{"type":"Feature","properties":{"@id":"relation/17073875","admin_level":10,"boundary":"administrative","name":"Henrique Leite","place":"suburb","source":"mapa pref.","type":"boundary"},"geometry":{"type":"Polygon","coordinates":[[[-40.4710507,-9.3843628],[-40.4634943,-9.3901487],[-40.4605511,-9.3923246],[-40.4600934,-9.3907033],[-40.4660581,-9.3861221],[-40.4663792,-9.3856843],[-40.4696634,-9.3834124],[-40.4710507,-9.3843628]]]},"id":"relation/17073875"},{"type":"Feature","properties":{"@id":"relation/17074032","admin_level":10,"boundary":"administrative","name":"Terras Alphaville","place":"suburb","source":"mapa pref.","type":"boundary"},"geometry":{"type":"Polygon","coordinates":[[[-40.4598039,-9.3630252],[-40.4598996,-9.3632408],[-40.4516358,-9.3659766],[-40.4504884,-9.3637125],[-40.450065,-9.3621896],[-40.4521822,-9.3613809],[-40.4535481,-9.3594537],[-40.4579736,-9.3579038],[-40.4598039,-9.3630252]]]},"id":"relation/17074032"},{"type":"Feature","properties":{"@id":"relation/17074062","admin_level":10,"boundary":"administrative","name":"Condomínio Buona Vita","place":"suburb","source":"mapa pref.","type":"boundary"},"geometry":{"type":"Polygon","coordinates":[[[-40.4715644,-9.3477417],[-40.4685048,-9.3494669],[-40.466934,-9.3505721],[-40.4593942,-9.3462727],[-40.4636012,-9.3435906],[-40.4715644,-9.3477417]]]},"id":"relation/17074062"},{"type":"Feature","properties":{"@id":"relation/17074602","admin_level":10,"boundary":"administrative","name":"Santa Bárbara","place":"suburb","source":"mapa pref.","type":"boundary"},"geometry":{"type":"Polygon","coordinates":[[[-40.4674729,-9.3528484],[-40.4669052,-9.3534398],[-40.4657382,-9.3555027],[-40.4637061,-9.3541689],[-40.4650128,-9.3519948],[-40.4662113,-9.3511056],[-40.4674729,-9.3528484]]]},"id":"relation/17074602"},{"type":"Feature","properties":{"@id":"relation/17074629","admin_level":10,"boundary":"administrative","name":"Loteamento Recife","place":"suburb","source":"mapa pref.","type":"boundary"},"geometry":{"type":"Polygon","coordinates":[[[-40.4874417,-9.3765205],[-40.4711931,-9.3655056],[-40.4754123,-9.3616501],[-40.4771733,-9.3607597],[-40.4772729,-9.3609808],[-40.4799472,-9.3596415],[-40.4803037,-9.3595262],[-40.4862489,-9.3709972],[-40.4871926,-9.3727243],[-40.4881139,-9.3739281],[-40.4887082,-9.37445],[-40.4882356,-9.3748825],[-40.4877021,-9.3749106],[-40.4876587,-9.3756758],[-40.4874417,-9.3765205]]]},"id":"relation/17074629"},{"type":"Feature","properties":{"@id":"relation/17074729","admin_level":10,"boundary":"administrative","name":"Vila Marcela","place":"suburb","source":"mapa pref.","type":"boundary"},"geometry":{"type":"Polygon","coordinates":[[[-40.475196,-9.3618471],[-40.4727213,-9.3569103],[-40.4777646,-9.3546269],[-40.4803035,-9.3595256],[-40.4799469,-9.3596408],[-40.4772731,-9.36098],[-40.4771735,-9.360759],[-40.4754125,-9.3616492],[-40.475196,-9.3618471]]]},"id":"relation/17074729"},{"type":"Feature","properties":{"@id":"relation/17074750","admin_level":10,"boundary":"administrative","name":"Loteamento Vila Nova","place":"suburb","source":"mapa pref.","type":"boundary"},"geometry":{"type":"Polygon","coordinates":[[[-40.4649273,-9.3611488],[-40.4614177,-9.3538443],[-40.4650123,-9.3519943],[-40.4637053,-9.354169],[-40.4657385,-9.3555033],[-40.4669054,-9.3534406],[-40.4674734,-9.3528482],[-40.4662118,-9.3511051],[-40.466934,-9.3505721],[-40.4685051,-9.3494675],[-40.4728471,-9.3471936],[-40.4731353,-9.3469686],[-40.4732601,-9.3467267],[-40.4732666,-9.3466142],[-40.4735427,-9.3464804],[-40.4752875,-9.3498459],[-40.4752875,-9.349847],[-40.4777642,-9.3546262],[-40.4727207,-9.3569102],[-40.4751955,-9.3618475],[-40.4711925,-9.3655054],[-40.4649273,-9.3611488]]]},"id":"relation/17074750"},{"type":"Feature","properties":{"@id":"relation/17074791","admin_level":10,"boundary":"administrative","name":"Boa Esperança - Estrada das Pedrinhas","place":"suburb","source":"mapa pref.","type":"boundary"},"geometry":{"type":"Polygon","coordinates":[[[-40.4579118,-9.375384],[-40.4572288,-9.3746254],[-40.4557293,-9.3727436],[-40.4542402,-9.3709337],[-40.4537299,-9.3700585],[-40.4533238,-9.3692098],[-40.4516359,-9.3659772],[-40.4599004,-9.3632411],[-40.4598045,-9.3630249],[-40.4579743,-9.3579031],[-40.4535481,-9.3594529],[-40.4521817,-9.3613805],[-40.4500648,-9.362189],[-40.4495889,-9.3604635],[-40.4487878,-9.3586003],[-40.446207,-9.3544432],[-40.4412339,-9.3498275],[-40.4338425,-9.3442371],[-40.431892,-9.3429548],[-40.4378715,-9.3302508],[-40.4454246,-9.3340056],[-40.4458252,-9.3270606],[-40.4546267,-9.3274846],[-40.4639927,-9.3279358],[-40.4735427,-9.3464798],[-40.4732661,-9.3466138],[-40.4732595,-9.3467265],[-40.4731349,-9.3469682],[-40.4728466,-9.3471931],[-40.4716829,-9.3478025],[-40.4636011,-9.3435899],[-40.4593934,-9.3462728],[-40.4669328,-9.3505722],[-40.4662111,-9.3511049],[-40.4650157,-9.3519919],[-40.4614171,-9.353844],[-40.4649268,-9.3611489],[-40.4579118,-9.375384]]]},"id":"relation/17074791"},{"type":"Feature","properties":{"@id":"relation/17074816","admin_level":10,"boundary":"administrative","name":"Serrote do Urubu","place":"suburb","source":"mapa pref.","type":"boundary"},"geometry":{"type":"Polygon","coordinates":[[[-40.4468983,-9.3720181],[-40.445902,-9.3711572],[-40.445052,-9.3659299],[-40.4434903,-9.3619704],[-40.4417902,-9.3581864],[-40.4380342,-9.3551631],[-40.4306408,-9.349799],[-40.4255406,-9.3469512],[-40.4212314,-9.3469503],[-40.4159166,-9.3492956],[-40.408954,-9.3504035],[-40.4045217,-9.3495079],[-40.4002208,-9.3497474],[-40.3947987,-9.3504715],[-40.3903211,-9.3547465],[-40.3791839,-9.3594457],[-40.3762135,-9.3522441],[-40.3760733,-9.3449099],[-40.3800653,-9.3425481],[-40.383054,-9.3451207],[-40.3887684,-9.3445262],[-40.3909541,-9.3442235],[-40.3962793,-9.3422019],[-40.3996337,-9.34205],[-40.4022672,-9.3405465],[-40.4083648,-9.3395264],[-40.4181607,-9.3403236],[-40.4231742,-9.3425102],[-40.424118,-9.3428269],[-40.425496,-9.3430224],[-40.4285633,-9.3427896],[-40.4300733,-9.3426685],[-40.431036,-9.3427244],[-40.4318884,-9.3429605],[-40.4338421,-9.3442378],[-40.4412337,-9.3498282],[-40.4462064,-9.3544435],[-40.4487873,-9.3586006],[-40.4495882,-9.3604638],[-40.4500643,-9.3621894],[-40.4504876,-9.3637122],[-40.4516351,-9.3659769],[-40.4533229,-9.3692096],[-40.4468983,-9.3720181]]]},"id":"relation/17074816"},{"type":"Feature","properties":{"@id":"relation/17074835","admin_level":10,"boundary":"administrative","name":"Residencial Monsenhor Bernadino","place":"suburb","source":"mapa pref.","type":"boundary"},"geometry":{"type":"Polygon","coordinates":[[[-40.4784622,-9.3331608],[-40.4802191,-9.3364879],[-40.4708401,-9.3412304],[-40.4699899,-9.33958],[-40.4714498,-9.3376217],[-40.4784622,-9.3331608]]]},"id":"relation/17074835"},{"type":"Feature","properties":{"@id":"relation/17075204","admin_level":10,"boundary":"administrative","name":"Residencial Vivendas I","place":"suburb","source":"map pref.","type":"boundary"},"geometry":{"type":"Polygon","coordinates":[[[-40.4665812,-9.3205922],[-40.4637947,-9.3156059],[-40.4655974,-9.3145491],[-40.4686173,-9.3193633],[-40.4665812,-9.3205922]]]},"id":"relation/17075204"},{"type":"Feature","properties":{"@id":"relation/17075211","admin_level":10,"boundary":"administrative","name":"Residencial Vivendas II","place":"suburb","source":"mapa pref.","type":"boundary"},"geometry":{"type":"Polygon","coordinates":[[[-40.4673044,-9.3172692],[-40.465598,-9.3145487],[-40.4651461,-9.3137062],[-40.4658319,-9.3127894],[-40.466629,-9.3123501],[-40.4674701,-9.313793],[-40.4676021,-9.3141608],[-40.4681636,-9.3150546],[-40.4684224,-9.3153636],[-40.4690125,-9.316237],[-40.4673044,-9.3172692]]]},"id":"relation/17075211"},{"type":"Feature","properties":{"@id":"relation/17075216","admin_level":10,"boundary":"administrative","name":"Condomínio Vale do Sol","place":"suburb","source":"mapa pref.","type":"boundary"},"geometry":{"type":"Polygon","coordinates":[[[-40.4686179,-9.3193628],[-40.4673047,-9.3172698],[-40.4690127,-9.3162375],[-40.4703101,-9.3183465],[-40.4686179,-9.3193628]]]},"id":"relation/17075216"},{"type":"Feature","properties":{"@id":"relation/17075234","admin_level":10,"boundary":"administrative","name":"Topázio","place":"suburb","source":"mapa pref.","type":"boundary"},"geometry":{"type":"Polygon","coordinates":[[[-40.4703106,-9.318347],[-40.470752,-9.3184628],[-40.487844,-9.3271334],[-40.4993902,-9.3329776],[-40.5034811,-9.3350206],[-40.506775,-9.3367379],[-40.5095988,-9.3382094],[-40.513092,-9.3399851],[-40.5126187,-9.3403291],[-40.5133317,-9.3424243],[-40.5137707,-9.3424826],[-40.5144731,-9.3438941],[-40.5147685,-9.3443651],[-40.5153022,-9.3526107],[-40.518423,-9.3526437],[-40.5177034,-9.3553564],[-40.5169793,-9.3546439],[-40.516496,-9.3542153],[-40.5157731,-9.3537459],[-40.5152222,-9.3534758],[-40.5140164,-9.3530545],[-40.5087584,-9.3513401],[-40.5054465,-9.3502454],[-40.5032113,-9.3495157],[-40.4949815,-9.3468226],[-40.4922515,-9.3460997],[-40.4963012,-9.3396777],[-40.4952181,-9.3380682],[-40.4944678,-9.3393492],[-40.4923485,-9.3412022],[-40.4885333,-9.3453401],[-40.4855356,-9.3449129],[-40.4847038,-9.3447944],[-40.4802458,-9.3446181],[-40.4780274,-9.3447393],[-40.475905,-9.3453257],[-40.4735432,-9.3464796],[-40.4708402,-9.3412309],[-40.4802198,-9.3364883],[-40.4784624,-9.33316],[-40.4714495,-9.337621],[-40.4699896,-9.3395793],[-40.4639932,-9.3279356],[-40.4617222,-9.3234821],[-40.4665814,-9.3205928],[-40.4686181,-9.3193634],[-40.4703106,-9.318347]]]},"id":"relation/17075234"},{"type":"Feature","properties":{"@id":"relation/17075243","admin_level":10,"boundary":"administrative","name":"Condomínio Brisas do Rio - Estrada da Tapera","place":"suburb","source":"mapa pref.","type":"boundary"},"geometry":{"type":"Polygon","coordinates":[[[-40.5739561,-9.448496],[-40.5726062,-9.4512556],[-40.5715694,-9.4509018],[-40.5728019,-9.4478077],[-40.5739561,-9.448496]]]},"id":"relation/17075243"},{"type":"Feature","properties":{"@id":"relation/17075246","admin_level":10,"boundary":"administrative","name":"Condomínio Monte Carlo - Estrada da Tapera","place":"suburb","source":"mapa pref","type":"boundary"},"geometry":{"type":"Polygon","coordinates":[[[-40.5739565,-9.4484952],[-40.5728025,-9.4478072],[-40.5716555,-9.4468215],[-40.5741662,-9.4412186],[-40.5772637,-9.4426209],[-40.5745206,-9.4487808],[-40.5739565,-9.4484952]]]},"id":"relation/17075246"},{"type":"Feature","properties":{"@id":"relation/17075263","admin_level":10,"boundary":"administrative","name":"Condomínio Paraíso das Águas","place":"suburb","source":"mapa pref.","type":"boundary"},"geometry":{"type":"Polygon","coordinates":[[[-40.5626532,-9.4422453],[-40.5612519,-9.447843],[-40.561088,-9.4492712],[-40.5600865,-9.4489186],[-40.5622514,-9.4420762],[-40.5626532,-9.4422453]]]},"id":"relation/17075263"},{"type":"Feature","properties":{"@id":"relation/17075903","admin_level":10,"boundary":"administrative","name":"Vila Massangano","place":"suburb","source":"mapa pref.","type":"boundary"},"geometry":{"type":"Polygon","coordinates":[[[-40.5695024,-9.4447945],[-40.5684615,-9.4442076],[-40.5673945,-9.4438052],[-40.5660295,-9.4434338],[-40.5649861,-9.4431319],[-40.5640796,-9.4428294],[-40.5626538,-9.442245],[-40.5622517,-9.4420756],[-40.5609855,-9.4416444],[-40.5599682,-9.4413421],[-40.558814,-9.4407889],[-40.5579336,-9.4401263],[-40.5571136,-9.4391623],[-40.5608835,-9.4346215],[-40.5672896,-9.4373568],[-40.5719747,-9.4390815],[-40.5695024,-9.4447945]]]},"id":"relation/17075903"},{"type":"Feature","properties":{"@id":"relation/17075946","admin_level":10,"boundary":"administrative","name":"Condomínio Vivendas do Rio - Estrada da Tapera","place":"suburb","source":"mapa pref.","type":"boundary"},"geometry":{"type":"Polygon","coordinates":[[[-40.5562383,-9.4381463],[-40.5519863,-9.4420854],[-40.5507232,-9.4399727],[-40.5556656,-9.4374498],[-40.5562383,-9.4381463]]]},"id":"relation/17075946"},{"type":"Feature","properties":{"@id":"relation/17075952","admin_level":10,"boundary":"administrative","name":"Condomínio Vida Viva - Estrada da Tapera","place":"suburb","source":"mapa pref.","type":"boundary"},"geometry":{"type":"Polygon","coordinates":[[[-40.557113,-9.4391627],[-40.5575318,-9.4396549],[-40.5550076,-9.4426394],[-40.5530787,-9.443866],[-40.5526817,-9.4431603],[-40.5544645,-9.441978],[-40.556296,-9.4399164],[-40.557113,-9.4391627]]]},"id":"relation/17075952"},{"type":"Feature","properties":{"@id":"relation/17075962","admin_level":10,"boundary":"administrative","name":"Condomínio Rio Verde - Estrada da Tapera","place":"suburb","source":"mapa pref.","type":"boundary"},"geometry":{"type":"Polygon","coordinates":[[[-40.5465157,-9.4178904],[-40.5465699,-9.418623],[-40.5434747,-9.4216818],[-40.5431983,-9.421099],[-40.5465157,-9.4178904]]]},"id":"relation/17075962"},{"type":"Feature","properties":{"@id":"relation/17075980","admin_level":10,"boundary":"administrative","name":"Condomínio Santorini - Estrada da Tapera","place":"suburb","source":"mapa pref.","type":"boundary"},"geometry":{"type":"Polygon","coordinates":[[[-40.5745212,-9.4487812],[-40.5772641,-9.4426218],[-40.5795442,-9.4373585],[-40.5800668,-9.4374887],[-40.5749998,-9.4490672],[-40.5745212,-9.4487812]]]},"id":"relation/17075980"},{"type":"Feature","properties":{"@id":"relation/17078736","admin_level":10,"boundary":"administrative","name":"Dona Alexandrina","place":"suburb","source":"mapa pref.","type":"boundary"},"geometry":{"type":"Polygon","coordinates":[[[-40.4862495,-9.3709964],[-40.4847906,-9.3681821],[-40.4873685,-9.3660839],[-40.4882977,-9.3677309],[-40.4891245,-9.3694511],[-40.4890771,-9.3694906],[-40.4862495,-9.3709964]]]},"id":"relation/17078736"},{"type":"Feature","properties":{"@id":"relation/17078739","admin_level":10,"boundary":"administrative","name":"Ipsep I","place":"suburb","source":"mapa pref.","type":"boundary"},"geometry":{"type":"Polygon","coordinates":[[[-40.4847903,-9.3681814],[-40.4835432,-9.3657755],[-40.4864113,-9.3643873],[-40.4873682,-9.3660833],[-40.4847903,-9.3681814]]]},"id":"relation/17078739"},{"type":"Feature","properties":{"@id":"relation/17078830","admin_level":10,"boundary":"administrative","name":"Vila Débora","place":"suburb","source":"mapa pref.","type":"boundary"},"geometry":{"type":"Polygon","coordinates":[[[-40.4835432,-9.3657747],[-40.4803044,-9.3595263],[-40.483341,-9.3580366],[-40.4868688,-9.3640947],[-40.4864112,-9.3643866],[-40.4835432,-9.3657747]]]},"id":"relation/17078830"},{"type":"Feature","properties":{"@id":"relation/17079206","admin_level":10,"boundary":"administrative","name":"Cohab São Francisco","place":"suburb","source":"mapa pref.","type":"boundary"},"geometry":{"type":"Polygon","coordinates":[[[-40.5416618,-9.4011222],[-40.5427512,-9.3974786],[-40.5513315,-9.3997185],[-40.5501178,-9.4036005],[-40.5500129,-9.4035768],[-40.5500171,-9.4035604],[-40.5426381,-9.4016154],[-40.5422335,-9.4014115],[-40.5419955,-9.4012913],[-40.5416618,-9.4011222]]]},"id":"relation/17079206"},{"type":"Feature","properties":{"@id":"relation/17079365","admin_level":10,"boundary":"administrative","name":"Jardim Guararapes","place":"suburb","source":"mapa pref.","type":"boundary"},"geometry":{"type":"Polygon","coordinates":[[[-40.5468783,-9.4111572],[-40.5461212,-9.4095712],[-40.5490226,-9.4072985],[-40.5500125,-9.4035774],[-40.5501181,-9.4036012],[-40.5531761,-9.4043594],[-40.5551702,-9.4048762],[-40.5577822,-9.4055737],[-40.5577638,-9.405633],[-40.5596316,-9.4061441],[-40.5599676,-9.4051012],[-40.5626081,-9.4059382],[-40.5624706,-9.4068713],[-40.5580004,-9.4069221],[-40.5569406,-9.4066614],[-40.5572393,-9.4054976],[-40.5555663,-9.4050765],[-40.5555009,-9.4053343],[-40.5531843,-9.4047397],[-40.5514677,-9.4042926],[-40.5510558,-9.4058815],[-40.5523738,-9.4062368],[-40.5528525,-9.4059688],[-40.5531102,-9.4064016],[-40.5578087,-9.4076424],[-40.558002,-9.4069231],[-40.5624705,-9.4068723],[-40.5622804,-9.409166],[-40.5570028,-9.4091529],[-40.5562137,-9.4088338],[-40.554887,-9.4082531],[-40.552538,-9.4072337],[-40.5522627,-9.4082073],[-40.5506215,-9.4074795],[-40.5499734,-9.4097051],[-40.5516166,-9.4103841],[-40.5516374,-9.4103927],[-40.5519504,-9.4093005],[-40.5533529,-9.4098944],[-40.5529028,-9.4109054],[-40.556509,-9.4123917],[-40.5570836,-9.4102485],[-40.5566101,-9.4100623],[-40.5570177,-9.4092916],[-40.5616972,-9.4096189],[-40.5618555,-9.4145322],[-40.5597466,-9.4145315],[-40.5596754,-9.4167533],[-40.5468783,-9.4111572]]]},"id":"relation/17079365"},{"type":"Feature","properties":{"@id":"relation/17083771","admin_level":10,"boundary":"administrative","name":"Pedra do Bode","place":"suburb","source":"mapa pref.","type":"boundary"},"geometry":{"type":"Polygon","coordinates":[[[-40.496027,-9.4049082],[-40.4946893,-9.4060902],[-40.4922921,-9.4064348],[-40.4879979,-9.406891],[-40.4861386,-9.4090791],[-40.4824673,-9.4083063],[-40.4776068,-9.4093398],[-40.4756531,-9.4090977],[-40.4744451,-9.4086508],[-40.4713778,-9.4075614],[-40.4658566,-9.404377],[-40.4621759,-9.4020306],[-40.4603166,-9.3993118],[-40.4597881,-9.3977941],[-40.462678,-9.3961103],[-40.462851,-9.3962149],[-40.4646338,-9.3967368],[-40.4651234,-9.3968802],[-40.4654374,-9.3969722],[-40.4633712,-9.3984148],[-40.4615585,-9.4002498],[-40.4622569,-9.4011441],[-40.4626913,-9.4012095],[-40.4639184,-9.4024015],[-40.4663349,-9.400474],[-40.468591,-9.3979968],[-40.469071,-9.398164],[-40.4650126,-9.4023913],[-40.4659192,-9.4034257],[-40.4709692,-9.3987415],[-40.4718042,-9.3990047],[-40.4762209,-9.4005571],[-40.4724036,-9.4074604],[-40.4743511,-9.4082566],[-40.4775775,-9.4090788],[-40.4778616,-9.4057846],[-40.478905,-9.4006197],[-40.4810686,-9.4002508],[-40.4825099,-9.4071997],[-40.4831761,-9.4070516],[-40.4817002,-9.400128],[-40.4826813,-9.3999482],[-40.4828302,-9.4000593],[-40.482925,-9.4001048],[-40.4840356,-9.4079526],[-40.4859148,-9.4075334],[-40.4849387,-9.4011701],[-40.4850446,-9.40079],[-40.4909649,-9.4023217],[-40.4914851,-9.4053289],[-40.4942438,-9.404613],[-40.4939165,-9.4031263],[-40.4950689,-9.403429],[-40.4957988,-9.4034868],[-40.496027,-9.4049082]]]},"id":"relation/17083771"},{"type":"Feature","properties":{"@id":"way/1241149400","@relations":[{"role":"","rel":17052467,"reltags":{"admin_level":"10","boundary":"administrative","name":"Vila dos Ingás II","place":"suburb","source":"map pref.","type":"boundary"}}]},"geometry":{"type":"LineString","coordinates":[[-40.4906069,-9.4002725],[-40.4909651,-9.4023211],[-40.4850442,-9.4007892],[-40.4855933,-9.3988851],[-40.4906069,-9.4002725]]},"id":"way/1241149400"},{"type":"Feature","properties":{"@id":"way/1241981240","@relations":[{"role":"Colônia Imperial","rel":17065868,"reltags":{"admin_level":"10","boundary":"administrative","name":"Vila dos Oficiais","place":"suburb","source":"mapa pref.","type":"boundary"}}]},"geometry":{"type":"LineString","coordinates":[[-40.4808705,-9.3957718],[-40.4824332,-9.3957495],[-40.4823712,-9.392309],[-40.4807536,-9.3911697],[-40.4808705,-9.3957718]]},"id":"way/1241981240"}]}