{
  "type": "FeatureCollection",
  "generator": "overpass-turbo",
  "copyright": "The data included in this document is from www.openstreetmap.org. The data is made available under ODbL.",
  "timestamp": "2025-10-03T19:35:33Z",
  "features": [
    {
      "type": "Feature",
      "properties": {
        "@id": "relation/1915778",
        "admin_level": "10",
        "boundary": "administrative",
        "name": "Barra do Riacho",
        "place": "suburb",
        "source": "IBGE",
        "type": "boundary"
      },
      "geometry": {
        "type": "Polygon",
        "coordinates": [
          [
            [
              -40.058054,
              -19.8318995
            ],
            [
              -40.0580331,
              -19.8315816
            ],
            [
              -40.0582697,
              -19.831435
            ],
            [
              -40.0584871,
              -19.831357
            ],
            [
              -40.0588271,
              -19.8313175
            ],
            [
              -40.0592537,
              -19.8312195
            ],
            [
              -40.0596672,
              -19.8308656
            ],
            [
              -40.0601113,
              -19.829479
            ],
            [
              -40.0600002,
              -19.8287789
            ],
            [
              -40.0591821,
              -19.8273127
            ],
            [
              -40.058943,
              -19.8257724
            ],
            [
              -40.0593256,
              -19.8251957
            ],
            [
              -40.0600087,
              -19.8238763
            ],
            [
              -40.0602324,
              -19.8232945
            ],
            [
              -40.0601676,
              -19.8226633
            ],
            [
              -40.058657,
              -19.8219198
            ],
            [
              -40.0579905,
              -19.8211664
            ],
            [
              -40.0576681,
              -19.8200648
            ],
            [
              -40.0576886,
              -19.818894
            ],
            [
              -40.0583543,
              -19.8171116
            ],
            [
              -40.0590907,
              -19.8161034
            ],
            [
              -40.060765,
              -19.8148816
            ],
            [
              -40.0614188,
              -19.8141034
            ],
            [
              -40.0628975,
              -19.8141262
            ],
            [
              -40.0632408,
              -19.8148452
            ],
            [
              -40.0635605,
              -19.8152701
            ],
            [
              -40.0639651,
              -19.8156253
            ],
            [
              -40.0646259,
              -19.8160136
            ],
            [
              -40.0651391,
              -19.8161951
            ],
            [
              -40.0673694,
              -19.8161356
            ],
            [
              -40.0680746,
              -19.8161595
            ],
            [
              -40.070127,
              -19.8160805
            ],
            [
              -40.0702011,
              -19.816137
            ],
            [
              -40.070228,
              -19.8161669
            ],
            [
              -40.0702571,
              -19.8162053
            ],
            [
              -40.0703072,
              -19.8162856
            ],
            [
              -40.0703879,
              -19.8163879
            ],
            [
              -40.0705337,
              -19.8165263
            ],
            [
              -40.0707009,
              -19.8166631
            ],
            [
              -40.0707375,
              -19.8167006
            ],
            [
              -40.070761,
              -19.8167369
            ],
            [
              -40.0708168,
              -19.8169124
            ],
            [
              -40.0708439,
              -19.8169517
            ],
            [
              -40.0708801,
              -19.8169773
            ],
            [
              -40.0709176,
              -19.8169934
            ],
            [
              -40.0709439,
              -19.8170207
            ],
            [
              -40.0709667,
              -19.8171644
            ],
            [
              -40.0709915,
              -19.8172146
            ],
            [
              -40.0710252,
              -19.8172521
            ],
            [
              -40.0710895,
              -19.8173126
            ],
            [
              -40.0711215,
              -19.8173541
            ],
            [
              -40.0711511,
              -19.8174056
            ],
            [
              -40.0711615,
              -19.8174474
            ],
            [
              -40.0711585,
              -19.8174856
            ],
            [
              -40.0711325,
              -19.8175661
            ],
            [
              -40.0710798,
              -19.8176411
            ],
            [
              -40.0710632,
              -19.8176804
            ],
            [
              -40.0710562,
              -19.8177276
            ],
            [
              -40.0710611,
              -19.8177748
            ],
            [
              -40.0710759,
              -19.8178141
            ],
            [
              -40.0710801,
              -19.8178597
            ],
            [
              -40.0710473,
              -19.8179413
            ],
            [
              -40.0710472,
              -19.8179756
            ],
            [
              -40.0710598,
              -19.8180066
            ],
            [
              -40.0711134,
              -19.8180788
            ],
            [
              -40.0711755,
              -19.8182773
            ],
            [
              -40.0712041,
              -19.8183127
            ],
            [
              -40.0712372,
              -19.8183392
            ],
            [
              -40.0712907,
              -19.8184117
            ],
            [
              -40.0713299,
              -19.8184382
            ],
            [
              -40.0713758,
              -19.8184442
            ],
            [
              -40.0714542,
              -19.8184765
            ],
            [
              -40.0715264,
              -19.8185235
            ],
            [
              -40.0715532,
              -19.8185688
            ],
            [
              -40.0715727,
              -19.8186263
            ],
            [
              -40.071604,
              -19.8186841
            ],
            [
              -40.0716406,
              -19.8187237
            ],
            [
              -40.0716511,
              -19.8187319
            ],
            [
              -40.0716775,
              -19.8187527
            ],
            [
              -40.0717083,
              -19.8187868
            ],
            [
              -40.0717459,
              -19.8188439
            ],
            [
              -40.0718967,
              -19.8192192
            ],
            [
              -40.0719888,
              -19.8194879
            ],
            [
              -40.0721666,
              -19.8199392
            ],
            [
              -40.0721926,
              -19.8200516
            ],
            [
              -40.0722156,
              -19.8202551
            ],
            [
              -40.0722687,
              -19.8203764
            ],
            [
              -40.0723578,
              -19.8206475
            ],
            [
              -40.0724018,
              -19.8207059
            ],
            [
              -40.0724662,
              -19.8208485
            ],
            [
              -40.0725683,
              -19.8210508
            ],
            [
              -40.0726701,
              -19.8212173
            ],
            [
              -40.0728222,
              -19.8214155
            ],
            [
              -40.0736721,
              -19.8227174
            ],
            [
              -40.0738026,
              -19.8229634
            ],
            [
              -40.0738564,
              -19.8231449
            ],
            [
              -40.0738652,
              -19.8231841
            ],
            [
              -40.0748449,
              -19.8255154
            ],
            [
              -40.0799521,
              -19.8279443
            ],
            [
              -40.0800734,
              -19.8279746
            ],
            [
              -40.0802413,
              -19.8279397
            ],
            [
              -40.0804431,
              -19.8277937
            ],
            [
              -40.080602,
              -19.8276008
            ],
            [
              -40.0806575,
              -19.8274573
            ],
            [
              -40.0806837,
              -19.8272784
            ],
            [
              -40.0806772,
              -19.8271841
            ],
            [
              -40.0806427,
              -19.8270946
            ],
            [
              -40.0806766,
              -19.8269501
            ],
            [
              -40.0807666,
              -19.8268478
            ],
            [
              -40.080837,
              -19.8268056
            ],
            [
              -40.0811095,
              -19.8266826
            ],
            [
              -40.0812465,
              -19.8266607
            ],
            [
              -40.0814237,
              -19.8266603
            ],
            [
              -40.0816452,
              -19.8266814
            ],
            [
              -40.0823649,
              -19.8266671
            ],
            [
              -40.0829197,
              -19.8268639
            ],
            [
              -40.0832417,
              -19.8270101
            ],
            [
              -40.0835733,
              -19.8273498
            ],
            [
              -40.0836586,
              -19.8276447
            ],
            [
              -40.0838064,
              -19.8278992
            ],
            [
              -40.0840612,
              -19.8280869
            ],
            [
              -40.0842628,
              -19.8282082
            ],
            [
              -40.0843661,
              -19.8282278
            ],
            [
              -40.0844248,
              -19.8282214
            ],
            [
              -40.0845333,
              -19.8281787
            ],
            [
              -40.0847254,
              -19.8279932
            ],
            [
              -40.0847644,
              -19.827937
            ],
            [
              -40.0848206,
              -19.8277931
            ],
            [
              -40.084885,
              -19.8277013
            ],
            [
              -40.0849615,
              -19.8276599
            ],
            [
              -40.0851445,
              -19.8276103
            ],
            [
              -40.085282,
              -19.827546
            ],
            [
              -40.0854295,
              -19.8275134
            ],
            [
              -40.0855438,
              -19.8275146
            ],
            [
              -40.085807,
              -19.8276696
            ],
            [
              -40.08631,
              -19.8280302
            ],
            [
              -40.0864484,
              -19.8281058
            ],
            [
              -40.0865969,
              -19.8282093
            ],
            [
              -40.0867396,
              -19.8283204
            ],
            [
              -40.0868369,
              -19.8284372
            ],
            [
              -40.0869843,
              -19.8286695
            ],
            [
              -40.0870849,
              -19.8288658
            ],
            [
              -40.087148,
              -19.8290811
            ],
            [
              -40.0872253,
              -19.8291735
            ],
            [
              -40.0873162,
              -19.8292216
            ],
            [
              -40.0875443,
              -19.8292992
            ],
            [
              -40.0882761,
              -19.8292727
            ],
            [
              -40.088466,
              -19.8292871
            ],
            [
              -40.0884939,
              -19.8293201
            ],
            [
              -40.0887552,
              -19.8294127
            ],
            [
              -40.08896,
              -19.8295499
            ],
            [
              -40.0891304,
              -19.8297361
            ],
            [
              -40.0893145,
              -19.829995
            ],
            [
              -40.0894316,
              -19.8301038
            ],
            [
              -40.0896792,
              -19.8305212
            ],
            [
              -40.0899238,
              -19.8308478
            ],
            [
              -40.0899909,
              -19.8310223
            ],
            [
              -40.0900022,
              -19.8310892
            ],
            [
              -40.0900062,
              -19.8313173
            ],
            [
              -40.0898786,
              -19.8317938
            ],
            [
              -40.0897673,
              -19.8320034
            ],
            [
              -40.0896721,
              -19.8321243
            ],
            [
              -40.0895137,
              -19.8322865
            ],
            [
              -40.0893379,
              -19.832566
            ],
            [
              -40.0891185,
              -19.8330498
            ],
            [
              -40.0890985,
              -19.8332588
            ],
            [
              -40.0891171,
              -19.8334122
            ],
            [
              -40.0891849,
              -19.8336169
            ],
            [
              -40.0893055,
              -19.8338288
            ],
            [
              -40.0894373,
              -19.8339537
            ],
            [
              -40.0894649,
              -19.8339998
            ],
            [
              -40.0896005,
              -19.8343964
            ],
            [
              -40.0896299,
              -19.8345216
            ],
            [
              -40.0896778,
              -19.8345954
            ],
            [
              -40.0897618,
              -19.8346717
            ],
            [
              -40.0898256,
              -19.8347189
            ],
            [
              -40.0901537,
              -19.8348104
            ],
            [
              -40.0906511,
              -19.8350026
            ],
            [
              -40.090944,
              -19.8350468
            ],
            [
              -40.091115,
              -19.8351512
            ],
            [
              -40.091229,
              -19.8352031
            ],
            [
              -40.0913036,
              -19.8352371
            ],
            [
              -40.0914747,
              -19.8353556
            ],
            [
              -40.0915839,
              -19.835436
            ],
            [
              -40.0916606,
              -19.8355448
            ],
            [
              -40.0915591,
              -19.8356563
            ],
            [
              -40.0914039,
              -19.8359071
            ],
            [
              -40.0912443,
              -19.8360379
            ],
            [
              -40.0911563,
              -19.8361321
            ],
            [
              -40.0909038,
              -19.8361901
            ],
            [
              -40.0908031,
              -19.8362687
            ],
            [
              -40.0907512,
              -19.8363798
            ],
            [
              -40.0907462,
              -19.8364511
            ],
            [
              -40.0907696,
              -19.8365416
            ],
            [
              -40.0908267,
              -19.83662
            ],
            [
              -40.0909261,
              -19.836684
            ],
            [
              -40.0910795,
              -19.8367388
            ],
            [
              -40.0911289,
              -19.8368388
            ],
            [
              -40.0913049,
              -19.8369715
            ],
            [
              -40.0914179,
              -19.8370837
            ],
            [
              -40.0915147,
              -19.837121
            ],
            [
              -40.0916569,
              -19.837132
            ],
            [
              -40.0917194,
              -19.8371926
            ],
            [
              -40.0918249,
              -19.8372395
            ],
            [
              -40.0919357,
              -19.8372596
            ],
            [
              -40.0920362,
              -19.8372515
            ],
            [
              -40.0921059,
              -19.8372288
            ],
            [
              -40.0921801,
              -19.8371734
            ],
            [
              -40.092243,
              -19.8370653
            ],
            [
              -40.0922556,
              -19.8369649
            ],
            [
              -40.0922151,
              -19.8368121
            ],
            [
              -40.0923938,
              -19.8367738
            ],
            [
              -40.0925073,
              -19.836733
            ],
            [
              -40.0925851,
              -19.836691
            ],
            [
              -40.0926501,
              -19.8366329
            ],
            [
              -40.0927998,
              -19.8366763
            ],
            [
              -40.0929225,
              -19.8366706
            ],
            [
              -40.0930892,
              -19.8365915
            ],
            [
              -40.0932244,
              -19.836464
            ],
            [
              -40.0934328,
              -19.8363769
            ],
            [
              -40.0936581,
              -19.836335
            ],
            [
              -40.0937267,
              -19.8363048
            ],
            [
              -40.0938178,
              -19.8362372
            ],
            [
              -40.0939899,
              -19.8362268
            ],
            [
              -40.0942391,
              -19.8362681
            ],
            [
              -40.0944102,
              -19.8362484
            ],
            [
              -40.0944916,
              -19.8362135
            ],
            [
              -40.0946433,
              -19.8360971
            ],
            [
              -40.0949935,
              -19.8359348
            ],
            [
              -40.0952069,
              -19.8359232
            ],
            [
              -40.0954798,
              -19.8358312
            ],
            [
              -40.0958307,
              -19.8357807
            ],
            [
              -40.0959852,
              -19.8357769
            ],
            [
              -40.0964066,
              -19.836116
            ],
            [
              -40.0968431,
              -19.8363424
            ],
            [
              -40.0970753,
              -19.8364862
            ],
            [
              -40.09718,
              -19.8365743
            ],
            [
              -40.0971999,
              -19.8366743
            ],
            [
              -40.0972971,
              -19.8368307
            ],
            [
              -40.097488,
              -19.8369547
            ],
            [
              -40.0976358,
              -19.8371244
            ],
            [
              -40.0977326,
              -19.8372126
            ],
            [
              -40.0978273,
              -19.837353
            ],
            [
              -40.0978646,
              -19.8375303
            ],
            [
              -40.0978637,
              -19.8377487
            ],
            [
              -40.0978358,
              -19.8378832
            ],
            [
              -40.0978309,
              -19.8380135
            ],
            [
              -40.0978618,
              -19.8381421
            ],
            [
              -40.0979704,
              -19.8382493
            ],
            [
              -40.0980625,
              -19.8382814
            ],
            [
              -40.098173,
              -19.8382816
            ],
            [
              -40.0982244,
              -19.8385547
            ],
            [
              -40.0982802,
              -19.8387034
            ],
            [
              -40.0983241,
              -19.8387943
            ],
            [
              -40.0984417,
              -19.8389299
            ],
            [
              -40.0985533,
              -19.8390238
            ],
            [
              -40.0986471,
              -19.8390622
            ],
            [
              -40.0988716,
              -19.8391111
            ],
            [
              -40.0991769,
              -19.8391173
            ],
            [
              -40.0993245,
              -19.839202
            ],
            [
              -40.0993252,
              -19.8396464
            ],
            [
              -40.0994475,
              -19.8401184
            ],
            [
              -40.0995164,
              -19.8404885
            ],
            [
              -40.0995423,
              -19.8405598
            ],
            [
              -40.0995843,
              -19.8406184
            ],
            [
              -40.0996568,
              -19.8406739
            ],
            [
              -40.0997261,
              -19.8407006
            ],
            [
              -40.0998003,
              -19.8407094
            ],
            [
              -40.0998743,
              -19.8406997
            ],
            [
              -40.0999743,
              -19.8406523
            ],
            [
              -40.1000489,
              -19.840571
            ],
            [
              -40.1001297,
              -19.8404275
            ],
            [
              -40.1001423,
              -19.8403828
            ],
            [
              -40.1001355,
              -19.8400529
            ],
            [
              -40.1000931,
              -19.8395899
            ],
            [
              -40.1001974,
              -19.8396082
            ],
            [
              -40.1003643,
              -19.8397449
            ],
            [
              -40.1004119,
              -19.8398266
            ],
            [
              -40.1004532,
              -19.8399432
            ],
            [
              -40.1005218,
              -19.8400267
            ],
            [
              -40.100619,
              -19.840079
            ],
            [
              -40.1007112,
              -19.8400928
            ],
            [
              -40.1011813,
              -19.8399818
            ],
            [
              -40.1012733,
              -19.8399398
            ],
            [
              -40.1013338,
              -19.839884
            ],
            [
              -40.1013742,
              -19.8398135
            ],
            [
              -40.1013913,
              -19.8397364
            ],
            [
              -40.1013834,
              -19.8396556
            ],
            [
              -40.1013425,
              -19.8395684
            ],
            [
              -40.101263,
              -19.8394941
            ],
            [
              -40.1011264,
              -19.8394237
            ],
            [
              -40.1009369,
              -19.8393669
            ],
            [
              -40.1007781,
              -19.8391558
            ],
            [
              -40.1006468,
              -19.839052
            ],
            [
              -40.1003934,
              -19.8389419
            ],
            [
              -40.1002139,
              -19.8389133
            ],
            [
              -40.1001632,
              -19.8388931
            ],
            [
              -40.099969,
              -19.8387477
            ],
            [
              -40.0997709,
              -19.8385408
            ],
            [
              -40.0996699,
              -19.8384554
            ],
            [
              -40.0995331,
              -19.8383795
            ],
            [
              -40.0991829,
              -19.8382591
            ],
            [
              -40.0990471,
              -19.8379464
            ],
            [
              -40.0989948,
              -19.8377286
            ],
            [
              -40.09894,
              -19.8376084
            ],
            [
              -40.0988527,
              -19.8374757
            ],
            [
              -40.0988721,
              -19.8374721
            ],
            [
              -40.0989444,
              -19.8374765
            ],
            [
              -40.0991613,
              -19.8376549
            ],
            [
              -40.0993095,
              -19.8377318
            ],
            [
              -40.0996946,
              -19.8377902
            ],
            [
              -40.0998244,
              -19.8377993
            ],
            [
              -40.0999209,
              -19.8377829
            ],
            [
              -40.1000486,
              -19.8377368
            ],
            [
              -40.100159,
              -19.8376564
            ],
            [
              -40.1002607,
              -19.8376052
            ],
            [
              -40.1003689,
              -19.8375712
            ],
            [
              -40.1005296,
              -19.8376619
            ],
            [
              -40.1006843,
              -19.837711
            ],
            [
              -40.1008193,
              -19.8377264
            ],
            [
              -40.1009554,
              -19.8377236
            ],
            [
              -40.101162,
              -19.8376881
            ],
            [
              -40.1012797,
              -19.8376825
            ],
            [
              -40.1015714,
              -19.8378788
            ],
            [
              -40.1018416,
              -19.8381123
            ],
            [
              -40.1020676,
              -19.8382132
            ],
            [
              -40.1022589,
              -19.838258
            ],
            [
              -40.1024991,
              -19.8382507
            ],
            [
              -40.1026234,
              -19.8382138
            ],
            [
              -40.1027627,
              -19.838117
            ],
            [
              -40.1028877,
              -19.8379643
            ],
            [
              -40.1030713,
              -19.8379897
            ],
            [
              -40.1031586,
              -19.8380382
            ],
            [
              -40.1033576,
              -19.8382188
            ],
            [
              -40.1036121,
              -19.8384176
            ],
            [
              -40.1036771,
              -19.8384526
            ],
            [
              -40.1037822,
              -19.8384781
            ],
            [
              -40.103841,
              -19.8386004
            ],
            [
              -40.10396,
              -19.8387099
            ],
            [
              -40.1040404,
              -19.8387586
            ],
            [
              -40.1040837,
              -19.838853
            ],
            [
              -40.1041572,
              -19.8389245
            ],
            [
              -40.1041429,
              -19.8392385
            ],
            [
              -40.1041578,
              -19.8396879
            ],
            [
              -40.1041537,
              -19.8397068
            ],
            [
              -40.1040737,
              -19.8397804
            ],
            [
              -40.1040576,
              -19.8398218
            ],
            [
              -40.1040601,
              -19.8398833
            ],
            [
              -40.1043786,
              -19.8398867
            ],
            [
              -40.104421,
              -19.8398181
            ],
            [
              -40.104446,
              -19.8396857
            ],
            [
              -40.1044306,
              -19.8392346
            ],
            [
              -40.10446,
              -19.8388016
            ],
            [
              -40.104443,
              -19.838804
            ],
            [
              -40.1045383,
              -19.8387581
            ],
            [
              -40.1047173,
              -19.8388994
            ],
            [
              -40.104757,
              -19.8389824
            ],
            [
              -40.1048446,
              -19.8390901
            ],
            [
              -40.1049414,
              -19.8391172
            ],
            [
              -40.1050948,
              -19.8390759
            ],
            [
              -40.1051402,
              -19.839123
            ],
            [
              -40.1052305,
              -19.8392866
            ],
            [
              -40.1052866,
              -19.8393325
            ],
            [
              -40.105511,
              -19.8393822
            ],
            [
              -40.1056981,
              -19.8394016
            ],
            [
              -40.1058257,
              -19.8394501
            ],
            [
              -40.1059239,
              -19.8395653
            ],
            [
              -40.1060573,
              -19.8397217
            ],
            [
              -40.1061409,
              -19.8397483
            ],
            [
              -40.106215,
              -19.8397326
            ],
            [
              -40.1062598,
              -19.8397047
            ],
            [
              -40.1062903,
              -19.83963
            ],
            [
              -40.1062856,
              -19.8395766
            ],
            [
              -40.1062665,
              -19.8395471
            ],
            [
              -40.1059996,
              -19.8392292
            ],
            [
              -40.1057691,
              -19.8391377
            ],
            [
              -40.1054454,
              -19.8390916
            ],
            [
              -40.1053773,
              -19.8389689
            ],
            [
              -40.1052493,
              -19.8388373
            ],
            [
              -40.105199,
              -19.8388142
            ],
            [
              -40.105182,
              -19.8388226
            ],
            [
              -40.1050465,
              -19.8387924
            ],
            [
              -40.1049286,
              -19.8385981
            ],
            [
              -40.1047911,
              -19.8384312
            ],
            [
              -40.104658,
              -19.8383464
            ],
            [
              -40.1043942,
              -19.8382923
            ],
            [
              -40.1043586,
              -19.8382601
            ],
            [
              -40.1043097,
              -19.8381348
            ],
            [
              -40.1042715,
              -19.838085
            ],
            [
              -40.1041727,
              -19.8380294
            ],
            [
              -40.1040471,
              -19.8380067
            ],
            [
              -40.1038392,
              -19.8378783
            ],
            [
              -40.1035926,
              -19.8375655
            ],
            [
              -40.1034217,
              -19.837419
            ],
            [
              -40.1032417,
              -19.837335
            ],
            [
              -40.1032284,
              -19.837297
            ],
            [
              -40.1032607,
              -19.8371532
            ],
            [
              -40.1033289,
              -19.8369981
            ],
            [
              -40.1035459,
              -19.8366929
            ],
            [
              -40.1037696,
              -19.8365514
            ],
            [
              -40.1038641,
              -19.8364678
            ],
            [
              -40.1039296,
              -19.8363381
            ],
            [
              -40.1039438,
              -19.8362606
            ],
            [
              -40.1040977,
              -19.8362498
            ],
            [
              -40.1041505,
              -19.8362325
            ],
            [
              -40.1044029,
              -19.8360231
            ],
            [
              -40.1044853,
              -19.8359146
            ],
            [
              -40.1045029,
              -19.8358644
            ],
            [
              -40.1045069,
              -19.835761
            ],
            [
              -40.1044972,
              -19.8354878
            ],
            [
              -40.1045672,
              -19.8353348
            ],
            [
              -40.1045848,
              -19.8352492
            ],
            [
              -40.1046649,
              -19.8350808
            ],
            [
              -40.1046997,
              -19.8349635
            ],
            [
              -40.1046971,
              -19.834902
            ],
            [
              -40.1046402,
              -19.8347769
            ],
            [
              -40.104743,
              -19.8347139
            ],
            [
              -40.1048066,
              -19.8347479
            ],
            [
              -40.1049478,
              -19.834781
            ],
            [
              -40.105071,
              -19.8347705
            ],
            [
              -40.1051932,
              -19.8347347
            ],
            [
              -40.1053357,
              -19.8349139
            ],
            [
              -40.1055239,
              -19.8350134
            ],
            [
              -40.1057833,
              -19.8351854
            ],
            [
              -40.1060908,
              -19.8353224
            ],
            [
              -40.1063673,
              -19.8354203
            ],
            [
              -40.1064591,
              -19.835414
            ],
            [
              -40.1065323,
              -19.8353483
            ],
            [
              -40.1065437,
              -19.8352618
            ],
            [
              -40.1064972,
              -19.8351866
            ],
            [
              -40.1061333,
              -19.8350359
            ],
            [
              -40.1059275,
              -19.8349506
            ],
            [
              -40.105681,
              -19.8347866
            ],
            [
              -40.105526,
              -19.8347067
            ],
            [
              -40.1054521,
              -19.8346157
            ],
            [
              -40.1054011,
              -19.8344121
            ],
            [
              -40.105364,
              -19.8343726
            ],
            [
              -40.1053137,
              -19.8343495
            ],
            [
              -40.1051525,
              -19.8343655
            ],
            [
              -40.1050466,
              -19.8344123
            ],
            [
              -40.1049861,
              -19.8344205
            ],
            [
              -40.1048031,
              -19.8343977
            ],
            [
              -40.1046719,
              -19.8344076
            ],
            [
              -40.1043882,
              -19.8344823
            ],
            [
              -40.1042044,
              -19.8345116
            ],
            [
              -40.1041481,
              -19.8345119
            ],
            [
              -40.1039775,
              -19.8344389
            ],
            [
              -40.1039034,
              -19.8344394
            ],
            [
              -40.1038218,
              -19.8344955
            ],
            [
              -40.1037985,
              -19.8345798
            ],
            [
              -40.1039452,
              -19.8348896
            ],
            [
              -40.1040337,
              -19.834983
            ],
            [
              -40.1040612,
              -19.8350262
            ],
            [
              -40.1040734,
              -19.8350822
            ],
            [
              -40.1040729,
              -19.8351555
            ],
            [
              -40.1040241,
              -19.8354317
            ],
            [
              -40.1040393,
              -19.8357512
            ],
            [
              -40.103971,
              -19.8357896
            ],
            [
              -40.1036688,
              -19.835802
            ],
            [
              -40.1035508,
              -19.8358402
            ],
            [
              -40.1035067,
              -19.8358727
            ],
            [
              -40.1034743,
              -19.8359358
            ],
            [
              -40.1034405,
              -19.8361846
            ],
            [
              -40.1033543,
              -19.8362747
            ],
            [
              -40.1031531,
              -19.8363929
            ],
            [
              -40.1030302,
              -19.8366505
            ],
            [
              -40.1028496,
              -19.8367859
            ],
            [
              -40.1027904,
              -19.836909
            ],
            [
              -40.1027857,
              -19.8370138
            ],
            [
              -40.1027652,
              -19.8370788
            ],
            [
              -40.1026865,
              -19.837189
            ],
            [
              -40.1026446,
              -19.8372139
            ],
            [
              -40.102582,
              -19.8372243
            ],
            [
              -40.1024073,
              -19.8372335
            ],
            [
              -40.1022449,
              -19.8371985
            ],
            [
              -40.1020933,
              -19.8371424
            ],
            [
              -40.102077,
              -19.8371264
            ],
            [
              -40.1020693,
              -19.8369963
            ],
            [
              -40.1020945,
              -19.8368093
            ],
            [
              -40.1020657,
              -19.8367447
            ],
            [
              -40.1019978,
              -19.8366993
            ],
            [
              -40.1019238,
              -19.8366951
            ],
            [
              -40.1017523,
              -19.8367623
            ],
            [
              -40.1016581,
              -19.8367595
            ],
            [
              -40.1015194,
              -19.8367851
            ],
            [
              -40.1011498,
              -19.8369253
            ],
            [
              -40.1009711,
              -19.8369469
            ],
            [
              -40.1009108,
              -19.836942
            ],
            [
              -40.1008606,
              -19.8369188
            ],
            [
              -40.1006077,
              -19.836733
            ],
            [
              -40.1004282,
              -19.8366692
            ],
            [
              -40.1003938,
              -19.8366373
            ],
            [
              -40.100337,
              -19.8365406
            ],
            [
              -40.1002542,
              -19.8365026
            ],
            [
              -40.1001807,
              -19.8365122
            ],
            [
              -40.1001281,
              -19.8365484
            ],
            [
              -40.099942,
              -19.8368862
            ],
            [
              -40.0999023,
              -19.8369139
            ],
            [
              -40.0998217,
              -19.8369192
            ],
            [
              -40.0997324,
              -19.836833
            ],
            [
              -40.0995996,
              -19.8366576
            ],
            [
              -40.0994095,
              -19.8365061
            ],
            [
              -40.0992814,
              -19.8364551
            ],
            [
              -40.0990508,
              -19.8364492
            ],
            [
              -40.0989292,
              -19.8364535
            ],
            [
              -40.0987294,
              -19.836514
            ],
            [
              -40.0985932,
              -19.8365266
            ],
            [
              -40.0985321,
              -19.8365054
            ],
            [
              -40.0984263,
              -19.8364361
            ],
            [
              -40.098419,
              -19.8363403
            ],
            [
              -40.0984349,
              -19.8362681
            ],
            [
              -40.0985113,
              -19.8361315
            ],
            [
              -40.0988114,
              -19.8357344
            ],
            [
              -40.0988615,
              -19.8356155
            ],
            [
              -40.0988916,
              -19.8354151
            ],
            [
              -40.098947,
              -19.83526
            ],
            [
              -40.0990286,
              -19.8351148
            ],
            [
              -40.0991384,
              -19.8349963
            ],
            [
              -40.0993396,
              -19.8348508
            ],
            [
              -40.09955,
              -19.8347916
            ],
            [
              -40.0997478,
              -19.8346728
            ],
            [
              -40.0998429,
              -19.8345348
            ],
            [
              -40.0998489,
              -19.8343886
            ],
            [
              -40.0998957,
              -19.8343662
            ],
            [
              -40.1000758,
              -19.8343719
            ],
            [
              -40.1002616,
              -19.8343068
            ],
            [
              -40.100435,
              -19.8341498
            ],
            [
              -40.1004048,
              -19.8340675
            ],
            [
              -40.1003706,
              -19.8340375
            ],
            [
              -40.1003095,
              -19.8340162
            ],
            [
              -40.100051,
              -19.8341016
            ],
            [
              -40.0998542,
              -19.8340939
            ],
            [
              -40.0998003,
              -19.834108
            ],
            [
              -40.0996352,
              -19.8341901
            ],
            [
              -40.0995229,
              -19.8343019
            ],
            [
              -40.0995336,
              -19.8343118
            ],
            [
              -40.0993705,
              -19.8344306
            ],
            [
              -40.0991065,
              -19.8345169
            ],
            [
              -40.0988339,
              -19.8346295
            ],
            [
              -40.0987134,
              -19.8346559
            ],
            [
              -40.0985901,
              -19.8347121
            ],
            [
              -40.0985,
              -19.8347943
            ],
            [
              -40.0984322,
              -19.834895
            ],
            [
              -40.0981822,
              -19.835464
            ],
            [
              -40.0981056,
              -19.8356074
            ],
            [
              -40.0980637,
              -19.8356505
            ],
            [
              -40.0980038,
              -19.8356772
            ],
            [
              -40.0979277,
              -19.8356953
            ],
            [
              -40.0977655,
              -19.8356945
            ],
            [
              -40.0972317,
              -19.8355678
            ],
            [
              -40.0970595,
              -19.835456
            ],
            [
              -40.096882,
              -19.8353834
            ],
            [
              -40.0967803,
              -19.8352926
            ],
            [
              -40.0966175,
              -19.8348921
            ],
            [
              -40.0965631,
              -19.8346296
            ],
            [
              -40.0964789,
              -19.8343603
            ],
            [
              -40.0964647,
              -19.8341234
            ],
            [
              -40.0964803,
              -19.8340957
            ],
            [
              -40.0965314,
              -19.8340605
            ],
            [
              -40.096906,
              -19.8338833
            ],
            [
              -40.0969498,
              -19.8338295
            ],
            [
              -40.0969848,
              -19.8337136
            ],
            [
              -40.0969655,
              -19.8336548
            ],
            [
              -40.0969207,
              -19.8336102
            ],
            [
              -40.0966436,
              -19.8334994
            ],
            [
              -40.0966099,
              -19.8334703
            ],
            [
              -40.0966041,
              -19.8333927
            ],
            [
              -40.096685,
              -19.8332354
            ],
            [
              -40.0967454,
              -19.8330511
            ],
            [
              -40.0968164,
              -19.8328977
            ],
            [
              -40.0969303,
              -19.8327753
            ],
            [
              -40.0971534,
              -19.832641
            ],
            [
              -40.0972561,
              -19.832633
            ],
            [
              -40.0974083,
              -19.8327144
            ],
            [
              -40.0977313,
              -19.8328479
            ],
            [
              -40.0978874,
              -19.8328486
            ],
            [
              -40.0981602,
              -19.8327401
            ],
            [
              -40.0982103,
              -19.8327398
            ],
            [
              -40.0985107,
              -19.8328416
            ],
            [
              -40.0985833,
              -19.8328274
            ],
            [
              -40.0986387,
              -19.8327808
            ],
            [
              -40.098662,
              -19.8327158
            ],
            [
              -40.098665,
              -19.8325659
            ],
            [
              -40.098622,
              -19.8324512
            ],
            [
              -40.0985355,
              -19.8323371
            ],
            [
              -40.0983692,
              -19.8321946
            ],
            [
              -40.0983279,
              -19.8321741
            ],
            [
              -40.0981901,
              -19.8321398
            ],
            [
              -40.0979287,
              -19.8321426
            ],
            [
              -40.0979292,
              -19.8319715
            ],
            [
              -40.0980147,
              -19.8317803
            ],
            [
              -40.0980271,
              -19.8316747
            ],
            [
              -40.098022,
              -19.8314321
            ],
            [
              -40.0980371,
              -19.8314094
            ],
            [
              -40.0980836,
              -19.8313875
            ],
            [
              -40.0983722,
              -19.8313343
            ],
            [
              -40.098582,
              -19.8312663
            ],
            [
              -40.0987511,
              -19.8311875
            ],
            [
              -40.0988186,
              -19.8311778
            ],
            [
              -40.0990859,
              -19.8312009
            ],
            [
              -40.0992351,
              -19.8312894
            ],
            [
              -40.0993172,
              -19.8313017
            ],
            [
              -40.0993618,
              -19.8312886
            ],
            [
              -40.0994707,
              -19.8312191
            ],
            [
              -40.0995371,
              -19.8311458
            ],
            [
              -40.0996578,
              -19.8310917
            ],
            [
              -40.099695,
              -19.8310915
            ],
            [
              -40.0999469,
              -19.8312056
            ],
            [
              -40.1000916,
              -19.8312474
            ],
            [
              -40.1002271,
              -19.8312307
            ],
            [
              -40.1004119,
              -19.831178
            ],
            [
              -40.1006463,
              -19.8311792
            ],
            [
              -40.100995,
              -19.8313668
            ],
            [
              -40.1011239,
              -19.8314061
            ],
            [
              -40.1012515,
              -19.8314165
            ],
            [
              -40.1013926,
              -19.8313964
            ],
            [
              -40.1014902,
              -19.8313465
            ],
            [
              -40.1017007,
              -19.8312916
            ],
            [
              -40.1018196,
              -19.8312168
            ],
            [
              -40.1019798,
              -19.8310685
            ],
            [
              -40.1020332,
              -19.8311162
            ],
            [
              -40.1021585,
              -19.8311821
            ],
            [
              -40.102312,
              -19.8312038
            ],
            [
              -40.1024653,
              -19.8311756
            ],
            [
              -40.1026008,
              -19.8310528
            ],
            [
              -40.1026747,
              -19.8310554
            ],
            [
              -40.1026828,
              -19.831045
            ],
            [
              -40.1029339,
              -19.8311011
            ],
            [
              -40.1032972,
              -19.8311561
            ],
            [
              -40.1033487,
              -19.831155
            ],
            [
              -40.1034002,
              -19.8311344
            ],
            [
              -40.1034487,
              -19.8310814
            ],
            [
              -40.1034631,
              -19.8310214
            ],
            [
              -40.1034434,
              -19.8309537
            ],
            [
              -40.1034063,
              -19.8309142
            ],
            [
              -40.1033425,
              -19.8308884
            ],
            [
              -40.1028367,
              -19.830801
            ],
            [
              -40.102825,
              -19.8308083
            ],
            [
              -40.1026923,
              -19.8307075
            ],
            [
              -40.1026435,
              -19.8306517
            ],
            [
              -40.1027888,
              -19.8304419
            ],
            [
              -40.1027838,
              -19.8299956
            ],
            [
              -40.1028126,
              -19.8298461
            ],
            [
              -40.102861,
              -19.829611
            ],
            [
              -40.1029156,
              -19.8294334
            ],
            [
              -40.1030246,
              -19.8292402
            ],
            [
              -40.1030159,
              -19.8291619
            ],
            [
              -40.1029464,
              -19.8290927
            ],
            [
              -40.1028643,
              -19.8290804
            ],
            [
              -40.1027888,
              -19.8291133
            ],
            [
              -40.1026503,
              -19.8293288
            ],
            [
              -40.1025795,
              -19.8295586
            ],
            [
              -40.1025003,
              -19.8300156
            ],
            [
              -40.1024069,
              -19.8302582
            ],
            [
              -40.1023575,
              -19.8304364
            ],
            [
              -40.1022676,
              -19.8306015
            ],
            [
              -40.1022384,
              -19.8306919
            ],
            [
              -40.1020688,
              -19.8306123
            ],
            [
              -40.1019064,
              -19.8305988
            ],
            [
              -40.1017648,
              -19.8306202
            ],
            [
              -40.1016574,
              -19.8306808
            ],
            [
              -40.1015302,
              -19.8308353
            ],
            [
              -40.101463,
              -19.8308052
            ],
            [
              -40.1013352,
              -19.8307776
            ],
            [
              -40.1011994,
              -19.830796
            ],
            [
              -40.1011111,
              -19.8308247
            ],
            [
              -40.101073,
              -19.8308214
            ],
            [
              -40.1009403,
              -19.8307376
            ],
            [
              -40.1008157,
              -19.8306834
            ],
            [
              -40.1006079,
              -19.8306428
            ],
            [
              -40.1003867,
              -19.830573
            ],
            [
              -40.1002266,
              -19.8305867
            ],
            [
              -40.1001147,
              -19.830657
            ],
            [
              -40.1000651,
              -19.8306611
            ],
            [
              -40.0999135,
              -19.8305356
            ],
            [
              -40.0998064,
              -19.8304766
            ],
            [
              -40.0996578,
              -19.8304285
            ],
            [
              -40.0994942,
              -19.8304377
            ],
            [
              -40.0993836,
              -19.8304842
            ],
            [
              -40.0991693,
              -19.8306208
            ],
            [
              -40.0990757,
              -19.8306133
            ],
            [
              -40.0990021,
              -19.8305585
            ],
            [
              -40.0988707,
              -19.8304954
            ],
            [
              -40.0987396,
              -19.8304883
            ],
            [
              -40.0984951,
              -19.8304965
            ],
            [
              -40.0982736,
              -19.8305809
            ],
            [
              -40.0981654,
              -19.8306031
            ],
            [
              -40.0981098,
              -19.8305519
            ],
            [
              -40.098093,
              -19.8305003
            ],
            [
              -40.0980874,
              -19.8303679
            ],
            [
              -40.0981035,
              -19.8303256
            ],
            [
              -40.0983326,
              -19.8300696
            ],
            [
              -40.098489,
              -19.8299459
            ],
            [
              -40.0986749,
              -19.8298332
            ],
            [
              -40.0987677,
              -19.8297331
            ],
            [
              -40.0988203,
              -19.8296096
            ],
            [
              -40.0988581,
              -19.8294189
            ],
            [
              -40.0988901,
              -19.8293484
            ],
            [
              -40.0990679,
              -19.8290344
            ],
            [
              -40.0991846,
              -19.8289123
            ],
            [
              -40.099234,
              -19.8288721
            ],
            [
              -40.0992887,
              -19.8288519
            ],
            [
              -40.0995183,
              -19.8288365
            ],
            [
              -40.0997009,
              -19.828852
            ],
            [
              -40.0999562,
              -19.8290265
            ],
            [
              -40.1000279,
              -19.8290442
            ],
            [
              -40.1000826,
              -19.8290336
            ],
            [
              -40.1001412,
              -19.8289905
            ],
            [
              -40.1001656,
              -19.8289429
            ],
            [
              -40.1001673,
              -19.8288814
            ],
            [
              -40.1001134,
              -19.8288006
            ],
            [
              -40.0998171,
              -19.8285994
            ],
            [
              -40.0996131,
              -19.8285698
            ],
            [
              -40.099608,
              -19.8285809
            ],
            [
              -40.0994056,
              -19.8284898
            ],
            [
              -40.0992059,
              -19.8284794
            ],
            [
              -40.0992073,
              -19.8284324
            ],
            [
              -40.0992315,
              -19.8283864
            ],
            [
              -40.0992698,
              -19.8283431
            ],
            [
              -40.09936,
              -19.8282933
            ],
            [
              -40.0993949,
              -19.8282038
            ],
            [
              -40.0993753,
              -19.8281361
            ],
            [
              -40.0993381,
              -19.8280966
            ],
            [
              -40.0992695,
              -19.8280702
            ],
            [
              -40.0992011,
              -19.8280779
            ],
            [
              -40.0990039,
              -19.8281485
            ],
            [
              -40.0989454,
              -19.8281915
            ],
            [
              -40.0989143,
              -19.8282782
            ],
            [
              -40.0988436,
              -19.8284007
            ],
            [
              -40.0987976,
              -19.8285874
            ],
            [
              -40.0986187,
              -19.8287785
            ],
            [
              -40.0985466,
              -19.8288705
            ],
            [
              -40.0984687,
              -19.8290188
            ],
            [
              -40.0984031,
              -19.8290726
            ],
            [
              -40.0983178,
              -19.8291816
            ],
            [
              -40.098262,
              -19.8294507
            ],
            [
              -40.0982262,
              -19.8295045
            ],
            [
              -40.0981692,
              -19.8295457
            ],
            [
              -40.0980085,
              -19.8296189
            ],
            [
              -40.0979966,
              -19.8295379
            ],
            [
              -40.0980132,
              -19.8294923
            ],
            [
              -40.0981443,
              -19.8293354
            ],
            [
              -40.0981943,
              -19.8292262
            ],
            [
              -40.0982197,
              -19.8290979
            ],
            [
              -40.0982111,
              -19.8289748
            ],
            [
              -40.0981352,
              -19.8288412
            ],
            [
              -40.0980184,
              -19.8287176
            ],
            [
              -40.098044,
              -19.8286035
            ],
            [
              -40.0980474,
              -19.8284914
            ],
            [
              -40.0980287,
              -19.8283864
            ],
            [
              -40.0979317,
              -19.8281596
            ],
            [
              -40.0978974,
              -19.8281178
            ],
            [
              -40.0978307,
              -19.8280872
            ],
            [
              -40.0977748,
              -19.8280876
            ],
            [
              -40.0977233,
              -19.8281081
            ],
            [
              -40.0976841,
              -19.8281457
            ],
            [
              -40.0976615,
              -19.8282035
            ],
            [
              -40.0976872,
              -19.8283062
            ],
            [
              -40.097675,
              -19.828382
            ],
            [
              -40.0977127,
              -19.8285103
            ],
            [
              -40.0976476,
              -19.8286606
            ],
            [
              -40.0976375,
              -19.8288064
            ],
            [
              -40.0976738,
              -19.8289447
            ],
            [
              -40.0977597,
              -19.8290492
            ],
            [
              -40.0976528,
              -19.8291802
            ],
            [
              -40.0976128,
              -19.829274
            ],
            [
              -40.0975007,
              -19.8294449
            ],
            [
              -40.0974753,
              -19.8296925
            ],
            [
              -40.0973286,
              -19.8297323
            ],
            [
              -40.0972948,
              -19.8297627
            ],
            [
              -40.0972668,
              -19.8298277
            ],
            [
              -40.0972709,
              -19.8298805
            ],
            [
              -40.0973122,
              -19.8299833
            ],
            [
              -40.0974056,
              -19.8301261
            ],
            [
              -40.0974107,
              -19.8307436
            ],
            [
              -40.0973876,
              -19.8307897
            ],
            [
              -40.0973006,
              -19.8309051
            ],
            [
              -40.0972656,
              -19.8309246
            ],
            [
              -40.0969211,
              -19.8309297
            ],
            [
              -40.0966257,
              -19.8308657
            ],
            [
              -40.0964018,
              -19.830865
            ],
            [
              -40.096244,
              -19.830889
            ],
            [
              -40.096194,
              -19.8309284
            ],
            [
              -40.0961723,
              -19.8309675
            ],
            [
              -40.0961762,
              -19.8310629
            ],
            [
              -40.0962764,
              -19.8311924
            ],
            [
              -40.0964639,
              -19.8313125
            ],
            [
              -40.0967992,
              -19.8314833
            ],
            [
              -40.0968137,
              -19.8315032
            ],
            [
              -40.0968173,
              -19.8316317
            ],
            [
              -40.0967474,
              -19.8317812
            ],
            [
              -40.0966902,
              -19.831954
            ],
            [
              -40.0966488,
              -19.8320247
            ],
            [
              -40.0963045,
              -19.8323443
            ],
            [
              -40.096222,
              -19.8324534
            ],
            [
              -40.0958886,
              -19.8331751
            ],
            [
              -40.0958683,
              -19.8334735
            ],
            [
              -40.0956739,
              -19.8337734
            ],
            [
              -40.0956424,
              -19.8338918
            ],
            [
              -40.0956279,
              -19.8342154
            ],
            [
              -40.0956357,
              -19.8344973
            ],
            [
              -40.0956241,
              -19.8345575
            ],
            [
              -40.0955418,
              -19.8346482
            ],
            [
              -40.0952433,
              -19.8348188
            ],
            [
              -40.094562,
              -19.8349568
            ],
            [
              -40.0941944,
              -19.8351029
            ],
            [
              -40.0939326,
              -19.8351228
            ],
            [
              -40.0936256,
              -19.8351137
            ],
            [
              -40.0933063,
              -19.8351756
            ],
            [
              -40.0931976,
              -19.8351719
            ],
            [
              -40.0931829,
              -19.8350137
            ],
            [
              -40.0931925,
              -19.8349681
            ],
            [
              -40.0935766,
              -19.8346523
            ],
            [
              -40.0937306,
              -19.8345695
            ],
            [
              -40.0939137,
              -19.8345063
            ],
            [
              -40.0942243,
              -19.8344246
            ],
            [
              -40.094626,
              -19.8343598
            ],
            [
              -40.0947397,
              -19.8343242
            ],
            [
              -40.0950422,
              -19.834168
            ],
            [
              -40.0952969,
              -19.8339959
            ],
            [
              -40.0954065,
              -19.8338829
            ],
            [
              -40.0954717,
              -19.8337637
            ],
            [
              -40.095487,
              -19.8336175
            ],
            [
              -40.095462,
              -19.8334646
            ],
            [
              -40.0953479,
              -19.83329
            ],
            [
              -40.0952656,
              -19.8332063
            ],
            [
              -40.0951975,
              -19.8331686
            ],
            [
              -40.0950974,
              -19.8331445
            ],
            [
              -40.0949625,
              -19.8331421
            ],
            [
              -40.0948141,
              -19.8331898
            ],
            [
              -40.0945334,
              -19.8333691
            ],
            [
              -40.0944643,
              -19.8334075
            ],
            [
              -40.0943945,
              -19.8334264
            ],
            [
              -40.0936061,
              -19.8334302
            ],
            [
              -40.0932882,
              -19.8334603
            ],
            [
              -40.092586,
              -19.8337622
            ],
            [
              -40.0924172,
              -19.833814
            ],
            [
              -40.0922538,
              -19.8338258
            ],
            [
              -40.0921711,
              -19.8338194
            ],
            [
              -40.0917963,
              -19.8337153
            ],
            [
              -40.0914383,
              -19.8335843
            ],
            [
              -40.0912131,
              -19.8334516
            ],
            [
              -40.0910676,
              -19.8332759
            ],
            [
              -40.0910496,
              -19.8332171
            ],
            [
              -40.0910321,
              -19.8327808
            ],
            [
              -40.0910755,
              -19.8326356
            ],
            [
              -40.0911129,
              -19.8325846
            ],
            [
              -40.091169,
              -19.8325494
            ],
            [
              -40.0914473,
              -19.8324334
            ],
            [
              -40.0920096,
              -19.8321387
            ],
            [
              -40.0921823,
              -19.8320722
            ],
            [
              -40.0923602,
              -19.8320267
            ],
            [
              -40.0926323,
              -19.8320179
            ],
            [
              -40.0927094,
              -19.8320331
            ],
            [
              -40.0929976,
              -19.8321463
            ],
            [
              -40.0932782,
              -19.8322797
            ],
            [
              -40.0933956,
              -19.8323183
            ],
            [
              -40.0936086,
              -19.8323536
            ],
            [
              -40.0937057,
              -19.8323921
            ],
            [
              -40.0938292,
              -19.8324048
            ],
            [
              -40.0940704,
              -19.8323925
            ],
            [
              -40.094213,
              -19.8323397
            ],
            [
              -40.0943519,
              -19.8321981
            ],
            [
              -40.0943813,
              -19.8320845
            ],
            [
              -40.0943622,
              -19.8319348
            ],
            [
              -40.0943083,
              -19.8318537
            ],
            [
              -40.094267,
              -19.8318331
            ],
            [
              -40.0940863,
              -19.8318061
            ],
            [
              -40.0940116,
              -19.8317035
            ],
            [
              -40.0938526,
              -19.8315388
            ],
            [
              -40.0935312,
              -19.8314242
            ],
            [
              -40.0932708,
              -19.8313067
            ],
            [
              -40.0931805,
              -19.8312245
            ],
            [
              -40.0930756,
              -19.8310343
            ],
            [
              -40.0929192,
              -19.8309226
            ],
            [
              -40.0928557,
              -19.8308227
            ],
            [
              -40.0925271,
              -19.830623
            ],
            [
              -40.0924894,
              -19.8305355
            ],
            [
              -40.0925225,
              -19.8303919
            ],
            [
              -40.0928723,
              -19.8299417
            ],
            [
              -40.0929241,
              -19.8298323
            ],
            [
              -40.0929345,
              -19.8297626
            ],
            [
              -40.0929223,
              -19.8296691
            ],
            [
              -40.0928739,
              -19.8295832
            ],
            [
              -40.0926929,
              -19.8295172
            ],
            [
              -40.0924794,
              -19.829518
            ],
            [
              -40.0919554,
              -19.8296368
            ],
            [
              -40.0915451,
              -19.8296591
            ],
            [
              -40.0912175,
              -19.8296698
            ],
            [
              -40.0910511,
              -19.8296657
            ],
            [
              -40.0910049,
              -19.8296425
            ],
            [
              -40.0909056,
              -19.8295306
            ],
            [
              -40.0907773,
              -19.8292962
            ],
            [
              -40.0907164,
              -19.8291395
            ],
            [
              -40.0906897,
              -19.8289753
            ],
            [
              -40.0907005,
              -19.8288211
            ],
            [
              -40.0907702,
              -19.8286898
            ],
            [
              -40.0908763,
              -19.8285369
            ],
            [
              -40.0910849,
              -19.8283867
            ],
            [
              -40.0916435,
              -19.8281598
            ],
            [
              -40.0921666,
              -19.8278955
            ],
            [
              -40.0923372,
              -19.8278443
            ],
            [
              -40.0924394,
              -19.8278302
            ],
            [
              -40.0926859,
              -19.8278129
            ],
            [
              -40.0930691,
              -19.8279236
            ],
            [
              -40.0932177,
              -19.8279942
            ],
            [
              -40.0933827,
              -19.8281355
            ],
            [
              -40.0935064,
              -19.8281895
            ],
            [
              -40.0936278,
              -19.8282086
            ],
            [
              -40.0941191,
              -19.8281358
            ],
            [
              -40.0942316,
              -19.8280661
            ],
            [
              -40.0943436,
              -19.8279641
            ],
            [
              -40.0943621,
              -19.8279051
            ],
            [
              -40.0943518,
              -19.8278461
            ],
            [
              -40.0943109,
              -19.8277518
            ],
            [
              -40.0941925,
              -19.827593
            ],
            [
              -40.0939799,
              -19.8270405
            ],
            [
              -40.0938956,
              -19.8269849
            ],
            [
              -40.0937955,
              -19.8269616
            ],
            [
              -40.0934836,
              -19.8269575
            ],
            [
              -40.0933367,
              -19.8269021
            ],
            [
              -40.0931134,
              -19.826759
            ],
            [
              -40.0930823,
              -19.8267257
            ],
            [
              -40.0930738,
              -19.8266043
            ],
            [
              -40.0930766,
              -19.8265354
            ],
            [
              -40.0931056,
              -19.8264695
            ],
            [
              -40.0931446,
              -19.8263949
            ],
            [
              -40.0932573,
              -19.8262472
            ],
            [
              -40.0933082,
              -19.8261328
            ],
            [
              -40.0933671,
              -19.8259222
            ],
            [
              -40.0934263,
              -19.8256208
            ],
            [
              -40.0934198,
              -19.8254985
            ],
            [
              -40.0933935,
              -19.8253861
            ],
            [
              -40.0932672,
              -19.8250206
            ],
            [
              -40.0932513,
              -19.8249453
            ],
            [
              -40.0932592,
              -19.8248661
            ],
            [
              -40.0938243,
              -19.8244908
            ],
            [
              -40.0940572,
              -19.8242878
            ],
            [
              -40.0942457,
              -19.8240986
            ],
            [
              -40.0943073,
              -19.8240702
            ],
            [
              -40.0944126,
              -19.8240517
            ],
            [
              -40.0946141,
              -19.8239503
            ],
            [
              -40.0946827,
              -19.8239317
            ],
            [
              -40.0947576,
              -19.8239335
            ],
            [
              -40.0949331,
              -19.8239685
            ],
            [
              -40.0953107,
              -19.8241047
            ],
            [
              -40.0955329,
              -19.8241332
            ],
            [
              -40.0958269,
              -19.8241929
            ],
            [
              -40.0959881,
              -19.8242528
            ],
            [
              -40.0961087,
              -19.8243278
            ],
            [
              -40.0963037,
              -19.8245686
            ],
            [
              -40.0964658,
              -19.8247063
            ],
            [
              -40.0965731,
              -19.8247795
            ],
            [
              -40.0967588,
              -19.8248115
            ],
            [
              -40.0968986,
              -19.8249265
            ],
            [
              -40.0969949,
              -19.8249781
            ],
            [
              -40.0971568,
              -19.8250241
            ],
            [
              -40.097286,
              -19.8250166
            ],
            [
              -40.0974081,
              -19.824988
            ],
            [
              -40.0974607,
              -19.8249518
            ],
            [
              -40.0974945,
              -19.8248799
            ],
            [
              -40.0974805,
              -19.8248024
            ],
            [
              -40.0974275,
              -19.8247264
            ],
            [
              -40.0973992,
              -19.8246478
            ],
            [
              -40.0973576,
              -19.8246005
            ],
            [
              -40.0973073,
              -19.8245774
            ],
            [
              -40.0971401,
              -19.8245644
            ],
            [
              -40.096695,
              -19.824251
            ],
            [
              -40.0966182,
              -19.8241351
            ],
            [
              -40.0965913,
              -19.8240668
            ],
            [
              -40.0965789,
              -19.8239575
            ],
            [
              -40.096486,
              -19.8237631
            ],
            [
              -40.0964477,
              -19.8237216
            ],
            [
              -40.0963564,
              -19.8236637
            ],
            [
              -40.0962514,
              -19.8236219
            ],
            [
              -40.0962485,
              -19.8235034
            ],
            [
              -40.0962923,
              -19.8232406
            ],
            [
              -40.096328,
              -19.8231289
            ],
            [
              -40.096317,
              -19.8230683
            ],
            [
              -40.0962856,
              -19.8230245
            ],
            [
              -40.0962028,
              -19.8229864
            ],
            [
              -40.0960434,
              -19.8230055
            ],
            [
              -40.0957562,
              -19.8231926
            ],
            [
              -40.0956039,
              -19.8233167
            ],
            [
              -40.0955171,
              -19.8233332
            ],
            [
              -40.0954136,
              -19.8232711
            ],
            [
              -40.0952038,
              -19.8230594
            ],
            [
              -40.0949577,
              -19.8228567
            ],
            [
              -40.0949222,
              -19.8228455
            ],
            [
              -40.0948483,
              -19.8228505
            ],
            [
              -40.0947456,
              -19.8229025
            ],
            [
              -40.0945787,
              -19.8229582
            ],
            [
              -40.0945015,
              -19.822971
            ],
            [
              -40.0943671,
              -19.8229571
            ],
            [
              -40.0942511,
              -19.8228771
            ],
            [
              -40.0942168,
              -19.8228258
            ],
            [
              -40.0940337,
              -19.8223905
            ],
            [
              -40.0939185,
              -19.8221962
            ],
            [
              -40.0938137,
              -19.8220891
            ],
            [
              -40.0937141,
              -19.8220741
            ],
            [
              -40.0936268,
              -19.8221276
            ],
            [
              -40.0935476,
              -19.8222472
            ],
            [
              -40.09356,
              -19.822652
            ],
            [
              -40.0935526,
              -19.8227075
            ],
            [
              -40.093519,
              -19.8227653
            ],
            [
              -40.0934739,
              -19.8228266
            ],
            [
              -40.0933533,
              -19.8229352
            ],
            [
              -40.0930788,
              -19.8230859
            ],
            [
              -40.0929649,
              -19.823173
            ],
            [
              -40.092784,
              -19.8234106
            ],
            [
              -40.0927395,
              -19.8235219
            ],
            [
              -40.0926933,
              -19.8237185
            ],
            [
              -40.0926139,
              -19.8238617
            ],
            [
              -40.0925011,
              -19.8240197
            ],
            [
              -40.0922637,
              -19.8243095
            ],
            [
              -40.0921296,
              -19.8244291
            ],
            [
              -40.0919592,
              -19.8244923
            ],
            [
              -40.0918989,
              -19.8245581
            ],
            [
              -40.0918897,
              -19.8246278
            ],
            [
              -40.0919184,
              -19.8247445
            ],
            [
              -40.0920547,
              -19.8249257
            ],
            [
              -40.0920849,
              -19.8249863
            ],
            [
              -40.0921508,
              -19.8257598
            ],
            [
              -40.0921426,
              -19.825834
            ],
            [
              -40.0918779,
              -19.8263242
            ],
            [
              -40.0917783,
              -19.8266976
            ],
            [
              -40.0916695,
              -19.8269077
            ],
            [
              -40.0911835,
              -19.8271515
            ],
            [
              -40.0906867,
              -19.8273293
            ],
            [
              -40.0903789,
              -19.8274919
            ],
            [
              -40.0899847,
              -19.8277256
            ],
            [
              -40.0897039,
              -19.8278526
            ],
            [
              -40.0891747,
              -19.8278983
            ],
            [
              -40.0885375,
              -19.8276087
            ],
            [
              -40.0878571,
              -19.8271668
            ],
            [
              -40.0875007,
              -19.8267451
            ],
            [
              -40.0873873,
              -19.8263794
            ],
            [
              -40.0874953,
              -19.8259628
            ],
            [
              -40.0879219,
              -19.8254142
            ],
            [
              -40.0883971,
              -19.8252465
            ],
            [
              -40.0888885,
              -19.8250128
            ],
            [
              -40.0895635,
              -19.8248655
            ],
            [
              -40.0899901,
              -19.8247334
            ],
            [
              -40.0901899,
              -19.8246268
            ],
            [
              -40.0902169,
              -19.8244744
            ],
            [
              -40.0903087,
              -19.8241848
            ],
            [
              -40.0902331,
              -19.8241086
            ],
            [
              -40.0900009,
              -19.8243626
            ],
            [
              -40.0897471,
              -19.8242966
            ],
            [
              -40.0895797,
              -19.8239765
            ],
            [
              -40.0893907,
              -19.8240273
            ],
            [
              -40.0894231,
              -19.8242915
            ],
            [
              -40.0889371,
              -19.8243321
            ],
            [
              -40.0881973,
              -19.8244185
            ],
            [
              -40.0879273,
              -19.8238139
            ],
            [
              -40.0877329,
              -19.8238597
            ],
            [
              -40.0876033,
              -19.8245048
            ],
            [
              -40.0873117,
              -19.8246776
            ],
            [
              -40.0871443,
              -19.8247842
            ],
            [
              -40.086831,
              -19.8248249
            ],
            [
              -40.0867824,
              -19.8250281
            ],
            [
              -40.0867446,
              -19.8252567
            ],
            [
              -40.0865394,
              -19.8255056
            ],
            [
              -40.086102,
              -19.8258307
            ],
            [
              -40.0856592,
              -19.8258714
            ],
            [
              -40.0848654,
              -19.8258561
            ],
            [
              -40.0831428,
              -19.824835
            ],
            [
              -40.0824624,
              -19.8247944
            ],
            [
              -40.0814255,
              -19.8246674
            ],
            [
              -40.0806911,
              -19.8246623
            ],
            [
              -40.0800107,
              -19.8248401
            ],
            [
              -40.0793519,
              -19.8248554
            ],
            [
              -40.0792925,
              -19.8245963
            ],
            [
              -40.0796111,
              -19.8241187
            ],
            [
              -40.0805561,
              -19.8236361
            ],
            [
              -40.0815389,
              -19.8231281
            ],
            [
              -40.0827696,
              -19.8228974
            ],
            [
              -40.0839915,
              -19.8224232
            ],
            [
              -40.0844115,
              -19.8223729
            ],
            [
              -40.0848773,
              -19.8224088
            ],
            [
              -40.0850606,
              -19.8223154
            ],
            [
              -40.0850912,
              -19.8221646
            ],
            [
              -40.0847857,
              -19.8215898
            ],
            [
              -40.0848468,
              -19.8214389
            ],
            [
              -40.0852363,
              -19.8213599
            ],
            [
              -40.0853356,
              -19.8212665
            ],
            [
              -40.084885,
              -19.8204187
            ],
            [
              -40.0848621,
              -19.8202176
            ],
            [
              -40.0857938,
              -19.8194488
            ],
            [
              -40.0861145,
              -19.8188884
            ],
            [
              -40.0863436,
              -19.8187879
            ],
            [
              -40.0866491,
              -19.8188166
            ],
            [
              -40.0868477,
              -19.819104
            ],
            [
              -40.0871913,
              -19.8194704
            ],
            [
              -40.0873212,
              -19.8193554
            ],
            [
              -40.0872753,
              -19.8185436
            ],
            [
              -40.0878328,
              -19.8180622
            ],
            [
              -40.0883445,
              -19.8180407
            ],
            [
              -40.0887722,
              -19.8182921
            ],
            [
              -40.0888393,
              -19.8183129
            ],
            [
              -40.0893526,
              -19.8184717
            ],
            [
              -40.0897115,
              -19.818716
            ],
            [
              -40.0900305,
              -19.8189342
            ],
            [
              -40.0899171,
              -19.8191018
            ],
            [
              -40.0901439,
              -19.8191831
            ],
            [
              -40.0901169,
              -19.8195743
            ],
            [
              -40.0899873,
              -19.8200874
            ],
            [
              -40.0899441,
              -19.820316
            ],
            [
              -40.0901277,
              -19.8203211
            ],
            [
              -40.0902195,
              -19.8199248
            ],
            [
              -40.0904895,
              -19.8193812
            ],
            [
              -40.0907541,
              -19.8191882
            ],
            [
              -40.0910556,
              -19.8188813
            ],
            [
              -40.0912131,
              -19.8188275
            ],
            [
              -40.0914453,
              -19.8188732
            ],
            [
              -40.0915533,
              -19.8185735
            ],
            [
              -40.0917478,
              -19.8182991
            ],
            [
              -40.0918504,
              -19.8179384
            ],
            [
              -40.0920178,
              -19.8178825
            ],
            [
              -40.0925794,
              -19.8182585
            ],
            [
              -40.0933138,
              -19.8183652
            ],
            [
              -40.0935028,
              -19.8185176
            ],
            [
              -40.093465,
              -19.8189799
            ],
            [
              -40.0933732,
              -19.8194422
            ],
            [
              -40.0932382,
              -19.8196505
            ],
            [
              -40.0932112,
              -19.8197724
            ],
            [
              -40.093492,
              -19.819813
            ],
            [
              -40.0937944,
              -19.8195743
            ],
            [
              -40.0940968,
              -19.819239
            ],
            [
              -40.0943722,
              -19.8190663
            ],
            [
              -40.0947772,
              -19.8190612
            ],
            [
              -40.0950472,
              -19.8195743
            ],
            [
              -40.0953172,
              -19.8197622
            ],
            [
              -40.0956304,
              -19.819686
            ],
            [
              -40.0959652,
              -19.8194574
            ],
            [
              -40.0961056,
              -19.8195082
            ],
            [
              -40.0962892,
              -19.8194879
            ],
            [
              -40.0964134,
              -19.8193152
            ],
            [
              -40.0968779,
              -19.8193507
            ],
            [
              -40.0973693,
              -19.8197216
            ],
            [
              -40.0976933,
              -19.8201788
            ],
            [
              -40.0978391,
              -19.8202398
            ],
            [
              -40.0985627,
              -19.8200213
            ],
            [
              -40.0989947,
              -19.820316
            ],
            [
              -40.1003447,
              -19.8206157
            ],
            [
              -40.1006039,
              -19.8208748
            ],
            [
              -40.1009063,
              -19.8211542
            ],
            [
              -40.1010413,
              -19.8210933
            ],
            [
              -40.1010791,
              -19.8208443
            ],
            [
              -40.1012087,
              -19.8204633
            ],
            [
              -40.1016084,
              -19.8207173
            ],
            [
              -40.102278,
              -19.8201636
            ],
            [
              -40.1033742,
              -19.8200061
            ],
            [
              -40.1038062,
              -19.8201483
            ],
            [
              -40.1042004,
              -19.8208647
            ],
            [
              -40.1045082,
              -19.821078
            ],
            [
              -40.1049996,
              -19.8211237
            ],
            [
              -40.1052588,
              -19.8213117
            ],
            [
              -40.1051562,
              -19.8219975
            ],
            [
              -40.104978,
              -19.8226275
            ],
            [
              -40.1048916,
              -19.8230644
            ],
            [
              -40.1050428,
              -19.8231152
            ],
            [
              -40.1053344,
              -19.8225157
            ],
            [
              -40.1056692,
              -19.8219061
            ],
            [
              -40.1060905,
              -19.8214692
            ],
            [
              -40.1070301,
              -19.821454
            ],
            [
              -40.1076079,
              -19.8217181
            ],
            [
              -40.1080507,
              -19.822216
            ],
            [
              -40.1083909,
              -19.8226783
            ],
            [
              -40.1085907,
              -19.8235216
            ],
            [
              -40.1085151,
              -19.8241413
            ],
            [
              -40.1085529,
              -19.8249948
            ],
            [
              -40.1087905,
              -19.8257263
            ],
            [
              -40.1087743,
              -19.826148
            ],
            [
              -40.1085583,
              -19.8265645
            ],
            [
              -40.1082775,
              -19.8268388
            ],
            [
              -40.1078293,
              -19.8270827
            ],
            [
              -40.1078347,
              -19.8271487
            ],
            [
              -40.1081695,
              -19.8270674
            ],
            [
              -40.1087851,
              -19.8269404
            ],
            [
              -40.1089363,
              -19.8271843
            ],
            [
              -40.1092063,
              -19.8276974
            ],
            [
              -40.1093899,
              -19.8281952
            ],
            [
              -40.1094331,
              -19.8284441
            ],
            [
              -40.1095573,
              -19.828439
            ],
            [
              -40.1097301,
              -19.8279615
            ],
            [
              -40.1097031,
              -19.8273773
            ],
            [
              -40.1098705,
              -19.8267626
            ],
            [
              -40.1102647,
              -19.8264375
            ],
            [
              -40.1106913,
              -19.8263512
            ],
            [
              -40.1111396,
              -19.8263715
            ],
            [
              -40.111307,
              -19.8266255
            ],
            [
              -40.112144,
              -19.826529
            ],
            [
              -40.112333,
              -19.8267017
            ],
            [
              -40.1123654,
              -19.8269912
            ],
            [
              -40.112333,
              -19.8272097
            ],
            [
              -40.1123708,
              -19.827423
            ],
            [
              -40.1124734,
              -19.827423
            ],
            [
              -40.1127974,
              -19.8270776
            ],
            [
              -40.1132564,
              -19.8267931
            ],
            [
              -40.1136722,
              -19.8269658
            ],
            [
              -40.1139044,
              -19.8272452
            ],
            [
              -40.114196,
              -19.828058
            ],
            [
              -40.1142284,
              -19.8288099
            ],
            [
              -40.1141204,
              -19.829262
            ],
            [
              -40.1141258,
              -19.8297751
            ],
            [
              -40.1142284,
              -19.8299529
            ],
            [
              -40.1143526,
              -19.8299224
            ],
            [
              -40.1143688,
              -19.829643
            ],
            [
              -40.1145254,
              -19.8290893
            ],
            [
              -40.114601,
              -19.828688
            ],
            [
              -40.1147036,
              -19.8278599
            ],
            [
              -40.1146496,
              -19.8271284
            ],
            [
              -40.1147792,
              -19.8269303
            ],
            [
              -40.115006,
              -19.8269912
            ],
            [
              -40.115465,
              -19.8274281
            ],
            [
              -40.1158323,
              -19.8276872
            ],
            [
              -40.1161509,
              -19.8280123
            ],
            [
              -40.1166585,
              -19.828373
            ],
            [
              -40.1170419,
              -19.8288404
            ],
            [
              -40.1171931,
              -19.8287184
            ],
            [
              -40.1170743,
              -19.8285
            ],
            [
              -40.1167611,
              -19.8281393
            ],
            [
              -40.1163237,
              -19.8277583
            ],
            [
              -40.1159619,
              -19.8272656
            ],
            [
              -40.1157459,
              -19.8267728
            ],
            [
              -40.1161239,
              -19.8263766
            ],
            [
              -40.1168043,
              -19.8262089
            ],
            [
              -40.1172309,
              -19.8261988
            ],
            [
              -40.1173713,
              -19.8260464
            ],
            [
              -40.1173011,
              -19.8258686
            ],
            [
              -40.1168583,
              -19.8255638
            ],
            [
              -40.1168529,
              -19.8248018
            ],
            [
              -40.1171661,
              -19.8245173
            ],
            [
              -40.1181705,
              -19.8240702
            ],
            [
              -40.1190561,
              -19.8237553
            ],
            [
              -40.1193801,
              -19.8235927
            ],
            [
              -40.1198985,
              -19.8235978
            ],
            [
              -40.1202387,
              -19.8237603
            ],
            [
              -40.1204115,
              -19.8239889
            ],
            [
              -40.120525,
              -19.8244411
            ],
            [
              -40.1204926,
              -19.8251472
            ],
            [
              -40.1203791,
              -19.8255993
            ],
            [
              -40.1205574,
              -19.8255485
            ],
            [
              -40.120795,
              -19.825264
            ],
            [
              -40.1211622,
              -19.8252183
            ],
            [
              -40.1217508,
              -19.825259
            ],
            [
              -40.122091,
              -19.8254723
            ],
            [
              -40.1223502,
              -19.8257416
            ],
            [
              -40.1225986,
              -19.8263512
            ],
            [
              -40.1227336,
              -19.8269709
            ],
            [
              -40.1230846,
              -19.8274434
            ],
            [
              -40.1233546,
              -19.8276974
            ],
            [
              -40.1237272,
              -19.828439
            ],
            [
              -40.1241484,
              -19.8287896
            ],
            [
              -40.1245537,
              -19.8287756
            ],
            [
              -40.124337,
              -19.8325815
            ],
            [
              -40.1243255,
              -19.8327902
            ],
            [
              -40.1210915,
              -19.8340826
            ],
            [
              -40.1176034,
              -19.8354787
            ],
            [
              -40.10297,
              -19.8413532
            ],
            [
              -40.1049819,
              -19.8480795
            ],
            [
              -40.1058686,
              -19.8510439
            ],
            [
              -40.1086184,
              -19.8602357
            ],
            [
              -40.1087404,
              -19.8614716
            ],
            [
              -40.108739,
              -19.8616605
            ],
            [
              -40.1086738,
              -19.8616215
            ],
            [
              -40.1084204,
              -19.861413
            ],
            [
              -40.1081933,
              -19.861242
            ],
            [
              -40.1079938,
              -19.8611181
            ],
            [
              -40.1078833,
              -19.8610556
            ],
            [
              -40.1078358,
              -19.8610505
            ],
            [
              -40.1077377,
              -19.8610534
            ],
            [
              -40.1075921,
              -19.8610746
            ],
            [
              -40.1071046,
              -19.8611582
            ],
            [
              -40.1068441,
              -19.861171
            ],
            [
              -40.1067393,
              -19.861164
            ],
            [
              -40.1064777,
              -19.8610889
            ],
            [
              -40.1064355,
              -19.8610743
            ],
            [
              -40.1063984,
              -19.8610533
            ],
            [
              -40.1063497,
              -19.8610082
            ],
            [
              -40.1063312,
              -19.8609873
            ],
            [
              -40.1063197,
              -19.860952
            ],
            [
              -40.1063203,
              -19.8608592
            ],
            [
              -40.1063259,
              -19.8607745
            ],
            [
              -40.1063628,
              -19.8605764
            ],
            [
              -40.1063685,
              -19.8604756
            ],
            [
              -40.1063589,
              -19.8603956
            ],
            [
              -40.1063356,
              -19.860333
            ],
            [
              -40.1058533,
              -19.8598935
            ],
            [
              -40.1058065,
              -19.8598149
            ],
            [
              -40.1057788,
              -19.8596531
            ],
            [
              -40.1057686,
              -19.8594051
            ],
            [
              -40.105779,
              -19.8593684
            ],
            [
              -40.1060978,
              -19.85874
            ],
            [
              -40.1061476,
              -19.8586171
            ],
            [
              -40.1061602,
              -19.8585164
            ],
            [
              -40.1061524,
              -19.858414
            ],
            [
              -40.1061347,
              -19.8583586
            ],
            [
              -40.1061242,
              -19.8583259
            ],
            [
              -40.1061075,
              -19.8583002
            ],
            [
              -40.1060773,
              -19.8582712
            ],
            [
              -40.1059762,
              -19.8582098
            ],
            [
              -40.1055281,
              -19.857956
            ],
            [
              -40.1052655,
              -19.8577817
            ],
            [
              -40.1050749,
              -19.8577118
            ],
            [
              -40.1049043,
              -19.8576853
            ],
            [
              -40.1047909,
              -19.857699
            ],
            [
              -40.1047402,
              -19.8577003
            ],
            [
              -40.1046491,
              -19.8576614
            ],
            [
              -40.1046022,
              -19.8575971
            ],
            [
              -40.1045906,
              -19.8575602
            ],
            [
              -40.104581,
              -19.857485
            ],
            [
              -40.1045803,
              -19.8573426
            ],
            [
              -40.104564,
              -19.8572481
            ],
            [
              -40.1045407,
              -19.8571888
            ],
            [
              -40.1045139,
              -19.8571567
            ],
            [
              -40.1044719,
              -19.8571164
            ],
            [
              -40.1044281,
              -19.8570858
            ],
            [
              -40.1043557,
              -19.857047
            ],
            [
              -40.1040428,
              -19.8567988
            ],
            [
              -40.1036682,
              -19.8564415
            ],
            [
              -40.1034921,
              -19.8564756
            ],
            [
              -40.1034208,
              -19.8565088
            ],
            [
              -40.1033885,
              -19.8565422
            ],
            [
              -40.1032517,
              -19.8567702
            ],
            [
              -40.1032175,
              -19.8568195
            ],
            [
              -40.1031903,
              -19.856845
            ],
            [
              -40.1031411,
              -19.8568687
            ],
            [
              -40.1031055,
              -19.8568749
            ],
            [
              -40.1030117,
              -19.8568799
            ],
            [
              -40.1029719,
              -19.8568773
            ],
            [
              -40.1028553,
              -19.8568654
            ],
            [
              -40.1025465,
              -19.8567708
            ],
            [
              -40.1023828,
              -19.8567251
            ],
            [
              -40.1022857,
              -19.8567173
            ],
            [
              -40.1022191,
              -19.8567321
            ],
            [
              -40.1021915,
              -19.8567533
            ],
            [
              -40.1021703,
              -19.8567847
            ],
            [
              -40.1021623,
              -19.8568195
            ],
            [
              -40.1019872,
              -19.8579903
            ],
            [
              -40.1020028,
              -19.8581993
            ],
            [
              -40.1020311,
              -19.8583052
            ],
            [
              -40.102067,
              -19.8583586
            ],
            [
              -40.1025394,
              -19.8587095
            ],
            [
              -40.1025855,
              -19.8587674
            ],
            [
              -40.1026093,
              -19.8588231
            ],
            [
              -40.1026069,
              -19.8589183
            ],
            [
              -40.1025014,
              -19.8595694
            ],
            [
              -40.1024609,
              -19.8600337
            ],
            [
              -40.1024042,
              -19.8601848
            ],
            [
              -40.1023839,
              -19.8602223
            ],
            [
              -40.1023522,
              -19.8602509
            ],
            [
              -40.1023125,
              -19.8602776
            ],
            [
              -40.102216,
              -19.8603259
            ],
            [
              -40.1019968,
              -19.8603612
            ],
            [
              -40.1019478,
              -19.8603805
            ],
            [
              -40.1018592,
              -19.8604305
            ],
            [
              -40.1016868,
              -19.8604891
            ],
            [
              -40.1015323,
              -19.860551
            ],
            [
              -40.1013456,
              -19.8606398
            ],
            [
              -40.1010808,
              -19.8607378
            ],
            [
              -40.1010234,
              -19.8607396
            ],
            [
              -40.1009709,
              -19.8607318
            ],
            [
              -40.1007373,
              -19.8606735
            ],
            [
              -40.1003099,
              -19.8604048
            ],
            [
              -40.100247,
              -19.8603443
            ],
            [
              -40.100213,
              -19.8603012
            ],
            [
              -40.1001855,
              -19.8602182
            ],
            [
              -40.1001407,
              -19.860036
            ],
            [
              -40.100125,
              -19.8599512
            ],
            [
              -40.1001061,
              -19.8598825
            ],
            [
              -40.1000839,
              -19.8598426
            ],
            [
              -40.1000073,
              -19.8597293
            ],
            [
              -40.0999408,
              -19.8596192
            ],
            [
              -40.0998746,
              -19.8595715
            ],
            [
              -40.0998322,
              -19.8595476
            ],
            [
              -40.0997506,
              -19.8595286
            ],
            [
              -40.0997138,
              -19.8595273
            ],
            [
              -40.0996226,
              -19.8595452
            ],
            [
              -40.0994877,
              -19.8596258
            ],
            [
              -40.0994287,
              -19.8596676
            ],
            [
              -40.0993362,
              -19.8597623
            ],
            [
              -40.0992396,
              -19.8598907
            ],
            [
              -40.099191,
              -19.8599732
            ],
            [
              -40.0989873,
              -19.8602247
            ],
            [
              -40.0987935,
              -19.8604097
            ],
            [
              -40.0987246,
              -19.8605077
            ],
            [
              -40.0986927,
              -19.8605703
            ],
            [
              -40.0986745,
              -19.860687
            ],
            [
              -40.0986732,
              -19.8607786
            ],
            [
              -40.0987179,
              -19.8609691
            ],
            [
              -40.0987847,
              -19.8611643
            ],
            [
              -40.0988022,
              -19.8612988
            ],
            [
              -40.0988023,
              -19.8613292
            ],
            [
              -40.0987889,
              -19.8613565
            ],
            [
              -40.0986493,
              -19.8615685
            ],
            [
              -40.0986274,
              -19.8615862
            ],
            [
              -40.0985632,
              -19.8616137
            ],
            [
              -40.0984025,
              -19.8616207
            ],
            [
              -40.0983314,
              -19.8616098
            ],
            [
              -40.0979153,
              -19.8616242
            ],
            [
              -40.0976364,
              -19.8616781
            ],
            [
              -40.0975417,
              -19.8617074
            ],
            [
              -40.0973189,
              -19.8618236
            ],
            [
              -40.0969981,
              -19.8619818
            ],
            [
              -40.0968933,
              -19.862011
            ],
            [
              -40.0967479,
              -19.8620244
            ],
            [
              -40.0965973,
              -19.8620266
            ],
            [
              -40.0963959,
              -19.862005
            ],
            [
              -40.096252,
              -19.8619687
            ],
            [
              -40.0962011,
              -19.8619433
            ],
            [
              -40.0961162,
              -19.8618731
            ],
            [
              -40.0960703,
              -19.8618076
            ],
            [
              -40.0958804,
              -19.861488
            ],
            [
              -40.0957574,
              -19.8614051
            ],
            [
              -40.095649,
              -19.8613671
            ],
            [
              -40.0955762,
              -19.8613514
            ],
            [
              -40.0954916,
              -19.8613405
            ],
            [
              -40.0953918,
              -19.8613409
            ],
            [
              -40.0953562,
              -19.8613474
            ],
            [
              -40.0953123,
              -19.861362
            ],
            [
              -40.0952094,
              -19.8614265
            ],
            [
              -40.0948094,
              -19.8616571
            ],
            [
              -40.0946794,
              -19.8617457
            ],
            [
              -40.0946104,
              -19.8618181
            ],
            [
              -40.0945785,
              -19.8618839
            ],
            [
              -40.0945467,
              -19.8619833
            ],
            [
              -40.0945369,
              -19.8620571
            ],
            [
              -40.0945489,
              -19.8621083
            ],
            [
              -40.0946715,
              -19.8622968
            ],
            [
              -40.094806,
              -19.8625174
            ],
            [
              -40.0948265,
              -19.8625766
            ],
            [
              -40.094839,
              -19.8627239
            ],
            [
              -40.0948226,
              -19.8628537
            ],
            [
              -40.0947857,
              -19.8629419
            ],
            [
              -40.0947387,
              -19.8630302
            ],
            [
              -40.0947002,
              -19.8631441
            ],
            [
              -40.0946854,
              -19.8632451
            ],
            [
              -40.0947235,
              -19.8634772
            ],
            [
              -40.0947783,
              -19.8636468
            ],
            [
              -40.0948856,
              -19.863829
            ],
            [
              -40.0949553,
              -19.8639089
            ],
            [
              -40.095018,
              -19.8639406
            ],
            [
              -40.0950869,
              -19.8639631
            ],
            [
              -40.0953696,
              -19.8639957
            ],
            [
              -40.0954373,
              -19.8639954
            ],
            [
              -40.0955151,
              -19.8639855
            ],
            [
              -40.0956417,
              -19.8639257
            ],
            [
              -40.0956755,
              -19.8639159
            ],
            [
              -40.0957618,
              -19.8639204
            ],
            [
              -40.0958804,
              -19.8639456
            ],
            [
              -40.095955,
              -19.8639886
            ],
            [
              -40.0959737,
              -19.8640077
            ],
            [
              -40.0961356,
              -19.8642651
            ],
            [
              -40.0961664,
              -19.8643644
            ],
            [
              -40.0961788,
              -19.8644861
            ],
            [
              -40.0961689,
              -19.8645422
            ],
            [
              -40.0961203,
              -19.8646466
            ],
            [
              -40.0960479,
              -19.8647366
            ],
            [
              -40.0959365,
              -19.8648076
            ],
            [
              -40.0958875,
              -19.8648286
            ],
            [
              -40.0958048,
              -19.8648498
            ],
            [
              -40.0955866,
              -19.864857
            ],
            [
              -40.0954514,
              -19.8648655
            ],
            [
              -40.0953973,
              -19.8648754
            ],
            [
              -40.0953011,
              -19.8649238
            ],
            [
              -40.0952522,
              -19.8649704
            ],
            [
              -40.0948487,
              -19.8659839
            ],
            [
              -40.0944349,
              -19.865979
            ],
            [
              -40.0941456,
              -19.8660261
            ],
            [
              -40.0939751,
              -19.8660642
            ],
            [
              -40.0939279,
              -19.866065
            ],
            [
              -40.0937218,
              -19.8660539
            ],
            [
              -40.0936057,
              -19.8660535
            ],
            [
              -40.0935005,
              -19.8660468
            ],
            [
              -40.0931823,
              -19.8660442
            ],
            [
              -40.0931218,
              -19.8660522
            ],
            [
              -40.093094,
              -19.8660624
            ],
            [
              -40.0928609,
              -19.8662048
            ],
            [
              -40.0925702,
              -19.8664228
            ],
            [
              -40.0925174,
              -19.8664425
            ],
            [
              -40.0924747,
              -19.8664538
            ],
            [
              -40.0923885,
              -19.8664621
            ],
            [
              -40.0923123,
              -19.8664593
            ],
            [
              -40.0922541,
              -19.8664487
            ],
            [
              -40.0917688,
              -19.8662988
            ],
            [
              -40.0916851,
              -19.8662795
            ],
            [
              -40.0912811,
              -19.86621
            ],
            [
              -40.0912061,
              -19.8661783
            ],
            [
              -40.0911419,
              -19.866141
            ],
            [
              -40.0911047,
              -19.866118
            ],
            [
              -40.0910578,
              -19.8660792
            ],
            [
              -40.0910292,
              -19.8660437
            ],
            [
              -40.0909608,
              -19.8659447
            ],
            [
              -40.0908085,
              -19.8656409
            ],
            [
              -40.090765,
              -19.8655622
            ],
            [
              -40.0905812,
              -19.8653095
            ],
            [
              -40.0905315,
              -19.8652811
            ],
            [
              -40.0905024,
              -19.8652689
            ],
            [
              -40.0904369,
              -19.8652557
            ],
            [
              -40.0903861,
              -19.8652506
            ],
            [
              -40.090328,
              -19.8652511
            ],
            [
              -40.0901935,
              -19.8653016
            ],
            [
              -40.0900925,
              -19.8653602
            ],
            [
              -40.0900377,
              -19.8654032
            ],
            [
              -40.0900047,
              -19.8654365
            ],
            [
              -40.0899487,
              -19.8655043
            ],
            [
              -40.0897842,
              -19.8657571
            ],
            [
              -40.0897589,
              -19.8658494
            ],
            [
              -40.0897396,
              -19.8659485
            ],
            [
              -40.0897335,
              -19.8660709
            ],
            [
              -40.0897435,
              -19.8662055
            ],
            [
              -40.08983,
              -19.8664563
            ],
            [
              -40.0898759,
              -19.8665425
            ],
            [
              -40.0899345,
              -19.8666053
            ],
            [
              -40.0899988,
              -19.8666473
            ],
            [
              -40.0900352,
              -19.8666635
            ],
            [
              -40.0902849,
              -19.8667378
            ],
            [
              -40.0903097,
              -19.8667534
            ],
            [
              -40.090362,
              -19.8668299
            ],
            [
              -40.0903844,
              -19.8668936
            ],
            [
              -40.0903961,
              -19.8669835
            ],
            [
              -40.0903942,
              -19.8670076
            ],
            [
              -40.0903828,
              -19.8670386
            ],
            [
              -40.0903614,
              -19.8670697
            ],
            [
              -40.0903118,
              -19.8671182
            ],
            [
              -40.0902455,
              -19.8671696
            ],
            [
              -40.0898678,
              -19.8673643
            ],
            [
              -40.0897686,
              -19.8673884
            ],
            [
              -40.0891638,
              -19.8675032
            ],
            [
              -40.0882839,
              -19.8676051
            ],
            [
              -40.0881956,
              -19.8676305
            ],
            [
              -40.0879907,
              -19.8676762
            ],
            [
              -40.0879307,
              -19.8676993
            ],
            [
              -40.0878874,
              -19.8677244
            ],
            [
              -40.0878653,
              -19.8677526
            ],
            [
              -40.0874634,
              -19.868221
            ],
            [
              -40.0874368,
              -19.8682493
            ],
            [
              -40.0869996,
              -19.8685715
            ],
            [
              -40.0864385,
              -19.8689915
            ],
            [
              -40.0863117,
              -19.8691548
            ],
            [
              -40.0862945,
              -19.8691936
            ],
            [
              -40.0862892,
              -19.8692931
            ],
            [
              -40.0863102,
              -19.8693818
            ],
            [
              -40.0863364,
              -19.8694167
            ],
            [
              -40.0864522,
              -19.8695377
            ],
            [
              -40.0865825,
              -19.8696647
            ],
            [
              -40.0867327,
              -19.869873
            ],
            [
              -40.086766,
              -19.8699407
            ],
            [
              -40.0867829,
              -19.8699966
            ],
            [
              -40.0868161,
              -19.8701411
            ],
            [
              -40.0868623,
              -19.8704985
            ],
            [
              -40.08693,
              -19.8708029
            ],
            [
              -40.0868958,
              -19.87095
            ],
            [
              -40.0868143,
              -19.8713008
            ],
            [
              -40.086793,
              -19.8713351
            ],
            [
              -40.0867103,
              -19.8713968
            ],
            [
              -40.0866555,
              -19.871418
            ],
            [
              -40.0865872,
              -19.8714259
            ],
            [
              -40.0861633,
              -19.8714589
            ],
            [
              -40.0858661,
              -19.8714447
            ],
            [
              -40.085757,
              -19.8714324
            ],
            [
              -40.0856763,
              -19.8714325
            ],
            [
              -40.0855342,
              -19.8714539
            ],
            [
              -40.0854085,
              -19.8714831
            ],
            [
              -40.0852017,
              -19.8715695
            ],
            [
              -40.0849964,
              -19.8716624
            ],
            [
              -40.0842689,
              -19.8720298
            ],
            [
              -40.0840954,
              -19.8720866
            ],
            [
              -40.0839961,
              -19.8720954
            ],
            [
              -40.0838592,
              -19.8721018
            ],
            [
              -40.0837151,
              -19.8720915
            ],
            [
              -40.083676,
              -19.8720887
            ],
            [
              -40.0836283,
              -19.8720749
            ],
            [
              -40.0835845,
              -19.872042
            ],
            [
              -40.0835716,
              -19.8720389
            ],
            [
              -40.0835465,
              -19.8720404
            ],
            [
              -40.0833241,
              -19.8721114
            ],
            [
              -40.0831056,
              -19.8721623
            ],
            [
              -40.0830136,
              -19.8721913
            ],
            [
              -40.0829336,
              -19.8722282
            ],
            [
              -40.0826053,
              -19.8724874
            ],
            [
              -40.0823741,
              -19.8726585
            ],
            [
              -40.0821901,
              -19.8727693
            ],
            [
              -40.0815916,
              -19.8731174
            ],
            [
              -40.0815701,
              -19.8731396
            ],
            [
              -40.0814804,
              -19.8732957
            ],
            [
              -40.0813498,
              -19.8735652
            ],
            [
              -40.0811019,
              -19.8740561
            ],
            [
              -40.0808433,
              -19.8745683
            ],
            [
              -40.0808126,
              -19.8744994
            ],
            [
              -40.0807107,
              -19.8743733
            ],
            [
              -40.0805873,
              -19.8742875
            ],
            [
              -40.080421,
              -19.8741967
            ],
            [
              -40.0802815,
              -19.874121
            ],
            [
              -40.0800347,
              -19.8740555
            ],
            [
              -40.0796109,
              -19.8738738
            ],
            [
              -40.0794178,
              -19.8737931
            ],
            [
              -40.079214,
              -19.8737275
            ],
            [
              -40.0789189,
              -19.8735964
            ],
            [
              -40.0787661,
              -19.873556
            ],
            [
              -40.0785998,
              -19.8735283
            ],
            [
              -40.078404,
              -19.8734854
            ],
            [
              -40.0782913,
              -19.8734854
            ],
            [
              -40.0782055,
              -19.8734728
            ],
            [
              -40.0782296,
              -19.8734072
            ],
            [
              -40.0782511,
              -19.8733618
            ],
            [
              -40.0782886,
              -19.8732912
            ],
            [
              -40.078235,
              -19.8732533
            ],
            [
              -40.0781465,
              -19.873271
            ],
            [
              -40.0781009,
              -19.8732735
            ],
            [
              -40.0779721,
              -19.8732003
            ],
            [
              -40.0778997,
              -19.8731449
            ],
            [
              -40.07783,
              -19.8731398
            ],
            [
              -40.0777602,
              -19.8731272
            ],
            [
              -40.0777005,
              -19.8730801
            ],
            [
              -40.07763,
              -19.8730192
            ],
            [
              -40.0776188,
              -19.8729132
            ],
            [
              -40.0776441,
              -19.8727887
            ],
            [
              -40.0776771,
              -19.8726883
            ],
            [
              -40.0776798,
              -19.8725647
            ],
            [
              -40.07761,
              -19.8724562
            ],
            [
              -40.077602,
              -19.8723528
            ],
            [
              -40.0775886,
              -19.872262
            ],
            [
              -40.0775698,
              -19.8721712
            ],
            [
              -40.0775349,
              -19.8720577
            ],
            [
              -40.0774652,
              -19.8718811
            ],
            [
              -40.0773525,
              -19.8717146
            ],
            [
              -40.0772506,
              -19.8715607
            ],
            [
              -40.0771084,
              -19.8713993
            ],
            [
              -40.0769502,
              -19.8712328
            ],
            [
              -40.0768027,
              -19.8711218
            ],
            [
              -40.0765827,
              -19.8709856
            ],
            [
              -40.0764325,
              -19.8709074
            ],
            [
              -40.0762743,
              -19.8708115
            ],
            [
              -40.0761643,
              -19.870751
            ],
            [
              -40.0759648,
              -19.8706433
            ],
            [
              -40.0759766,
              -19.8705744
            ],
            [
              -40.0759977,
              -19.8704456
            ],
            [
              -40.0760771,
              -19.8702932
            ],
            [
              -40.076095,
              -19.8702417
            ],
            [
              -40.0761455,
              -19.8700195
            ],
            [
              -40.0761724,
              -19.8699034
            ],
            [
              -40.0761724,
              -19.8697773
            ],
            [
              -40.0761616,
              -19.8696461
            ],
            [
              -40.0760999,
              -19.8694544
            ],
            [
              -40.0759953,
              -19.8692551
            ],
            [
              -40.0758478,
              -19.8690533
            ],
            [
              -40.0756145,
              -19.8688288
            ],
            [
              -40.0754187,
              -19.8686825
            ],
            [
              -40.0752738,
              -19.8685312
            ],
            [
              -40.075118,
              -19.8683386
            ],
            [
              -40.0750136,
              -19.8682386
            ],
            [
              -40.0748943,
              -19.8680667
            ],
            [
              -40.0748016,
              -19.8678923
            ],
            [
              -40.0746925,
              -19.8677537
            ],
            [
              -40.0745308,
              -19.8675852
            ],
            [
              -40.0744021,
              -19.8674339
            ],
            [
              -40.0742546,
              -19.8671841
            ],
            [
              -40.0740829,
              -19.8669394
            ],
            [
              -40.0738978,
              -19.8666317
            ],
            [
              -40.0737691,
              -19.8664324
            ],
            [
              -40.0736189,
              -19.8662508
            ],
            [
              -40.0734982,
              -19.8661246
            ],
            [
              -40.073407,
              -19.8660137
            ],
            [
              -40.0733212,
              -19.8659127
            ],
            [
              -40.0732264,
              -19.8658055
            ],
            [
              -40.073069,
              -19.8656277
            ],
            [
              -40.072951,
              -19.865494
            ],
            [
              -40.0728169,
              -19.865378
            ],
            [
              -40.0726523,
              -19.8652245
            ],
            [
              -40.0718366,
              -19.8657929
            ],
            [
              -40.0716234,
              -19.8659439
            ],
            [
              -40.0686675,
              -19.8622449
            ],
            [
              -40.0690124,
              -19.8620158
            ],
            [
              -40.0679063,
              -19.8605954
            ],
            [
              -40.0678253,
              -19.8604134
            ],
            [
              -40.0678181,
              -19.8603317
            ],
            [
              -40.0678146,
              -19.8602923
            ],
            [
              -40.06782,
              -19.8601056
            ],
            [
              -40.0677341,
              -19.8597827
            ],
            [
              -40.0676215,
              -19.8595658
            ],
            [
              -40.0675196,
              -19.8593942
            ],
            [
              -40.0674605,
              -19.8591924
            ],
            [
              -40.067423,
              -19.8589805
            ],
            [
              -40.0673693,
              -19.8587636
            ],
            [
              -40.0672996,
              -19.8585062
            ],
            [
              -40.0670904,
              -19.8580067
            ],
            [
              -40.0670207,
              -19.8578402
            ],
            [
              -40.0669026,
              -19.8575981
            ],
            [
              -40.0667963,
              -19.8574544
            ],
            [
              -40.0666934,
              -19.8573155
            ],
            [
              -40.0664762,
              -19.8570153
            ],
            [
              -40.066165,
              -19.8566924
            ],
            [
              -40.0660575,
              -19.8565867
            ],
            [
              -40.0658941,
              -19.8564259
            ],
            [
              -40.0656393,
              -19.8561752
            ],
            [
              -40.0653899,
              -19.8559381
            ],
            [
              -40.0652289,
              -19.8557413
            ],
            [
              -40.0651163,
              -19.8554891
            ],
            [
              -40.0650251,
              -19.8552822
            ],
            [
              -40.064891,
              -19.8550703
            ],
            [
              -40.0648052,
              -19.8548533
            ],
            [
              -40.0647193,
              -19.8546111
            ],
            [
              -40.0644028,
              -19.8539956
            ],
            [
              -40.0642794,
              -19.8537282
            ],
            [
              -40.0641668,
              -19.8535062
            ],
            [
              -40.0640702,
              -19.8533548
            ],
            [
              -40.06392,
              -19.853158
            ],
            [
              -40.0633782,
              -19.852608
            ],
            [
              -40.0632092,
              -19.8524541
            ],
            [
              -40.0630242,
              -19.8522473
            ],
            [
              -40.0628498,
              -19.8520455
            ],
            [
              -40.0627318,
              -19.8518588
            ],
            [
              -40.0626487,
              -19.851604
            ],
            [
              -40.0626218,
              -19.8513971
            ],
            [
              -40.0626004,
              -19.8512457
            ],
            [
              -40.0625387,
              -19.8510565
            ],
            [
              -40.0624689,
              -19.8509102
            ],
            [
              -40.0623429,
              -19.850726
            ],
            [
              -40.0621551,
              -19.8504233
            ],
            [
              -40.0619137,
              -19.8500676
            ],
            [
              -40.0616455,
              -19.8497774
            ],
            [
              -40.0615007,
              -19.8496563
            ],
            [
              -40.0614336,
              -19.8496235
            ],
            [
              -40.0594374,
              -19.8499645
            ],
            [
              -40.0582203,
              -19.850118
            ],
            [
              -40.0574639,
              -19.85034
            ],
            [
              -40.0563634,
              -19.8505293
            ],
            [
              -40.0561175,
              -19.8505797
            ],
            [
              -40.0557366,
              -19.850673
            ],
            [
              -40.0556454,
              -19.8506957
            ],
            [
              -40.0555086,
              -19.850721
            ],
            [
              -40.0553691,
              -19.8507184
            ],
            [
              -40.0552619,
              -19.8507008
            ],
            [
              -40.0544626,
              -19.8505923
            ],
            [
              -40.0543177,
              -19.8505595
            ],
            [
              -40.0542051,
              -19.8505166
            ],
            [
              -40.0535104,
              -19.8501685
            ],
            [
              -40.0534299,
              -19.8501104
            ],
            [
              -40.0533682,
              -19.8500398
            ],
            [
              -40.0533253,
              -19.8499515
            ],
            [
              -40.0532958,
              -19.8498506
            ],
            [
              -40.0532717,
              -19.8497144
            ],
            [
              -40.0529551,
              -19.8457889
            ],
            [
              -40.0529612,
              -19.8457339
            ],
            [
              -40.0529862,
              -19.8456941
            ],
            [
              -40.0530395,
              -19.8456608
            ],
            [
              -40.0530976,
              -19.8456555
            ],
            [
              -40.0531559,
              -19.8456778
            ],
            [
              -40.053199,
              -19.8457313
            ],
            [
              -40.0532068,
              -19.8457825
            ],
            [
              -40.0535454,
              -19.8496232
            ],
            [
              -40.0535828,
              -19.8497446
            ],
            [
              -40.053623,
              -19.849843
            ],
            [
              -40.0536767,
              -19.8499036
            ],
            [
              -40.0537196,
              -19.8499515
            ],
            [
              -40.0538,
              -19.850007
            ],
            [
              -40.053902,
              -19.8500524
            ],
            [
              -40.0543955,
              -19.8502593
            ],
            [
              -40.0545028,
              -19.8502921
            ],
            [
              -40.0545886,
              -19.8503123
            ],
            [
              -40.0546771,
              -19.8503299
            ],
            [
              -40.0547844,
              -19.8503274
            ],
            [
              -40.0549185,
              -19.8502896
            ],
            [
              -40.0550661,
              -19.8502643
            ],
            [
              -40.0552109,
              -19.8502517
            ],
            [
              -40.0553423,
              -19.8502542
            ],
            [
              -40.0554603,
              -19.8502593
            ],
            [
              -40.0555891,
              -19.8502669
            ],
            [
              -40.0557447,
              -19.8502416
            ],
            [
              -40.0582284,
              -19.8497926
            ],
            [
              -40.0591832,
              -19.8496891
            ],
            [
              -40.0590593,
              -19.848894
            ],
            [
              -40.060225,
              -19.8486798
            ],
            [
              -40.0609088,
              -19.8476209
            ],
            [
              -40.0609468,
              -19.8476002
            ],
            [
              -40.0609912,
              -19.8475924
            ],
            [
              -40.0610232,
              -19.8474715
            ],
            [
              -40.0610259,
              -19.8473656
            ],
            [
              -40.0610903,
              -19.847305
            ],
            [
              -40.0612083,
              -19.8472445
            ],
            [
              -40.0612888,
              -19.8471915
            ],
            [
              -40.0613746,
              -19.84703
            ],
            [
              -40.0614175,
              -19.8469064
            ],
            [
              -40.0615087,
              -19.8467853
            ],
            [
              -40.0616294,
              -19.846639
            ],
            [
              -40.0617072,
              -19.8465179
            ],
            [
              -40.061734,
              -19.8464296
            ],
            [
              -40.0617367,
              -19.8463387
            ],
            [
              -40.0617367,
              -19.8462681
            ],
            [
              -40.061785,
              -19.8461949
            ],
            [
              -40.0618011,
              -19.8461849
            ],
            [
              -40.0618762,
              -19.8461041
            ],
            [
              -40.0619593,
              -19.8459477
            ],
            [
              -40.0620076,
              -19.8457988
            ],
            [
              -40.0620264,
              -19.8456222
            ],
            [
              -40.0620291,
              -19.8454583
            ],
            [
              -40.0620103,
              -19.845264
            ],
            [
              -40.0620183,
              -19.8451278
            ],
            [
              -40.0620532,
              -19.844994
            ],
            [
              -40.0621015,
              -19.8448452
            ],
            [
              -40.0621873,
              -19.844661
            ],
            [
              -40.0623295,
              -19.8444541
            ],
            [
              -40.0623831,
              -19.8443583
            ],
            [
              -40.0624287,
              -19.8442094
            ],
            [
              -40.0624743,
              -19.844053
            ],
            [
              -40.0625092,
              -19.8438486
            ],
            [
              -40.0625226,
              -19.8435459
            ],
            [
              -40.0625065,
              -19.8432557
            ],
            [
              -40.062485,
              -19.8430135
            ],
            [
              -40.0624153,
              -19.8427764
            ],
            [
              -40.0623858,
              -19.842683
            ],
            [
              -40.0623322,
              -19.8426994
            ],
            [
              -40.0622624,
              -19.8425493
            ],
            [
              -40.0621887,
              -19.8424232
            ],
            [
              -40.0621001,
              -19.8423084
            ],
            [
              -40.0620103,
              -19.8422037
            ],
            [
              -40.0619741,
              -19.842128
            ],
            [
              -40.0619499,
              -19.842046
            ],
            [
              -40.0619325,
              -19.8419665
            ],
            [
              -40.0617367,
              -19.841583
            ],
            [
              -40.0616375,
              -19.8414089
            ],
            [
              -40.061557,
              -19.841308
            ],
            [
              -40.0613692,
              -19.8410822
            ],
            [
              -40.0611815,
              -19.8409132
            ],
            [
              -40.0611278,
              -19.840893
            ],
            [
              -40.061034,
              -19.8408539
            ],
            [
              -40.060861,
              -19.8408059
            ],
            [
              -40.0607416,
              -19.8407529
            ],
            [
              -40.0605713,
              -19.8406596
            ],
            [
              -40.0604452,
              -19.8406003
            ],
            [
              -40.0603795,
              -19.8405158
            ],
            [
              -40.0603446,
              -19.8404817
            ],
            [
              -40.0602883,
              -19.840425
            ],
            [
              -40.060181,
              -19.8403783
            ],
            [
              -40.0600168,
              -19.8403395
            ],
            [
              -40.0604448,
              -19.8396104
            ],
            [
              -40.0617041,
              -19.8376812
            ],
            [
              -40.0617287,
              -19.8376206
            ],
            [
              -40.0617262,
              -19.8375745
            ],
            [
              -40.0617246,
              -19.8375462
            ],
            [
              -40.0617048,
              -19.8374897
            ],
            [
              -40.0616694,
              -19.8374374
            ],
            [
              -40.0608065,
              -19.8369552
            ],
            [
              -40.0607242,
              -19.836952
            ],
            [
              -40.0606558,
              -19.8369672
            ],
            [
              -40.0605863,
              -19.8370074
            ],
            [
              -40.0598525,
              -19.8381757
            ],
            [
              -40.0597988,
              -19.8382211
            ],
            [
              -40.0597358,
              -19.8382413
            ],
            [
              -40.0596674,
              -19.8382287
            ],
            [
              -40.0594273,
              -19.8381025
            ],
            [
              -40.0592101,
              -19.8380748
            ],
            [
              -40.0591162,
              -19.8380048
            ],
            [
              -40.0557368,
              -19.8433377
            ],
            [
              -40.0555661,
              -19.8432315
            ],
            [
              -40.0547288,
              -19.8432377
            ],
            [
              -40.054653,
              -19.8433239
            ],
            [
              -40.0546871,
              -19.8437927
            ],
            [
              -40.0546771,
              -19.8438537
            ],
            [
              -40.0546221,
              -19.8439079
            ],
            [
              -40.054568,
              -19.8439268
            ],
            [
              -40.0544934,
              -19.8439218
            ],
            [
              -40.0544263,
              -19.8438852
            ],
            [
              -40.0543955,
              -19.8438322
            ],
            [
              -40.0543821,
              -19.8437704
            ],
            [
              -40.0543757,
              -19.8436868
            ],
            [
              -40.0544062,
              -19.8432936
            ],
            [
              -40.0543982,
              -19.8429959
            ],
            [
              -40.0543848,
              -19.8426956
            ],
            [
              -40.0543821,
              -19.8394486
            ],
            [
              -40.0543982,
              -19.8393224
            ],
            [
              -40.0544384,
              -19.8391534
            ],
            [
              -40.0544867,
              -19.8390146
            ],
            [
              -40.0545672,
              -19.838843
            ],
            [
              -40.0546744,
              -19.8386765
            ],
            [
              -40.0547764,
              -19.8385529
            ],
            [
              -40.0549239,
              -19.8384015
            ],
            [
              -40.055058,
              -19.8382905
            ],
            [
              -40.0552404,
              -19.8381694
            ],
            [
              -40.0553986,
              -19.8380861
            ],
            [
              -40.0555998,
              -19.838018
            ],
            [
              -40.0557527,
              -19.8379827
            ],
            [
              -40.0559351,
              -19.8379625
            ],
            [
              -40.0561336,
              -19.8379549
            ],
            [
              -40.0563857,
              -19.8379398
            ],
            [
              -40.056662,
              -19.8379499
            ],
            [
              -40.0567371,
              -19.8377329
            ],
            [
              -40.0567853,
              -19.8376547
            ],
            [
              -40.0568524,
              -19.8375815
            ],
            [
              -40.0570187,
              -19.8374781
            ],
            [
              -40.0571099,
              -19.8374175
            ],
            [
              -40.0571904,
              -19.8373343
            ],
            [
              -40.0572521,
              -19.8372611
            ],
            [
              -40.0573057,
              -19.837145
            ],
            [
              -40.0573513,
              -19.8370466
            ],
            [
              -40.0574237,
              -19.8369432
            ],
            [
              -40.0574854,
              -19.8367968
            ],
            [
              -40.0575712,
              -19.8363149
            ],
            [
              -40.0575981,
              -19.8361736
            ],
            [
              -40.0575954,
              -19.8360071
            ],
            [
              -40.0575739,
              -19.8358684
            ],
            [
              -40.0575042,
              -19.8357144
            ],
            [
              -40.0574452,
              -19.8355984
            ],
            [
              -40.0574157,
              -19.8354773
            ],
            [
              -40.0573835,
              -19.8353335
            ],
            [
              -40.0573728,
              -19.8352048
            ],
            [
              -40.0573969,
              -19.8349424
            ],
            [
              -40.0574237,
              -19.834796
            ],
            [
              -40.0575015,
              -19.8344453
            ],
            [
              -40.057531,
              -19.8342914
            ],
            [
              -40.0575846,
              -19.8341527
            ],
            [
              -40.0576678,
              -19.8339962
            ],
            [
              -40.0577885,
              -19.8338474
            ],
            [
              -40.0579119,
              -19.8337338
            ],
            [
              -40.0580058,
              -19.8335749
            ],
            [
              -40.0581184,
              -19.8333352
            ],
            [
              -40.0581249,
              -19.8333238
            ],
            [
              -40.0581747,
              -19.8331434
            ],
            [
              -40.0582096,
              -19.8329794
            ],
            [
              -40.0582042,
              -19.8328129
            ],
            [
              -40.0581855,
              -19.832664
            ],
            [
              -40.0581533,
              -19.8325581
            ],
            [
              -40.0581193,
              -19.8324787
            ],
            [
              -40.0581023,
              -19.8324571
            ],
            [
              -40.0580326,
              -19.832283
            ],
            [
              -40.0580084,
              -19.8321291
            ],
            [
              -40.0580245,
              -19.8320055
            ],
            [
              -40.058054,
              -19.8318995
            ]
          ]
        ]
      },
      "id": "relation/1915778"
    },
    {
      "type": "Feature",
      "properties": {
        "@id": "relation/1915779",
        "admin_level": "10",
        "boundary": "administrative",
        "name": "Barra do Sahy",
        "place": "suburb",
        "source": "IBGE",
        "type": "boundary"
      },
      "geometry": {
        "type": "Polygon",
        "coordinates": [
          [
            [
              -40.0966903,
              -19.8966015
            ],
            [
              -40.0965986,
              -19.896594
            ],
            [
              -40.0962631,
              -19.8965075
            ],
            [
              -40.0962072,
              -19.8965002
            ],
            [
              -40.0961494,
              -19.8965019
            ],
            [
              -40.0960986,
              -19.8965134
            ],
            [
              -40.0960616,
              -19.8965311
            ],
            [
              -40.0960098,
              -19.8965635
            ],
            [
              -40.0959173,
              -19.8966413
            ],
            [
              -40.095871,
              -19.8966647
            ],
            [
              -40.0958375,
              -19.896672
            ],
            [
              -40.0957968,
              -19.8966732
            ],
            [
              -40.0956182,
              -19.8966487
            ],
            [
              -40.0955235,
              -19.896658
            ],
            [
              -40.0954703,
              -19.8966689
            ],
            [
              -40.0954345,
              -19.8966821
            ],
            [
              -40.0953902,
              -19.8967087
            ],
            [
              -40.0953433,
              -19.8967471
            ],
            [
              -40.0952158,
              -19.8968763
            ],
            [
              -40.095134,
              -19.8969734
            ],
            [
              -40.0950651,
              -19.8970795
            ],
            [
              -40.0950076,
              -19.8971943
            ],
            [
              -40.0949707,
              -19.8972899
            ],
            [
              -40.0949443,
              -19.8973737
            ],
            [
              -40.0948489,
              -19.897754
            ],
            [
              -40.0948026,
              -19.8979116
            ],
            [
              -40.0947406,
              -19.8980842
            ],
            [
              -40.0946859,
              -19.8982234
            ],
            [
              -40.0945923,
              -19.8984442
            ],
            [
              -40.0945579,
              -19.8985094
            ],
            [
              -40.0945104,
              -19.8985711
            ],
            [
              -40.0944632,
              -19.8986044
            ],
            [
              -40.0943898,
              -19.8986393
            ],
            [
              -40.0942312,
              -19.8986936
            ],
            [
              -40.0941626,
              -19.8987277
            ],
            [
              -40.0941123,
              -19.8987709
            ],
            [
              -40.0940677,
              -19.8988358
            ],
            [
              -40.0940515,
              -19.8988758
            ],
            [
              -40.0940369,
              -19.8989287
            ],
            [
              -40.0940159,
              -19.899052
            ],
            [
              -40.094003,
              -19.8990791
            ],
            [
              -40.0939451,
              -19.8991682
            ],
            [
              -40.0938653,
              -19.8993649
            ],
            [
              -40.0938354,
              -19.8994763
            ],
            [
              -40.0938318,
              -19.8996797
            ],
            [
              -40.0937916,
              -19.8997469
            ],
            [
              -40.093767,
              -19.899773
            ],
            [
              -40.0937349,
              -19.8997989
            ],
            [
              -40.0936775,
              -19.8998342
            ],
            [
              -40.0936261,
              -19.899847
            ],
            [
              -40.0936012,
              -19.8998477
            ],
            [
              -40.0935778,
              -19.8998431
            ],
            [
              -40.0935363,
              -19.8998213
            ],
            [
              -40.0934953,
              -19.8997791
            ],
            [
              -40.0934646,
              -19.8997364
            ],
            [
              -40.093418,
              -19.8996538
            ],
            [
              -40.0933828,
              -19.8996115
            ],
            [
              -40.0933666,
              -19.8995984
            ],
            [
              -40.0933494,
              -19.8995906
            ],
            [
              -40.0933015,
              -19.8995837
            ],
            [
              -40.093268,
              -19.8995867
            ],
            [
              -40.0932377,
              -19.8995948
            ],
            [
              -40.0932078,
              -19.8996135
            ],
            [
              -40.0931857,
              -19.8996338
            ],
            [
              -40.0931778,
              -19.8996492
            ],
            [
              -40.0931675,
              -19.8997394
            ],
            [
              -40.0931548,
              -19.8999546
            ],
            [
              -40.0930494,
              -19.8999023
            ],
            [
              -40.0929639,
              -19.8998929
            ],
            [
              -40.0928944,
              -19.8998929
            ],
            [
              -40.0928081,
              -19.8998623
            ],
            [
              -40.0927754,
              -19.8998091
            ],
            [
              -40.0927195,
              -19.8997867
            ],
            [
              -40.0927394,
              -19.8997119
            ],
            [
              -40.0927513,
              -19.899611
            ],
            [
              -40.0927474,
              -19.8994465
            ],
            [
              -40.0928149,
              -19.8992521
            ],
            [
              -40.0929183,
              -19.8990875
            ],
            [
              -40.0929462,
              -19.8988595
            ],
            [
              -40.0930336,
              -19.8985678
            ],
            [
              -40.0931437,
              -19.8981508
            ],
            [
              -40.0931952,
              -19.8979311
            ],
            [
              -40.0932349,
              -19.8977666
            ],
            [
              -40.093227,
              -19.8976395
            ],
            [
              -40.0931395,
              -19.8972992
            ],
            [
              -40.0930481,
              -19.8969964
            ],
            [
              -40.0930441,
              -19.8967795
            ],
            [
              -40.0930361,
              -19.8965589
            ],
            [
              -40.0929884,
              -19.8963608
            ],
            [
              -40.0929074,
              -19.896059
            ],
            [
              -40.0928214,
              -19.8957962
            ],
            [
              -40.0926425,
              -19.8954634
            ],
            [
              -40.0925552,
              -19.8952824
            ],
            [
              -40.0925073,
              -19.895183
            ],
            [
              -40.0924357,
              -19.8949587
            ],
            [
              -40.0922602,
              -19.8946626
            ],
            [
              -40.0921315,
              -19.8945037
            ],
            [
              -40.0919947,
              -19.8943398
            ],
            [
              -40.0918043,
              -19.8941305
            ],
            [
              -40.0915897,
              -19.8938858
            ],
            [
              -40.0912571,
              -19.8936437
            ],
            [
              -40.0910211,
              -19.8934747
            ],
            [
              -40.0908253,
              -19.8933713
            ],
            [
              -40.0905919,
              -19.8932805
            ],
            [
              -40.0903371,
              -19.8932301
            ],
            [
              -40.0901681,
              -19.893225
            ],
            [
              -40.089975,
              -19.8932427
            ],
            [
              -40.0898758,
              -19.8932856
            ],
            [
              -40.0897712,
              -19.8933461
            ],
            [
              -40.0896746,
              -19.8933335
            ],
            [
              -40.0896022,
              -19.8932553
            ],
            [
              -40.0895861,
              -19.8931468
            ],
            [
              -40.0895298,
              -19.893104
            ],
            [
              -40.0894595,
              -19.8931173
            ],
            [
              -40.0893561,
              -19.893121
            ],
            [
              -40.089203,
              -19.8931677
            ],
            [
              -40.0891036,
              -19.8931434
            ],
            [
              -40.0890003,
              -19.8931546
            ],
            [
              -40.0888869,
              -19.8931958
            ],
            [
              -40.0888054,
              -19.8932444
            ],
            [
              -40.0887299,
              -19.8931976
            ],
            [
              -40.0886802,
              -19.8931416
            ],
            [
              -40.0887138,
              -19.8930695
            ],
            [
              -40.0886782,
              -19.8929546
            ],
            [
              -40.0886963,
              -19.8928461
            ],
            [
              -40.0887816,
              -19.8927382
            ],
            [
              -40.0887943,
              -19.8925227
            ],
            [
              -40.0887948,
              -19.8925138
            ],
            [
              -40.0889343,
              -19.892317
            ],
            [
              -40.089047,
              -19.89208
            ],
            [
              -40.0891274,
              -19.8918479
            ],
            [
              -40.089224,
              -19.8916436
            ],
            [
              -40.0892884,
              -19.8914847
            ],
            [
              -40.0893393,
              -19.8913485
            ],
            [
              -40.0893769,
              -19.8911795
            ],
            [
              -40.0893956,
              -19.8909601
            ],
            [
              -40.0893849,
              -19.8908012
            ],
            [
              -40.0893688,
              -19.8905566
            ],
            [
              -40.08935,
              -19.8902362
            ],
            [
              -40.0892991,
              -19.8898655
            ],
            [
              -40.0892615,
              -19.8896687
            ],
            [
              -40.0892133,
              -19.8894115
            ],
            [
              -40.0891596,
              -19.8892198
            ],
            [
              -40.0891006,
              -19.8890483
            ],
            [
              -40.0889987,
              -19.8888465
            ],
            [
              -40.0888163,
              -19.8885035
            ],
            [
              -40.0886339,
              -19.8882159
            ],
            [
              -40.0884193,
              -19.8879839
            ],
            [
              -40.0882638,
              -19.8878124
            ],
            [
              -40.0880438,
              -19.8875955
            ],
            [
              -40.0878292,
              -19.8873786
            ],
            [
              -40.0876522,
              -19.8871768
            ],
            [
              -40.0875664,
              -19.8870456
            ],
            [
              -40.0874806,
              -19.8869145
            ],
            [
              -40.0874376,
              -19.8867934
            ],
            [
              -40.087443,
              -19.8867076
            ],
            [
              -40.0874646,
              -19.886644
            ],
            [
              -40.0874859,
              -19.8865815
            ],
            [
              -40.0874966,
              -19.886415
            ],
            [
              -40.0874484,
              -19.8862839
            ],
            [
              -40.0873813,
              -19.8861729
            ],
            [
              -40.0873143,
              -19.8861149
            ],
            [
              -40.087266,
              -19.8860165
            ],
            [
              -40.0872391,
              -19.8858753
            ],
            [
              -40.0872391,
              -19.885729
            ],
            [
              -40.0872177,
              -19.8855524
            ],
            [
              -40.087156,
              -19.8851716
            ],
            [
              -40.0871152,
              -19.8846885
            ],
            [
              -40.0870675,
              -19.8843972
            ],
            [
              -40.0870192,
              -19.8840239
            ],
            [
              -40.0869817,
              -19.883807
            ],
            [
              -40.0869066,
              -19.8835901
            ],
            [
              -40.0867724,
              -19.8833126
            ],
            [
              -40.0865954,
              -19.8830352
            ],
            [
              -40.0864506,
              -19.8828485
            ],
            [
              -40.0862618,
              -19.8825859
            ],
            [
              -40.0860525,
              -19.8822877
            ],
            [
              -40.0858388,
              -19.8818858
            ],
            [
              -40.0856869,
              -19.8814998
            ],
            [
              -40.0855372,
              -19.8811166
            ],
            [
              -40.0853543,
              -19.8808324
            ],
            [
              -40.0852668,
              -19.8805333
            ],
            [
              -40.0852191,
              -19.8803837
            ],
            [
              -40.0850839,
              -19.8800397
            ],
            [
              -40.085048,
              -19.8798899
            ],
            [
              -40.0850049,
              -19.8797486
            ],
            [
              -40.0849351,
              -19.8795821
            ],
            [
              -40.0848965,
              -19.8794375
            ],
            [
              -40.0848006,
              -19.8791284
            ],
            [
              -40.0847501,
              -19.8789843
            ],
            [
              -40.0846481,
              -19.8787674
            ],
            [
              -40.0845588,
              -19.8785785
            ],
            [
              -40.0844233,
              -19.8783934
            ],
            [
              -40.0843362,
              -19.8782713
            ],
            [
              -40.0841707,
              -19.8781368
            ],
            [
              -40.0839883,
              -19.8779955
            ],
            [
              -40.0837952,
              -19.8778694
            ],
            [
              -40.0835377,
              -19.8777079
            ],
            [
              -40.0833929,
              -19.8775616
            ],
            [
              -40.083307,
              -19.8774305
            ],
            [
              -40.0832856,
              -19.8773195
            ],
            [
              -40.0832534,
              -19.877148
            ],
            [
              -40.0831944,
              -19.8768251
            ],
            [
              -40.0830978,
              -19.8764316
            ],
            [
              -40.0830388,
              -19.876255
            ],
            [
              -40.0829315,
              -19.8760482
            ],
            [
              -40.0827813,
              -19.8758514
            ],
            [
              -40.0825507,
              -19.8755639
            ],
            [
              -40.0823253,
              -19.8753217
            ],
            [
              -40.0820839,
              -19.8751048
            ],
            [
              -40.0818372,
              -19.8749131
            ],
            [
              -40.0816655,
              -19.8748172
            ],
            [
              -40.0814831,
              -19.8747416
            ],
            [
              -40.081349,
              -19.8747466
            ],
            [
              -40.0812256,
              -19.874787
            ],
            [
              -40.0811023,
              -19.874792
            ],
            [
              -40.0809842,
              -19.8747466
            ],
            [
              -40.0808823,
              -19.8746558
            ],
            [
              -40.0808433,
              -19.8745683
            ],
            [
              -40.0811019,
              -19.8740561
            ],
            [
              -40.0813498,
              -19.8735652
            ],
            [
              -40.0814804,
              -19.8732957
            ],
            [
              -40.0815701,
              -19.8731396
            ],
            [
              -40.0815916,
              -19.8731174
            ],
            [
              -40.0821901,
              -19.8727693
            ],
            [
              -40.0823741,
              -19.8726585
            ],
            [
              -40.0826053,
              -19.8724874
            ],
            [
              -40.0829336,
              -19.8722282
            ],
            [
              -40.0830136,
              -19.8721913
            ],
            [
              -40.0831056,
              -19.8721623
            ],
            [
              -40.0833241,
              -19.8721114
            ],
            [
              -40.0835465,
              -19.8720404
            ],
            [
              -40.0835716,
              -19.8720389
            ],
            [
              -40.0835845,
              -19.872042
            ],
            [
              -40.0836283,
              -19.8720749
            ],
            [
              -40.083676,
              -19.8720887
            ],
            [
              -40.0837151,
              -19.8720915
            ],
            [
              -40.0838592,
              -19.8721018
            ],
            [
              -40.0839961,
              -19.8720954
            ],
            [
              -40.0840954,
              -19.8720866
            ],
            [
              -40.0842689,
              -19.8720298
            ],
            [
              -40.0849964,
              -19.8716624
            ],
            [
              -40.0852017,
              -19.8715695
            ],
            [
              -40.0854085,
              -19.8714831
            ],
            [
              -40.0855342,
              -19.8714539
            ],
            [
              -40.0856763,
              -19.8714325
            ],
            [
              -40.085757,
              -19.8714324
            ],
            [
              -40.0858661,
              -19.8714447
            ],
            [
              -40.0861633,
              -19.8714589
            ],
            [
              -40.0865872,
              -19.8714259
            ],
            [
              -40.0866555,
              -19.871418
            ],
            [
              -40.0867103,
              -19.8713968
            ],
            [
              -40.086793,
              -19.8713351
            ],
            [
              -40.0868143,
              -19.8713008
            ],
            [
              -40.0868958,
              -19.87095
            ],
            [
              -40.08693,
              -19.8708029
            ],
            [
              -40.0868623,
              -19.8704985
            ],
            [
              -40.0868161,
              -19.8701411
            ],
            [
              -40.0867829,
              -19.8699966
            ],
            [
              -40.086766,
              -19.8699407
            ],
            [
              -40.0867327,
              -19.869873
            ],
            [
              -40.0865825,
              -19.8696647
            ],
            [
              -40.0864522,
              -19.8695377
            ],
            [
              -40.0863364,
              -19.8694167
            ],
            [
              -40.0863102,
              -19.8693818
            ],
            [
              -40.0862892,
              -19.8692931
            ],
            [
              -40.0862945,
              -19.8691936
            ],
            [
              -40.0863117,
              -19.8691548
            ],
            [
              -40.0864385,
              -19.8689915
            ],
            [
              -40.0869996,
              -19.8685715
            ],
            [
              -40.0874368,
              -19.8682493
            ],
            [
              -40.0874634,
              -19.868221
            ],
            [
              -40.0878653,
              -19.8677526
            ],
            [
              -40.0878874,
              -19.8677244
            ],
            [
              -40.0879307,
              -19.8676993
            ],
            [
              -40.0879907,
              -19.8676762
            ],
            [
              -40.0881956,
              -19.8676305
            ],
            [
              -40.0882839,
              -19.8676051
            ],
            [
              -40.0891638,
              -19.8675032
            ],
            [
              -40.0897686,
              -19.8673884
            ],
            [
              -40.0898678,
              -19.8673643
            ],
            [
              -40.0902455,
              -19.8671696
            ],
            [
              -40.0903118,
              -19.8671182
            ],
            [
              -40.0903614,
              -19.8670697
            ],
            [
              -40.0903828,
              -19.8670386
            ],
            [
              -40.0903942,
              -19.8670076
            ],
            [
              -40.0903961,
              -19.8669835
            ],
            [
              -40.0903844,
              -19.8668936
            ],
            [
              -40.090362,
              -19.8668299
            ],
            [
              -40.0903097,
              -19.8667534
            ],
            [
              -40.0902849,
              -19.8667378
            ],
            [
              -40.0900352,
              -19.8666635
            ],
            [
              -40.0899988,
              -19.8666473
            ],
            [
              -40.0899345,
              -19.8666053
            ],
            [
              -40.0898759,
              -19.8665425
            ],
            [
              -40.08983,
              -19.8664563
            ],
            [
              -40.0897435,
              -19.8662055
            ],
            [
              -40.0897335,
              -19.8660709
            ],
            [
              -40.0897396,
              -19.8659485
            ],
            [
              -40.0897589,
              -19.8658494
            ],
            [
              -40.0897842,
              -19.8657571
            ],
            [
              -40.0899487,
              -19.8655043
            ],
            [
              -40.0900047,
              -19.8654365
            ],
            [
              -40.0900377,
              -19.8654032
            ],
            [
              -40.0900925,
              -19.8653602
            ],
            [
              -40.0901935,
              -19.8653016
            ],
            [
              -40.090328,
              -19.8652511
            ],
            [
              -40.0903861,
              -19.8652506
            ],
            [
              -40.0904369,
              -19.8652557
            ],
            [
              -40.0905024,
              -19.8652689
            ],
            [
              -40.0905315,
              -19.8652811
            ],
            [
              -40.0905812,
              -19.8653095
            ],
            [
              -40.090765,
              -19.8655622
            ],
            [
              -40.0908085,
              -19.8656409
            ],
            [
              -40.0909608,
              -19.8659447
            ],
            [
              -40.0910292,
              -19.8660437
            ],
            [
              -40.0910578,
              -19.8660792
            ],
            [
              -40.0911047,
              -19.866118
            ],
            [
              -40.0911419,
              -19.866141
            ],
            [
              -40.0912061,
              -19.8661783
            ],
            [
              -40.0912811,
              -19.86621
            ],
            [
              -40.0916851,
              -19.8662795
            ],
            [
              -40.0917688,
              -19.8662988
            ],
            [
              -40.0922541,
              -19.8664487
            ],
            [
              -40.0923123,
              -19.8664593
            ],
            [
              -40.0923885,
              -19.8664621
            ],
            [
              -40.0924747,
              -19.8664538
            ],
            [
              -40.0925174,
              -19.8664425
            ],
            [
              -40.0925702,
              -19.8664228
            ],
            [
              -40.0928609,
              -19.8662048
            ],
            [
              -40.093094,
              -19.8660624
            ],
            [
              -40.0931218,
              -19.8660522
            ],
            [
              -40.0931823,
              -19.8660442
            ],
            [
              -40.0935005,
              -19.8660468
            ],
            [
              -40.0936057,
              -19.8660535
            ],
            [
              -40.0937218,
              -19.8660539
            ],
            [
              -40.0939279,
              -19.866065
            ],
            [
              -40.0939751,
              -19.8660642
            ],
            [
              -40.0941456,
              -19.8660261
            ],
            [
              -40.0944349,
              -19.865979
            ],
            [
              -40.0948487,
              -19.8659839
            ],
            [
              -40.0952522,
              -19.8649704
            ],
            [
              -40.0953011,
              -19.8649238
            ],
            [
              -40.0953973,
              -19.8648754
            ],
            [
              -40.0954514,
              -19.8648655
            ],
            [
              -40.0955866,
              -19.864857
            ],
            [
              -40.0958048,
              -19.8648498
            ],
            [
              -40.0958875,
              -19.8648286
            ],
            [
              -40.0959365,
              -19.8648076
            ],
            [
              -40.0960479,
              -19.8647366
            ],
            [
              -40.0961203,
              -19.8646466
            ],
            [
              -40.0961689,
              -19.8645422
            ],
            [
              -40.0961788,
              -19.8644861
            ],
            [
              -40.0961664,
              -19.8643644
            ],
            [
              -40.0961356,
              -19.8642651
            ],
            [
              -40.0959737,
              -19.8640077
            ],
            [
              -40.095955,
              -19.8639886
            ],
            [
              -40.0958804,
              -19.8639456
            ],
            [
              -40.0957618,
              -19.8639204
            ],
            [
              -40.0956755,
              -19.8639159
            ],
            [
              -40.0956417,
              -19.8639257
            ],
            [
              -40.0955151,
              -19.8639855
            ],
            [
              -40.0954373,
              -19.8639954
            ],
            [
              -40.0953696,
              -19.8639957
            ],
            [
              -40.0950869,
              -19.8639631
            ],
            [
              -40.095018,
              -19.8639406
            ],
            [
              -40.0949553,
              -19.8639089
            ],
            [
              -40.0948856,
              -19.863829
            ],
            [
              -40.0947783,
              -19.8636468
            ],
            [
              -40.0947235,
              -19.8634772
            ],
            [
              -40.0946854,
              -19.8632451
            ],
            [
              -40.0947002,
              -19.8631441
            ],
            [
              -40.0947387,
              -19.8630302
            ],
            [
              -40.0947857,
              -19.8629419
            ],
            [
              -40.0948226,
              -19.8628537
            ],
            [
              -40.094839,
              -19.8627239
            ],
            [
              -40.0948265,
              -19.8625766
            ],
            [
              -40.094806,
              -19.8625174
            ],
            [
              -40.0946715,
              -19.8622968
            ],
            [
              -40.0945489,
              -19.8621083
            ],
            [
              -40.0945369,
              -19.8620571
            ],
            [
              -40.0945467,
              -19.8619833
            ],
            [
              -40.0945785,
              -19.8618839
            ],
            [
              -40.0946104,
              -19.8618181
            ],
            [
              -40.0946794,
              -19.8617457
            ],
            [
              -40.0948094,
              -19.8616571
            ],
            [
              -40.0952094,
              -19.8614265
            ],
            [
              -40.0953123,
              -19.861362
            ],
            [
              -40.0953562,
              -19.8613474
            ],
            [
              -40.0953918,
              -19.8613409
            ],
            [
              -40.0954916,
              -19.8613405
            ],
            [
              -40.0955762,
              -19.8613514
            ],
            [
              -40.095649,
              -19.8613671
            ],
            [
              -40.0957574,
              -19.8614051
            ],
            [
              -40.0958804,
              -19.861488
            ],
            [
              -40.0960703,
              -19.8618076
            ],
            [
              -40.0961162,
              -19.8618731
            ],
            [
              -40.0962011,
              -19.8619433
            ],
            [
              -40.096252,
              -19.8619687
            ],
            [
              -40.0963959,
              -19.862005
            ],
            [
              -40.0965973,
              -19.8620266
            ],
            [
              -40.0967479,
              -19.8620244
            ],
            [
              -40.0968933,
              -19.862011
            ],
            [
              -40.0969981,
              -19.8619818
            ],
            [
              -40.0973189,
              -19.8618236
            ],
            [
              -40.0975417,
              -19.8617074
            ],
            [
              -40.0976364,
              -19.8616781
            ],
            [
              -40.0979153,
              -19.8616242
            ],
            [
              -40.0983314,
              -19.8616098
            ],
            [
              -40.0984025,
              -19.8616207
            ],
            [
              -40.0985632,
              -19.8616137
            ],
            [
              -40.0986274,
              -19.8615862
            ],
            [
              -40.0986493,
              -19.8615685
            ],
            [
              -40.0987889,
              -19.8613565
            ],
            [
              -40.0988023,
              -19.8613292
            ],
            [
              -40.0988022,
              -19.8612988
            ],
            [
              -40.0987847,
              -19.8611643
            ],
            [
              -40.0987179,
              -19.8609691
            ],
            [
              -40.0986732,
              -19.8607786
            ],
            [
              -40.0986745,
              -19.860687
            ],
            [
              -40.0986927,
              -19.8605703
            ],
            [
              -40.0987246,
              -19.8605077
            ],
            [
              -40.0987935,
              -19.8604097
            ],
            [
              -40.0989873,
              -19.8602247
            ],
            [
              -40.099191,
              -19.8599732
            ],
            [
              -40.0992396,
              -19.8598907
            ],
            [
              -40.0993362,
              -19.8597623
            ],
            [
              -40.0994287,
              -19.8596676
            ],
            [
              -40.0994877,
              -19.8596258
            ],
            [
              -40.0996226,
              -19.8595452
            ],
            [
              -40.0997138,
              -19.8595273
            ],
            [
              -40.0997506,
              -19.8595286
            ],
            [
              -40.0998322,
              -19.8595476
            ],
            [
              -40.0998746,
              -19.8595715
            ],
            [
              -40.0999408,
              -19.8596192
            ],
            [
              -40.1000073,
              -19.8597293
            ],
            [
              -40.1000839,
              -19.8598426
            ],
            [
              -40.1001061,
              -19.8598825
            ],
            [
              -40.100125,
              -19.8599512
            ],
            [
              -40.1001407,
              -19.860036
            ],
            [
              -40.1001855,
              -19.8602182
            ],
            [
              -40.100213,
              -19.8603012
            ],
            [
              -40.100247,
              -19.8603443
            ],
            [
              -40.1003099,
              -19.8604048
            ],
            [
              -40.1007373,
              -19.8606735
            ],
            [
              -40.1009709,
              -19.8607318
            ],
            [
              -40.1010234,
              -19.8607396
            ],
            [
              -40.1010808,
              -19.8607378
            ],
            [
              -40.1013456,
              -19.8606398
            ],
            [
              -40.1015323,
              -19.860551
            ],
            [
              -40.1016868,
              -19.8604891
            ],
            [
              -40.1018592,
              -19.8604305
            ],
            [
              -40.1019478,
              -19.8603805
            ],
            [
              -40.1019968,
              -19.8603612
            ],
            [
              -40.102216,
              -19.8603259
            ],
            [
              -40.1023125,
              -19.8602776
            ],
            [
              -40.1023522,
              -19.8602509
            ],
            [
              -40.1023839,
              -19.8602223
            ],
            [
              -40.1024042,
              -19.8601848
            ],
            [
              -40.1024609,
              -19.8600337
            ],
            [
              -40.1025014,
              -19.8595694
            ],
            [
              -40.1026069,
              -19.8589183
            ],
            [
              -40.1026093,
              -19.8588231
            ],
            [
              -40.1025855,
              -19.8587674
            ],
            [
              -40.1025394,
              -19.8587095
            ],
            [
              -40.102067,
              -19.8583586
            ],
            [
              -40.1020311,
              -19.8583052
            ],
            [
              -40.1020028,
              -19.8581993
            ],
            [
              -40.1019872,
              -19.8579903
            ],
            [
              -40.1021623,
              -19.8568195
            ],
            [
              -40.1021703,
              -19.8567847
            ],
            [
              -40.1021915,
              -19.8567533
            ],
            [
              -40.1022191,
              -19.8567321
            ],
            [
              -40.1022857,
              -19.8567173
            ],
            [
              -40.1023828,
              -19.8567251
            ],
            [
              -40.1025465,
              -19.8567708
            ],
            [
              -40.1028553,
              -19.8568654
            ],
            [
              -40.1029719,
              -19.8568773
            ],
            [
              -40.1030117,
              -19.8568799
            ],
            [
              -40.1031055,
              -19.8568749
            ],
            [
              -40.1031411,
              -19.8568687
            ],
            [
              -40.1031903,
              -19.856845
            ],
            [
              -40.1032175,
              -19.8568195
            ],
            [
              -40.1032517,
              -19.8567702
            ],
            [
              -40.1033885,
              -19.8565422
            ],
            [
              -40.1034208,
              -19.8565088
            ],
            [
              -40.1034921,
              -19.8564756
            ],
            [
              -40.1036682,
              -19.8564415
            ],
            [
              -40.1040428,
              -19.8567988
            ],
            [
              -40.1043557,
              -19.857047
            ],
            [
              -40.1044281,
              -19.8570858
            ],
            [
              -40.1044719,
              -19.8571164
            ],
            [
              -40.1045139,
              -19.8571567
            ],
            [
              -40.1045407,
              -19.8571888
            ],
            [
              -40.104564,
              -19.8572481
            ],
            [
              -40.1045803,
              -19.8573426
            ],
            [
              -40.104581,
              -19.857485
            ],
            [
              -40.1045906,
              -19.8575602
            ],
            [
              -40.1046022,
              -19.8575971
            ],
            [
              -40.1046491,
              -19.8576614
            ],
            [
              -40.1047402,
              -19.8577003
            ],
            [
              -40.1047909,
              -19.857699
            ],
            [
              -40.1049043,
              -19.8576853
            ],
            [
              -40.1050749,
              -19.8577118
            ],
            [
              -40.1052655,
              -19.8577817
            ],
            [
              -40.1055281,
              -19.857956
            ],
            [
              -40.1059762,
              -19.8582098
            ],
            [
              -40.1060773,
              -19.8582712
            ],
            [
              -40.1061075,
              -19.8583002
            ],
            [
              -40.1061242,
              -19.8583259
            ],
            [
              -40.1061347,
              -19.8583586
            ],
            [
              -40.1061524,
              -19.858414
            ],
            [
              -40.1061602,
              -19.8585164
            ],
            [
              -40.1061476,
              -19.8586171
            ],
            [
              -40.1060978,
              -19.85874
            ],
            [
              -40.105779,
              -19.8593684
            ],
            [
              -40.1057686,
              -19.8594051
            ],
            [
              -40.1057788,
              -19.8596531
            ],
            [
              -40.1058065,
              -19.8598149
            ],
            [
              -40.1058533,
              -19.8598935
            ],
            [
              -40.1063356,
              -19.860333
            ],
            [
              -40.1063589,
              -19.8603956
            ],
            [
              -40.1063685,
              -19.8604756
            ],
            [
              -40.1063628,
              -19.8605764
            ],
            [
              -40.1063259,
              -19.8607745
            ],
            [
              -40.1063203,
              -19.8608592
            ],
            [
              -40.1063197,
              -19.860952
            ],
            [
              -40.1063312,
              -19.8609873
            ],
            [
              -40.1063497,
              -19.8610082
            ],
            [
              -40.1063984,
              -19.8610533
            ],
            [
              -40.1064355,
              -19.8610743
            ],
            [
              -40.1064777,
              -19.8610889
            ],
            [
              -40.1067393,
              -19.861164
            ],
            [
              -40.1068441,
              -19.861171
            ],
            [
              -40.1071046,
              -19.8611582
            ],
            [
              -40.1075921,
              -19.8610746
            ],
            [
              -40.1077377,
              -19.8610534
            ],
            [
              -40.1078358,
              -19.8610505
            ],
            [
              -40.1078833,
              -19.8610556
            ],
            [
              -40.1079938,
              -19.8611181
            ],
            [
              -40.1081933,
              -19.861242
            ],
            [
              -40.1084204,
              -19.861413
            ],
            [
              -40.1086738,
              -19.8616215
            ],
            [
              -40.108739,
              -19.8616605
            ],
            [
              -40.1086222,
              -19.8680368
            ],
            [
              -40.1085952,
              -19.8692523
            ],
            [
              -40.1065771,
              -19.8701328
            ],
            [
              -40.1012709,
              -19.8718745
            ],
            [
              -40.098476,
              -19.8734137
            ],
            [
              -40.0977983,
              -19.8741254
            ],
            [
              -40.0972381,
              -19.8744524
            ],
            [
              -40.0966756,
              -19.8746774
            ],
            [
              -40.0958054,
              -19.8750453
            ],
            [
              -40.0947533,
              -19.8752833
            ],
            [
              -40.0938858,
              -19.8753367
            ],
            [
              -40.0935994,
              -19.8753923
            ],
            [
              -40.0933669,
              -19.8753937
            ],
            [
              -40.0929643,
              -19.8754227
            ],
            [
              -40.0927681,
              -19.8754481
            ],
            [
              -40.0923744,
              -19.8754125
            ],
            [
              -40.0922449,
              -19.8754344
            ],
            [
              -40.0920568,
              -19.8753891
            ],
            [
              -40.0918687,
              -19.8753352
            ],
            [
              -40.0917838,
              -19.8753527
            ],
            [
              -40.0916995,
              -19.8754462
            ],
            [
              -40.0916467,
              -19.875565
            ],
            [
              -40.091535,
              -19.8755741
            ],
            [
              -40.0913249,
              -19.8755923
            ],
            [
              -40.0910884,
              -19.8756615
            ],
            [
              -40.0908075,
              -19.8757689
            ],
            [
              -40.0906114,
              -19.8758632
            ],
            [
              -40.0903931,
              -19.8759745
            ],
            [
              -40.0902381,
              -19.8761997
            ],
            [
              -40.0902351,
              -19.8764069
            ],
            [
              -40.0902765,
              -19.8765843
            ],
            [
              -40.0903314,
              -19.8767617
            ],
            [
              -40.0902831,
              -19.8768889
            ],
            [
              -40.0901765,
              -19.8769995
            ],
            [
              -40.089998,
              -19.8770471
            ],
            [
              -40.0898194,
              -19.8770905
            ],
            [
              -40.0896186,
              -19.8770588
            ],
            [
              -40.0894956,
              -19.8771
            ],
            [
              -40.0893253,
              -19.8771986
            ],
            [
              -40.0891623,
              -19.8772758
            ],
            [
              -40.0890247,
              -19.8773789
            ],
            [
              -40.0888064,
              -19.877454
            ],
            [
              -40.0886655,
              -19.8774525
            ],
            [
              -40.0884117,
              -19.8774826
            ],
            [
              -40.0881704,
              -19.8775031
            ],
            [
              -40.0879543,
              -19.877533
            ],
            [
              -40.0878613,
              -19.8775431
            ],
            [
              -40.0877659,
              -19.8775603
            ],
            [
              -40.0877183,
              -19.8775963
            ],
            [
              -40.0875879,
              -19.8776447
            ],
            [
              -40.0874647,
              -19.8776525
            ],
            [
              -40.0873563,
              -19.8776247
            ],
            [
              -40.087233,
              -19.8776111
            ],
            [
              -40.0871602,
              -19.8776354
            ],
            [
              -40.0870951,
              -19.8776786
            ],
            [
              -40.0870399,
              -19.877698
            ],
            [
              -40.0869569,
              -19.8776937
            ],
            [
              -40.0869039,
              -19.8776607
            ],
            [
              -40.0868712,
              -19.8776681
            ],
            [
              -40.0868463,
              -19.8777039
            ],
            [
              -40.0868441,
              -19.877742
            ],
            [
              -40.0868263,
              -19.8777802
            ],
            [
              -40.0867898,
              -19.8777978
            ],
            [
              -40.0867533,
              -19.8778154
            ],
            [
              -40.0867286,
              -19.8778274
            ],
            [
              -40.0869676,
              -19.8781792
            ],
            [
              -40.0870134,
              -19.8782466
            ],
            [
              -40.0874876,
              -19.8789241
            ],
            [
              -40.0882088,
              -19.8800101
            ],
            [
              -40.0885411,
              -19.880502
            ],
            [
              -40.0888256,
              -19.880943
            ],
            [
              -40.0894115,
              -19.8818376
            ],
            [
              -40.0897583,
              -19.8824642
            ],
            [
              -40.0900062,
              -19.883008
            ],
            [
              -40.0901683,
              -19.8834112
            ],
            [
              -40.0902102,
              -19.8835441
            ],
            [
              -40.0902536,
              -19.883565
            ],
            [
              -40.0904173,
              -19.8836439
            ],
            [
              -40.0907681,
              -19.8836575
            ],
            [
              -40.0912682,
              -19.8835281
            ],
            [
              -40.0918176,
              -19.8832719
            ],
            [
              -40.0924419,
              -19.8829837
            ],
            [
              -40.0929151,
              -19.8825859
            ],
            [
              -40.0931794,
              -19.8821577
            ],
            [
              -40.0934772,
              -19.8817451
            ],
            [
              -40.093825,
              -19.8813243
            ],
            [
              -40.0943076,
              -19.8810843
            ],
            [
              -40.0948415,
              -19.88101
            ],
            [
              -40.0952423,
              -19.8810075
            ],
            [
              -40.0957774,
              -19.881099
            ],
            [
              -40.095969,
              -19.8810425
            ],
            [
              -40.0961571,
              -19.8807752
            ],
            [
              -40.0977336,
              -19.8844556
            ],
            [
              -40.0957867,
              -19.8863409
            ],
            [
              -40.0955379,
              -19.8862721
            ],
            [
              -40.0950771,
              -19.886195
            ],
            [
              -40.09478,
              -19.8860235
            ],
            [
              -40.0943045,
              -19.8858665
            ],
            [
              -40.0932747,
              -19.8863882
            ],
            [
              -40.0916917,
              -19.8870555
            ],
            [
              -40.0914911,
              -19.8871372
            ],
            [
              -40.091438,
              -19.8871588
            ],
            [
              -40.0917264,
              -19.887604
            ],
            [
              -40.0920692,
              -19.8881504
            ],
            [
              -40.0925176,
              -19.8887572
            ],
            [
              -40.093075,
              -19.8894338
            ],
            [
              -40.0936595,
              -19.89014
            ],
            [
              -40.0939689,
              -19.8905337
            ],
            [
              -40.0943561,
              -19.8910135
            ],
            [
              -40.094687,
              -19.8914238
            ],
            [
              -40.0950511,
              -19.8918874
            ],
            [
              -40.0954367,
              -19.8923413
            ],
            [
              -40.0958279,
              -19.8928534
            ],
            [
              -40.0963142,
              -19.8934549
            ],
            [
              -40.0966641,
              -19.8938559
            ],
            [
              -40.0970214,
              -19.8943125
            ],
            [
              -40.0973534,
              -19.8947422
            ],
            [
              -40.0975918,
              -19.8950618
            ],
            [
              -40.097794,
              -19.8952889
            ],
            [
              -40.098009,
              -19.8956306
            ],
            [
              -40.0981095,
              -19.8958698
            ],
            [
              -40.0982284,
              -19.8961281
            ],
            [
              -40.098285,
              -19.8962761
            ],
            [
              -40.098334,
              -19.8964748
            ],
            [
              -40.0983722,
              -19.8968313
            ],
            [
              -40.0983801,
              -19.8970262
            ],
            [
              -40.0982196,
              -19.8969927
            ],
            [
              -40.0981318,
              -19.8969826
            ],
            [
              -40.0980284,
              -19.8969487
            ],
            [
              -40.0978875,
              -19.8968952
            ],
            [
              -40.0976191,
              -19.8967823
            ],
            [
              -40.0974487,
              -19.8967323
            ],
            [
              -40.0973297,
              -19.896678
            ],
            [
              -40.0972809,
              -19.8966617
            ],
            [
              -40.0971088,
              -19.8966364
            ],
            [
              -40.0966903,
              -19.8966015
            ]
          ]
        ]
      },
      "id": "relation/1915779"
    },
    {
      "type": "Feature",
      "properties": {
        "@id": "relation/1915781",
        "admin_level": "10",
        "boundary": "administrative",
        "name": "Bela Vista",
        "place": "suburb",
        "source": "IBGE",
        "type": "boundary"
      },
      "geometry": {
        "type": "Polygon",
        "coordinates": [
          [
            [
              -40.278682,
              -19.8320001
            ],
            [
              -40.2785055,
              -19.8320186
            ],
            [
              -40.2782274,
              -19.8320989
            ],
            [
              -40.2779452,
              -19.8321977
            ],
            [
              -40.2776046,
              -19.8323444
            ],
            [
              -40.2774746,
              -19.8324215
            ],
            [
              -40.2774145,
              -19.8325332
            ],
            [
              -40.277377,
              -19.8327498
            ],
            [
              -40.2774219,
              -19.8329184
            ],
            [
              -40.2774947,
              -19.8330333
            ],
            [
              -40.2775392,
              -19.8331504
            ],
            [
              -40.2775402,
              -19.8332843
            ],
            [
              -40.2775025,
              -19.8334679
            ],
            [
              -40.2774061,
              -19.8336664
            ],
            [
              -40.2773093,
              -19.8338749
            ],
            [
              -40.2772374,
              -19.8340577
            ],
            [
              -40.2772017,
              -19.8341882
            ],
            [
              -40.2772304,
              -19.8343269
            ],
            [
              -40.2773329,
              -19.8345345
            ],
            [
              -40.2774917,
              -19.8348806
            ],
            [
              -40.2778445,
              -19.835399
            ],
            [
              -40.278206,
              -19.8358652
            ],
            [
              -40.2786627,
              -19.8362001
            ],
            [
              -40.2782976,
              -19.8363809
            ],
            [
              -40.2786814,
              -19.8367061
            ],
            [
              -40.273212,
              -19.8363141
            ],
            [
              -40.2730636,
              -19.8363035
            ],
            [
              -40.2728183,
              -19.8362877
            ],
            [
              -40.2727255,
              -19.8362821
            ],
            [
              -40.2701263,
              -19.8361257
            ],
            [
              -40.2701299,
              -19.8361801
            ],
            [
              -40.2701306,
              -19.8361904
            ],
            [
              -40.2704347,
              -19.8375871
            ],
            [
              -40.2698462,
              -19.837709
            ],
            [
              -40.2689913,
              -19.83712
            ],
            [
              -40.2675673,
              -19.8361769
            ],
            [
              -40.2670368,
              -19.8368443
            ],
            [
              -40.267502,
              -19.837174
            ],
            [
              -40.26712,
              -19.8376196
            ],
            [
              -40.2669395,
              -19.8378302
            ],
            [
              -40.2667606,
              -19.8376342
            ],
            [
              -40.2667094,
              -19.8375489
            ],
            [
              -40.2666555,
              -19.8373643
            ],
            [
              -40.2666356,
              -19.8372422
            ],
            [
              -40.2665801,
              -19.8371254
            ],
            [
              -40.2665032,
              -19.837061
            ],
            [
              -40.2662966,
              -19.8369948
            ],
            [
              -40.2666076,
              -19.8365531
            ],
            [
              -40.2660655,
              -19.836207
            ],
            [
              -40.2660034,
              -19.8359334
            ],
            [
              -40.2652698,
              -19.8354104
            ],
            [
              -40.2666119,
              -19.8337162
            ],
            [
              -40.2671942,
              -19.8328852
            ],
            [
              -40.2682605,
              -19.8310972
            ],
            [
              -40.2687873,
              -19.8302699
            ],
            [
              -40.269208,
              -19.8296158
            ],
            [
              -40.269625,
              -19.8289641
            ],
            [
              -40.2696564,
              -19.8289184
            ],
            [
              -40.269761,
              -19.8287667
            ],
            [
              -40.2698969,
              -19.8286264
            ],
            [
              -40.2701009,
              -19.8284904
            ],
            [
              -40.2702018,
              -19.8284158
            ],
            [
              -40.2702588,
              -19.8283456
            ],
            [
              -40.2703772,
              -19.8281877
            ],
            [
              -40.2707961,
              -19.8276708
            ],
            [
              -40.2708988,
              -19.8277163
            ],
            [
              -40.2714936,
              -19.827705
            ],
            [
              -40.2715127,
              -19.8277772
            ],
            [
              -40.2722315,
              -19.8277012
            ],
            [
              -40.2723564,
              -19.8268369
            ],
            [
              -40.2727352,
              -19.8270882
            ],
            [
              -40.2734012,
              -19.8272829
            ],
            [
              -40.2737846,
              -19.8273695
            ],
            [
              -40.2743047,
              -19.8274435
            ],
            [
              -40.2747858,
              -19.8274492
            ],
            [
              -40.2750501,
              -19.8273642
            ],
            [
              -40.2752003,
              -19.8273128
            ],
            [
              -40.2753155,
              -19.8273008
            ],
            [
              -40.275419,
              -19.8273238
            ],
            [
              -40.275667,
              -19.827459
            ],
            [
              -40.2758375,
              -19.8274769
            ],
            [
              -40.2759732,
              -19.8275053
            ],
            [
              -40.2757028,
              -19.8275514
            ],
            [
              -40.2755956,
              -19.8275738
            ],
            [
              -40.2753564,
              -19.827666
            ],
            [
              -40.2750699,
              -19.8278205
            ],
            [
              -40.2748431,
              -19.8279576
            ],
            [
              -40.2746338,
              -19.8281295
            ],
            [
              -40.2740258,
              -19.8287275
            ],
            [
              -40.2739238,
              -19.8288282
            ],
            [
              -40.2740572,
              -19.8289946
            ],
            [
              -40.2742169,
              -19.8291595
            ],
            [
              -40.2742119,
              -19.8291814
            ],
            [
              -40.2742051,
              -19.8292104
            ],
            [
              -40.274075,
              -19.8297627
            ],
            [
              -40.2738969,
              -19.8304315
            ],
            [
              -40.2737334,
              -19.8311078
            ],
            [
              -40.2739775,
              -19.8310874
            ],
            [
              -40.2740718,
              -19.8310933
            ],
            [
              -40.2751857,
              -19.8311377
            ],
            [
              -40.2752391,
              -19.8311342
            ],
            [
              -40.2752453,
              -19.8310499
            ],
            [
              -40.275297,
              -19.8310507
            ],
            [
              -40.2753584,
              -19.8310517
            ],
            [
              -40.2768233,
              -19.8310185
            ],
            [
              -40.2768275,
              -19.8312423
            ],
            [
              -40.2771122,
              -19.831244
            ],
            [
              -40.277744,
              -19.8312913
            ],
            [
              -40.2778943,
              -19.8312914
            ],
            [
              -40.2784156,
              -19.8313567
            ],
            [
              -40.2787986,
              -19.8313811
            ],
            [
              -40.2792322,
              -19.8313865
            ],
            [
              -40.279459,
              -19.8313684
            ],
            [
              -40.2794983,
              -19.8314036
            ],
            [
              -40.278682,
              -19.8320001
            ]
          ]
        ]
      },
      "id": "relation/1915781"
    },
    {
      "type": "Feature",
      "properties": {
        "@id": "relation/1915782",
        "admin_level": "10",
        "boundary": "administrative",
        "name": "Centro Empresarial",
        "place": "suburb",
        "source": "IBGE",
        "type": "boundary"
      },
      "geometry": {
        "type": "Polygon",
        "coordinates": [
          [
            [
              -40.2628553,
              -19.8378456
            ],
            [
              -40.2636489,
              -19.8382107
            ],
            [
              -40.2669941,
              -19.8400214
            ],
            [
              -40.2718126,
              -19.8431967
            ],
            [
              -40.2718174,
              -19.8434768
            ],
            [
              -40.2717562,
              -19.8436875
            ],
            [
              -40.27157,
              -19.8441102
            ],
            [
              -40.271542,
              -19.8441739
            ],
            [
              -40.2710864,
              -19.845129
            ],
            [
              -40.2704821,
              -19.8462822
            ],
            [
              -40.2703875,
              -19.8464473
            ],
            [
              -40.270168,
              -19.8467369
            ],
            [
              -40.2696623,
              -19.8473235
            ],
            [
              -40.2688004,
              -19.8482436
            ],
            [
              -40.2677031,
              -19.8473739
            ],
            [
              -40.2675095,
              -19.8471465
            ],
            [
              -40.2675715,
              -19.8469043
            ],
            [
              -40.2676245,
              -19.846688
            ],
            [
              -40.267787,
              -19.8464536
            ],
            [
              -40.267859,
              -19.8463322
            ],
            [
              -40.2679122,
              -19.8461332
            ],
            [
              -40.2679064,
              -19.8459422
            ],
            [
              -40.2678579,
              -19.8458671
            ],
            [
              -40.2677546,
              -19.8456808
            ],
            [
              -40.2676692,
              -19.845483
            ],
            [
              -40.2676253,
              -19.8452452
            ],
            [
              -40.2675401,
              -19.8450701
            ],
            [
              -40.2674305,
              -19.8448555
            ],
            [
              -40.267273,
              -19.8446356
            ],
            [
              -40.2671356,
              -19.8445075
            ],
            [
              -40.2667603,
              -19.8441857
            ],
            [
              -40.2666203,
              -19.8441011
            ],
            [
              -40.2661983,
              -19.8440898
            ],
            [
              -40.2658148,
              -19.8440753
            ],
            [
              -40.2655315,
              -19.8440341
            ],
            [
              -40.2651746,
              -19.8439071
            ],
            [
              -40.2649443,
              -19.8436496
            ],
            [
              -40.2647324,
              -19.843392
            ],
            [
              -40.2645664,
              -19.8431773
            ],
            [
              -40.2642182,
              -19.843007
            ],
            [
              -40.2638526,
              -19.8429492
            ],
            [
              -40.2633863,
              -19.8428402
            ],
            [
              -40.2629289,
              -19.8427139
            ],
            [
              -40.2624529,
              -19.8425359
            ],
            [
              -40.2620409,
              -19.8423833
            ],
            [
              -40.2619472,
              -19.8420731
            ],
            [
              -40.261927,
              -19.8418228
            ],
            [
              -40.2616604,
              -19.8415828
            ],
            [
              -40.2612494,
              -19.8415425
            ],
            [
              -40.2609562,
              -19.8414064
            ],
            [
              -40.2608814,
              -19.8411738
            ],
            [
              -40.2609621,
              -19.8409918
            ],
            [
              -40.2611876,
              -19.840662
            ],
            [
              -40.2613048,
              -19.8404712
            ],
            [
              -40.2614668,
              -19.8401851
            ],
            [
              -40.2614371,
              -19.8398916
            ],
            [
              -40.2617641,
              -19.8396907
            ],
            [
              -40.2621093,
              -19.8394809
            ],
            [
              -40.2624975,
              -19.839184
            ],
            [
              -40.2626927,
              -19.8388654
            ],
            [
              -40.2628553,
              -19.8378456
            ]
          ]
        ]
      },
      "id": "relation/1915782"
    },
    {
      "type": "Feature",
      "properties": {
        "@id": "relation/1915783",
        "admin_level": "10",
        "boundary": "administrative",
        "name": "Centro",
        "place": "suburb",
        "source": "IBGE",
        "type": "boundary"
      },
      "geometry": {
        "type": "Polygon",
        "coordinates": [
          [
            [
              -40.266838,
              -19.8241752
            ],
            [
              -40.2671408,
              -19.8241304
            ],
            [
              -40.2689269,
              -19.823554
            ],
            [
              -40.2712404,
              -19.8227947
            ],
            [
              -40.2700712,
              -19.8204635
            ],
            [
              -40.2712198,
              -19.8199122
            ],
            [
              -40.2729287,
              -19.8190698
            ],
            [
              -40.2735489,
              -19.8187176
            ],
            [
              -40.2736966,
              -19.8187876
            ],
            [
              -40.2742612,
              -19.8193752
            ],
            [
              -40.2747654,
              -19.8190502
            ],
            [
              -40.2760142,
              -19.820253
            ],
            [
              -40.2766949,
              -19.8199203
            ],
            [
              -40.2771325,
              -19.8209285
            ],
            [
              -40.2773653,
              -19.8216502
            ],
            [
              -40.277492,
              -19.821956
            ],
            [
              -40.2775877,
              -19.8221871
            ],
            [
              -40.2776121,
              -19.8222462
            ],
            [
              -40.2776366,
              -19.8223053
            ],
            [
              -40.2777185,
              -19.8225279
            ],
            [
              -40.2777748,
              -19.8227506
            ],
            [
              -40.2777927,
              -19.822812
            ],
            [
              -40.2778209,
              -19.8231319
            ],
            [
              -40.2777569,
              -19.823526
            ],
            [
              -40.2777057,
              -19.8237895
            ],
            [
              -40.278801,
              -19.8252021
            ],
            [
              -40.278737,
              -19.8253966
            ],
            [
              -40.2786705,
              -19.8256653
            ],
            [
              -40.2786577,
              -19.825737
            ],
            [
              -40.2785831,
              -19.8258331
            ],
            [
              -40.2783838,
              -19.8260901
            ],
            [
              -40.2781331,
              -19.8263051
            ],
            [
              -40.2780537,
              -19.8263716
            ],
            [
              -40.2777031,
              -19.8267862
            ],
            [
              -40.2774626,
              -19.826996
            ],
            [
              -40.2771429,
              -19.8272184
            ],
            [
              -40.2770436,
              -19.8272753
            ],
            [
              -40.2767614,
              -19.8273466
            ],
            [
              -40.2764339,
              -19.8274362
            ],
            [
              -40.2759732,
              -19.8275053
            ],
            [
              -40.2758375,
              -19.8274769
            ],
            [
              -40.275667,
              -19.827459
            ],
            [
              -40.275419,
              -19.8273238
            ],
            [
              -40.2753155,
              -19.8273008
            ],
            [
              -40.2752003,
              -19.8273128
            ],
            [
              -40.2750501,
              -19.8273642
            ],
            [
              -40.2747858,
              -19.8274492
            ],
            [
              -40.2743047,
              -19.8274435
            ],
            [
              -40.2737846,
              -19.8273695
            ],
            [
              -40.2734012,
              -19.8272829
            ],
            [
              -40.2727352,
              -19.8270882
            ],
            [
              -40.2723564,
              -19.8268369
            ],
            [
              -40.2710294,
              -19.8261846
            ],
            [
              -40.2693955,
              -19.8253952
            ],
            [
              -40.2687132,
              -19.8249783
            ],
            [
              -40.2674618,
              -19.8244041
            ],
            [
              -40.266838,
              -19.8241752
            ]
          ]
        ]
      },
      "id": "relation/1915783"
    },
    {
      "type": "Feature",
      "properties": {
        "@id": "relation/1915784",
        "admin_level": "10",
        "boundary": "administrative",
        "name": "Coqueiral",
        "place": "suburb",
        "source": "IBGE",
        "type": "boundary"
      },
      "geometry": {
        "type": "Polygon",
        "coordinates": [
          [
            [
              -40.1551661,
              -19.9251195
            ],
            [
              -40.1539135,
              -19.92634
            ],
            [
              -40.1532993,
              -19.9269351
            ],
            [
              -40.1512517,
              -19.9288526
            ],
            [
              -40.1513182,
              -19.9289259
            ],
            [
              -40.1515372,
              -19.9290991
            ],
            [
              -40.1515928,
              -19.9291267
            ],
            [
              -40.1516506,
              -19.9291334
            ],
            [
              -40.1517792,
              -19.9291225
            ],
            [
              -40.1522084,
              -19.929029
            ],
            [
              -40.1527828,
              -19.9287774
            ],
            [
              -40.1530747,
              -19.9286109
            ],
            [
              -40.1533062,
              -19.9285264
            ],
            [
              -40.153705,
              -19.9284467
            ],
            [
              -40.1539439,
              -19.9284334
            ],
            [
              -40.154418,
              -19.9282294
            ],
            [
              -40.1547227,
              -19.9280787
            ],
            [
              -40.1550202,
              -19.9278426
            ],
            [
              -40.1554645,
              -19.9274415
            ],
            [
              -40.1561047,
              -19.9279736
            ],
            [
              -40.1559419,
              -19.9287388
            ],
            [
              -40.1555977,
              -19.9296094
            ],
            [
              -40.1553261,
              -19.9300764
            ],
            [
              -40.1553697,
              -19.9305121
            ],
            [
              -40.1550003,
              -19.9320164
            ],
            [
              -40.1534321,
              -19.9323175
            ],
            [
              -40.1528234,
              -19.932434
            ],
            [
              -40.150832,
              -19.9327809
            ],
            [
              -40.1499427,
              -19.9329396
            ],
            [
              -40.1493635,
              -19.9330481
            ],
            [
              -40.1492365,
              -19.9330707
            ],
            [
              -40.1489532,
              -19.9331221
            ],
            [
              -40.1492206,
              -19.933521
            ],
            [
              -40.1495638,
              -19.9341077
            ],
            [
              -40.1496337,
              -19.934227
            ],
            [
              -40.1497315,
              -19.9343921
            ],
            [
              -40.1494583,
              -19.9346687
            ],
            [
              -40.1492721,
              -19.9348482
            ],
            [
              -40.1490454,
              -19.9349267
            ],
            [
              -40.1484186,
              -19.9349796
            ],
            [
              -40.1473247,
              -19.9333794
            ],
            [
              -40.1466752,
              -19.9336834
            ],
            [
              -40.1462513,
              -19.9339163
            ],
            [
              -40.1460202,
              -19.9340433
            ],
            [
              -40.1457418,
              -19.934669
            ],
            [
              -40.1455324,
              -19.9351397
            ],
            [
              -40.1429644,
              -19.9409118
            ],
            [
              -40.1427325,
              -19.9418801
            ],
            [
              -40.142794,
              -19.942173
            ],
            [
              -40.1429502,
              -19.9429177
            ],
            [
              -40.1430767,
              -19.9432422
            ],
            [
              -40.1434682,
              -19.9434918
            ],
            [
              -40.1458547,
              -19.9444344
            ],
            [
              -40.146383,
              -19.9445275
            ],
            [
              -40.1475688,
              -19.9444614
            ],
            [
              -40.1503755,
              -19.9442723
            ],
            [
              -40.1503737,
              -19.9443406
            ],
            [
              -40.1503133,
              -19.9444886
            ],
            [
              -40.1503184,
              -19.9446411
            ],
            [
              -40.149833,
              -19.9455432
            ],
            [
              -40.1497032,
              -19.945741
            ],
            [
              -40.149671,
              -19.9457899
            ],
            [
              -40.1496493,
              -19.9458231
            ],
            [
              -40.1495846,
              -19.9459217
            ],
            [
              -40.1490802,
              -19.9466504
            ],
            [
              -40.1488575,
              -19.9465395
            ],
            [
              -40.1486725,
              -19.9463983
            ],
            [
              -40.148356,
              -19.9462193
            ],
            [
              -40.1482648,
              -19.946131
            ],
            [
              -40.1481307,
              -19.9460403
            ],
            [
              -40.1479241,
              -19.9459671
            ],
            [
              -40.1477015,
              -19.9459445
            ],
            [
              -40.147503,
              -19.9459419
            ],
            [
              -40.1474011,
              -19.9459218
            ],
            [
              -40.1473501,
              -19.9458915
            ],
            [
              -40.1471892,
              -19.9457528
            ],
            [
              -40.1470578,
              -19.945599
            ],
            [
              -40.1469505,
              -19.9454604
            ],
            [
              -40.1468566,
              -19.9453696
            ],
            [
              -40.146744,
              -19.945294
            ],
            [
              -40.1466286,
              -19.945236
            ],
            [
              -40.1465079,
              -19.9451603
            ],
            [
              -40.1463953,
              -19.9450317
            ],
            [
              -40.146296,
              -19.9449637
            ],
            [
              -40.1462075,
              -19.9449586
            ],
            [
              -40.1460841,
              -19.9449712
            ],
            [
              -40.145942,
              -19.945009
            ],
            [
              -40.145832,
              -19.9450494
            ],
            [
              -40.1457354,
              -19.9450317
            ],
            [
              -40.1456738,
              -19.9449763
            ],
            [
              -40.1456362,
              -19.9449258
            ],
            [
              -40.1455584,
              -19.9448578
            ],
            [
              -40.1453975,
              -19.9447922
            ],
            [
              -40.1452285,
              -19.9447897
            ],
            [
              -40.1450729,
              -19.9447771
            ],
            [
              -40.1449576,
              -19.9447443
            ],
            [
              -40.1448396,
              -19.9446888
            ],
            [
              -40.1447216,
              -19.9446561
            ],
            [
              -40.1445955,
              -19.944646
            ],
            [
              -40.144448,
              -19.9446157
            ],
            [
              -40.1442495,
              -19.9445829
            ],
            [
              -40.1440805,
              -19.9445628
            ],
            [
              -40.1439706,
              -19.9445325
            ],
            [
              -40.1438713,
              -19.9444619
            ],
            [
              -40.1437721,
              -19.9443762
            ],
            [
              -40.1436862,
              -19.9442905
            ],
            [
              -40.1435602,
              -19.9441997
            ],
            [
              -40.1434395,
              -19.9441568
            ],
            [
              -40.1432893,
              -19.944114
            ],
            [
              -40.1430962,
              -19.9440913
            ],
            [
              -40.1429996,
              -19.9440862
            ],
            [
              -40.1428387,
              -19.9440787
            ],
            [
              -40.1427448,
              -19.9440585
            ],
            [
              -40.142675,
              -19.943998
            ],
            [
              -40.1426107,
              -19.9438997
            ],
            [
              -40.1425463,
              -19.9437938
            ],
            [
              -40.1424658,
              -19.9436853
            ],
            [
              -40.1423559,
              -19.9436173
            ],
            [
              -40.1422459,
              -19.9435769
            ],
            [
              -40.1421547,
              -19.9434836
            ],
            [
              -40.1420876,
              -19.9433727
            ],
            [
              -40.1420233,
              -19.9431735
            ],
            [
              -40.141983,
              -19.9430474
            ],
            [
              -40.1419428,
              -19.9429163
            ],
            [
              -40.1418892,
              -19.9428129
            ],
            [
              -40.1417631,
              -19.9426768
            ],
            [
              -40.1416263,
              -19.9425356
            ],
            [
              -40.1414412,
              -19.9423742
            ],
            [
              -40.1412857,
              -19.9422154
            ],
            [
              -40.1410845,
              -19.9420666
            ],
            [
              -40.1409226,
              -19.941955
            ],
            [
              -40.1408136,
              -19.94188
            ],
            [
              -40.1406473,
              -19.9417666
            ],
            [
              -40.1404998,
              -19.9416531
            ],
            [
              -40.1403415,
              -19.9415018
            ],
            [
              -40.1400706,
              -19.9412623
            ],
            [
              -40.1398158,
              -19.9410656
            ],
            [
              -40.1397327,
              -19.94099
            ],
            [
              -40.1396321,
              -19.9409408
            ],
            [
              -40.1395275,
              -19.9409244
            ],
            [
              -40.1394081,
              -19.940956
            ],
            [
              -40.1393397,
              -19.9410392
            ],
            [
              -40.1392418,
              -19.941111
            ],
            [
              -40.1391292,
              -19.9411539
            ],
            [
              -40.1389843,
              -19.9411892
            ],
            [
              -40.1388449,
              -19.9412068
            ],
            [
              -40.1386973,
              -19.9412724
            ],
            [
              -40.1385391,
              -19.9413228
            ],
            [
              -40.1383165,
              -19.9414489
            ],
            [
              -40.1381341,
              -19.9415018
            ],
            [
              -40.1380053,
              -19.941527
            ],
            [
              -40.1379034,
              -19.9415346
            ],
            [
              -40.1378068,
              -19.9415674
            ],
            [
              -40.1377183,
              -19.9416027
            ],
            [
              -40.1376271,
              -19.9416002
            ],
            [
              -40.1375574,
              -19.9415598
            ],
            [
              -40.1374394,
              -19.9415018
            ],
            [
              -40.1372623,
              -19.941464
            ],
            [
              -40.1371336,
              -19.9414691
            ],
            [
              -40.1369405,
              -19.9414867
            ],
            [
              -40.1367286,
              -19.9415018
            ],
            [
              -40.1365864,
              -19.9414817
            ],
            [
              -40.1364791,
              -19.9414842
            ],
            [
              -40.1363799,
              -19.941527
            ],
            [
              -40.1362968,
              -19.9415573
            ],
            [
              -40.13616,
              -19.9415497
            ],
            [
              -40.1360768,
              -19.9415447
            ],
            [
              -40.1360285,
              -19.9415018
            ],
            [
              -40.1359507,
              -19.9414211
            ],
            [
              -40.1358381,
              -19.9413253
            ],
            [
              -40.1357174,
              -19.941232
            ],
            [
              -40.1356021,
              -19.9411261
            ],
            [
              -40.135527,
              -19.9410329
            ],
            [
              -40.1354304,
              -19.9408891
            ],
            [
              -40.1353526,
              -19.9408059
            ],
            [
              -40.1352266,
              -19.9407051
            ],
            [
              -40.1351166,
              -19.9406496
            ],
            [
              -40.1350254,
              -19.9405815
            ],
            [
              -40.1349744,
              -19.9404908
            ],
            [
              -40.1348779,
              -19.9404126
            ],
            [
              -40.1347894,
              -19.9403294
            ],
            [
              -40.1347008,
              -19.9401756
            ],
            [
              -40.1345935,
              -19.939994
            ],
            [
              -40.1344916,
              -19.9398024
            ],
            [
              -40.134438,
              -19.9396385
            ],
            [
              -40.1343066,
              -19.9394746
            ],
            [
              -40.1342234,
              -19.9393637
            ],
            [
              -40.1340494,
              -19.9392298
            ],
            [
              -40.1339874,
              -19.9391821
            ],
            [
              -40.1339042,
              -19.9390838
            ],
            [
              -40.1338103,
              -19.9389426
            ],
            [
              -40.1337433,
              -19.9387409
            ],
            [
              -40.1335368,
              -19.9381912
            ],
            [
              -40.1334402,
              -19.93805
            ],
            [
              -40.1332954,
              -19.9378861
            ],
            [
              -40.1330298,
              -19.9376491
            ],
            [
              -40.1328823,
              -19.9374827
            ],
            [
              -40.1327804,
              -19.9373011
            ],
            [
              -40.132708,
              -19.937049
            ],
            [
              -40.1326355,
              -19.9368548
            ],
            [
              -40.1325443,
              -19.9367162
            ],
            [
              -40.132378,
              -19.9365195
            ],
            [
              -40.132201,
              -19.9363304
            ],
            [
              -40.1320186,
              -19.9361841
            ],
            [
              -40.1313695,
              -19.9357353
            ],
            [
              -40.1312193,
              -19.9356118
            ],
            [
              -40.1309887,
              -19.9354252
            ],
            [
              -40.1307392,
              -19.9352285
            ],
            [
              -40.1306373,
              -19.9351453
            ],
            [
              -40.1305059,
              -19.93511
            ],
            [
              -40.1303878,
              -19.9350797
            ],
            [
              -40.1302537,
              -19.9350394
            ],
            [
              -40.1301491,
              -19.934999
            ],
            [
              -40.1300177,
              -19.9349057
            ],
            [
              -40.1298702,
              -19.9348175
            ],
            [
              -40.1296771,
              -19.9346687
            ],
            [
              -40.1294705,
              -19.9345099
            ],
            [
              -40.1292855,
              -19.9343636
            ],
            [
              -40.1290977,
              -19.9342375
            ],
            [
              -40.1288644,
              -19.9341518
            ],
            [
              -40.1287678,
              -19.9340989
            ],
            [
              -40.1286766,
              -19.9340812
            ],
            [
              -40.1285934,
              -19.9341165
            ],
            [
              -40.1284647,
              -19.934172
            ],
            [
              -40.1283333,
              -19.9342375
            ],
            [
              -40.1282421,
              -19.9342653
            ],
            [
              -40.1281509,
              -19.9342502
            ],
            [
              -40.1280597,
              -19.9342149
            ],
            [
              -40.1279991,
              -19.9341975
            ],
            [
              -40.1279631,
              -19.9341871
            ],
            [
              -40.1278773,
              -19.9342426
            ],
            [
              -40.1278585,
              -19.9343359
            ],
            [
              -40.1278344,
              -19.9344443
            ],
            [
              -40.1278129,
              -19.9345073
            ],
            [
              -40.1277056,
              -19.934578
            ],
            [
              -40.1275876,
              -19.9346233
            ],
            [
              -40.1274535,
              -19.9347091
            ],
            [
              -40.1273945,
              -19.9348276
            ],
            [
              -40.1273033,
              -19.9349562
            ],
            [
              -40.1271585,
              -19.9351907
            ],
            [
              -40.1270539,
              -19.9352663
            ],
            [
              -40.1284452,
              -19.9332087
            ],
            [
              -40.1284457,
              -19.9332238
            ],
            [
              -40.1285859,
              -19.9331005
            ],
            [
              -40.1287491,
              -19.9327735
            ],
            [
              -40.1288434,
              -19.932642
            ],
            [
              -40.1288555,
              -19.9325791
            ],
            [
              -40.1288463,
              -19.9324061
            ],
            [
              -40.128825,
              -19.9322904
            ],
            [
              -40.128774,
              -19.9321321
            ],
            [
              -40.1288165,
              -19.9320417
            ],
            [
              -40.1288883,
              -19.9319447
            ],
            [
              -40.1289914,
              -19.9317618
            ],
            [
              -40.1291071,
              -19.9317782
            ],
            [
              -40.1292132,
              -19.9317025
            ],
            [
              -40.12929,
              -19.9316634
            ],
            [
              -40.1294296,
              -19.931521
            ],
            [
              -40.1294195,
              -19.931373
            ],
            [
              -40.1293825,
              -19.9312789
            ],
            [
              -40.1294383,
              -19.9311499
            ],
            [
              -40.1295093,
              -19.9309307
            ],
            [
              -40.1294589,
              -19.9308624
            ],
            [
              -40.1370218,
              -19.9260199
            ],
            [
              -40.1376764,
              -19.9256467
            ],
            [
              -40.1378334,
              -19.9256284
            ],
            [
              -40.1380168,
              -19.9256396
            ],
            [
              -40.1382387,
              -19.9256791
            ],
            [
              -40.138444,
              -19.9257489
            ],
            [
              -40.1385863,
              -19.9258412
            ],
            [
              -40.1387064,
              -19.9259709
            ],
            [
              -40.1388167,
              -19.9260721
            ],
            [
              -40.138871,
              -19.9262307
            ],
            [
              -40.1389162,
              -19.9263625
            ],
            [
              -40.1389087,
              -19.9265779
            ],
            [
              -40.1388562,
              -19.9266732
            ],
            [
              -40.1388343,
              -19.9267131
            ],
            [
              -40.1387537,
              -19.9268594
            ],
            [
              -40.1385269,
              -19.9271432
            ],
            [
              -40.1383426,
              -19.9273712
            ],
            [
              -40.1382579,
              -19.9274586
            ],
            [
              -40.1381248,
              -19.9276044
            ],
            [
              -40.1380007,
              -19.9277609
            ],
            [
              -40.13787,
              -19.9279214
            ],
            [
              -40.1377806,
              -19.9280379
            ],
            [
              -40.1377554,
              -19.9280707
            ],
            [
              -40.1376209,
              -19.9282367
            ],
            [
              -40.1375155,
              -19.9284082
            ],
            [
              -40.1374303,
              -19.9285867
            ],
            [
              -40.1374165,
              -19.928623
            ],
            [
              -40.1373667,
              -19.9288096
            ],
            [
              -40.137372,
              -19.9288932
            ],
            [
              -40.1374039,
              -19.9290532
            ],
            [
              -40.137607,
              -19.9293286
            ],
            [
              -40.1377268,
              -19.9294546
            ],
            [
              -40.1377672,
              -19.9294949
            ],
            [
              -40.1378469,
              -19.9295565
            ],
            [
              -40.1380818,
              -19.9297383
            ],
            [
              -40.1384276,
              -19.9299359
            ],
            [
              -40.1386637,
              -19.9301194
            ],
            [
              -40.1390171,
              -19.93028
            ],
            [
              -40.1390622,
              -19.9303312
            ],
            [
              -40.1392219,
              -19.9304637
            ],
            [
              -40.1393871,
              -19.9305885
            ],
            [
              -40.1396075,
              -19.9307573
            ],
            [
              -40.1397725,
              -19.9308525
            ],
            [
              -40.1398979,
              -19.9308739
            ],
            [
              -40.140023,
              -19.9308509
            ],
            [
              -40.1400766,
              -19.9306951
            ],
            [
              -40.1400036,
              -19.9305413
            ],
            [
              -40.1398628,
              -19.93046
            ],
            [
              -40.139677,
              -19.9303446
            ],
            [
              -40.139763,
              -19.9302168
            ],
            [
              -40.1393995,
              -19.9299514
            ],
            [
              -40.1392417,
              -19.9298437
            ],
            [
              -40.1390781,
              -19.9297016
            ],
            [
              -40.1389092,
              -19.9296019
            ],
            [
              -40.1387059,
              -19.9294478
            ],
            [
              -40.138541,
              -19.9293748
            ],
            [
              -40.1384619,
              -19.9292569
            ],
            [
              -40.138355,
              -19.9290695
            ],
            [
              -40.1382904,
              -19.9289717
            ],
            [
              -40.1382402,
              -19.9288957
            ],
            [
              -40.1381454,
              -19.9287778
            ],
            [
              -40.1380819,
              -19.9286524
            ],
            [
              -40.1380809,
              -19.9285192
            ],
            [
              -40.1381661,
              -19.9283854
            ],
            [
              -40.1384538,
              -19.9281245
            ],
            [
              -40.1387962,
              -19.9278559
            ],
            [
              -40.1390767,
              -19.9276764
            ],
            [
              -40.1393643,
              -19.9274081
            ],
            [
              -40.1395679,
              -19.9271986
            ],
            [
              -40.1396613,
              -19.9272469
            ],
            [
              -40.1396621,
              -19.9273642
            ],
            [
              -40.1395909,
              -19.9275309
            ],
            [
              -40.1395916,
              -19.9276286
            ],
            [
              -40.1396956,
              -19.9276881
            ],
            [
              -40.1397908,
              -19.9277535
            ],
            [
              -40.1398609,
              -19.9278048
            ],
            [
              -40.1399165,
              -19.9279129
            ],
            [
              -40.1399422,
              -19.9280164
            ],
            [
              -40.1399897,
              -19.9281255
            ],
            [
              -40.1400918,
              -19.928173
            ],
            [
              -40.1401745,
              -19.9281724
            ],
            [
              -40.1403601,
              -19.9281126
            ],
            [
              -40.1405767,
              -19.9280427
            ],
            [
              -40.1407729,
              -19.9280122
            ],
            [
              -40.1408756,
              -19.9279137
            ],
            [
              -40.1408647,
              -19.9278258
            ],
            [
              -40.1406981,
              -19.9276607
            ],
            [
              -40.1406349,
              -19.9275046
            ],
            [
              -40.1406337,
              -19.9273384
            ],
            [
              -40.1405285,
              -19.9270849
            ],
            [
              -40.1404351,
              -19.9270366
            ],
            [
              -40.1403626,
              -19.9270175
            ],
            [
              -40.1402999,
              -19.9269201
            ],
            [
              -40.140205,
              -19.9266665
            ],
            [
              -40.1401721,
              -19.926393
            ],
            [
              -40.1401395,
              -19.9261781
            ],
            [
              -40.1400553,
              -19.9259733
            ],
            [
              -40.1399828,
              -19.9259542
            ],
            [
              -40.1398484,
              -19.9259453
            ],
            [
              -40.1397124,
              -19.9257311
            ],
            [
              -40.1395972,
              -19.9255167
            ],
            [
              -40.1394929,
              -19.9253903
            ],
            [
              -40.1393574,
              -19.9252347
            ],
            [
              -40.139212,
              -19.9251477
            ],
            [
              -40.1390667,
              -19.9250704
            ],
            [
              -40.1389313,
              -19.9249246
            ],
            [
              -40.1389097,
              -19.9247878
            ],
            [
              -40.1389087,
              -19.924651
            ],
            [
              -40.1389392,
              -19.9245823
            ],
            [
              -40.1389905,
              -19.9245233
            ],
            [
              -40.1391351,
              -19.9245126
            ],
            [
              -40.1392798,
              -19.9245117
            ],
            [
              -40.1395383,
              -19.92451
            ],
            [
              -40.1397766,
              -19.9245867
            ],
            [
              -40.1399721,
              -19.9247419
            ],
            [
              -40.1402939,
              -19.9249256
            ],
            [
              -40.1406055,
              -19.9251387
            ],
            [
              -40.1410924,
              -19.9252725
            ],
            [
              -40.1415053,
              -19.9251916
            ],
            [
              -40.1418973,
              -19.925062
            ],
            [
              -40.1421701,
              -19.9250213
            ],
            [
              -40.1424871,
              -19.9250193
            ],
            [
              -40.1427515,
              -19.9250575
            ],
            [
              -40.1429848,
              -19.925176
            ],
            [
              -40.1431028,
              -19.9254151
            ],
            [
              -40.1431262,
              -19.9257347
            ],
            [
              -40.1431284,
              -19.9260445
            ],
            [
              -40.143078,
              -19.9263846
            ],
            [
              -40.1430814,
              -19.9268543
            ],
            [
              -40.1430087,
              -19.9270347
            ],
            [
              -40.1430099,
              -19.9271946
            ],
            [
              -40.1430213,
              -19.9273144
            ],
            [
              -40.1430534,
              -19.9273642
            ],
            [
              -40.1431802,
              -19.9273634
            ],
            [
              -40.1434048,
              -19.9274414
            ],
            [
              -40.1436646,
              -19.9274395
            ],
            [
              -40.1438746,
              -19.9274176
            ],
            [
              -40.1439621,
              -19.9273483
            ],
            [
              -40.1439719,
              -19.9272483
            ],
            [
              -40.1439705,
              -19.9270584
            ],
            [
              -40.1439584,
              -19.9268387
            ],
            [
              -40.1439562,
              -19.9265289
            ],
            [
              -40.1439956,
              -19.9261289
            ],
            [
              -40.143993,
              -19.9257791
            ],
            [
              -40.1440223,
              -19.9254391
            ],
            [
              -40.1441151,
              -19.9251187
            ],
            [
              -40.1441871,
              -19.9248384
            ],
            [
              -40.1442989,
              -19.9242211
            ],
            [
              -40.1443081,
              -19.9240411
            ],
            [
              -40.1444869,
              -19.9239201
            ],
            [
              -40.1445911,
              -19.9237195
            ],
            [
              -40.1447589,
              -19.9235386
            ],
            [
              -40.1449379,
              -19.9234574
            ],
            [
              -40.1450653,
              -19.9235366
            ],
            [
              -40.1450768,
              -19.9236664
            ],
            [
              -40.1450993,
              -19.9238562
            ],
            [
              -40.1451322,
              -19.9240158
            ],
            [
              -40.1451758,
              -19.9242054
            ],
            [
              -40.145188,
              -19.9244252
            ],
            [
              -40.1452648,
              -19.9248245
            ],
            [
              -40.1453405,
              -19.9250639
            ],
            [
              -40.1455317,
              -19.9252025
            ],
            [
              -40.1457222,
              -19.9252513
            ],
            [
              -40.1459344,
              -19.9253698
            ],
            [
              -40.1461148,
              -19.9254686
            ],
            [
              -40.1462531,
              -19.9255976
            ],
            [
              -40.1463706,
              -19.9257768
            ],
            [
              -40.1464246,
              -19.9259363
            ],
            [
              -40.1464363,
              -19.9260861
            ],
            [
              -40.1464373,
              -19.926236
            ],
            [
              -40.1465221,
              -19.9262655
            ],
            [
              -40.1466066,
              -19.9262649
            ],
            [
              -40.1466904,
              -19.9261645
            ],
            [
              -40.146742,
              -19.9259942
            ],
            [
              -40.1468568,
              -19.9257936
            ],
            [
              -40.1469928,
              -19.9256028
            ],
            [
              -40.147203,
              -19.9254416
            ],
            [
              -40.1473926,
              -19.9253504
            ],
            [
              -40.1475259,
              -19.9251668
            ],
            [
              -40.1475385,
              -19.9250726
            ],
            [
              -40.1474743,
              -19.9249631
            ],
            [
              -40.1472728,
              -19.9248645
            ],
            [
              -40.147072,
              -19.9248558
            ],
            [
              -40.1468174,
              -19.9247175
            ],
            [
              -40.1466359,
              -19.9244689
            ],
            [
              -40.1464862,
              -19.92422
            ],
            [
              -40.1463992,
              -19.9238808
            ],
            [
              -40.1464181,
              -19.9235708
            ],
            [
              -40.1464483,
              -19.9233508
            ],
            [
              -40.1465109,
              -19.9232504
            ],
            [
              -40.1467536,
              -19.9231989
            ],
            [
              -40.1470178,
              -19.9231972
            ],
            [
              -40.1473559,
              -19.923195
            ],
            [
              -40.1480754,
              -19.9233303
            ],
            [
              -40.1484558,
              -19.9233278
            ],
            [
              -40.1488045,
              -19.9233255
            ],
            [
              -40.1490889,
              -19.9231035
            ],
            [
              -40.149104,
              -19.9231228
            ],
            [
              -40.1491839,
              -19.9232093
            ],
            [
              -40.1492515,
              -19.9232648
            ],
            [
              -40.1493203,
              -19.923311
            ],
            [
              -40.1493889,
              -19.9233497
            ],
            [
              -40.1494564,
              -19.9233825
            ],
            [
              -40.1495895,
              -19.9234369
            ],
            [
              -40.1497112,
              -19.9234791
            ],
            [
              -40.1498206,
              -19.9235133
            ],
            [
              -40.14993,
              -19.9235476
            ],
            [
              -40.1500936,
              -19.9236007
            ],
            [
              -40.1502132,
              -19.9236447
            ],
            [
              -40.1502998,
              -19.9236816
            ],
            [
              -40.1503626,
              -19.9237121
            ],
            [
              -40.1504524,
              -19.9237632
            ],
            [
              -40.150536,
              -19.923822
            ],
            [
              -40.1510559,
              -19.9242302
            ],
            [
              -40.1516362,
              -19.9247525
            ],
            [
              -40.1516631,
              -19.9247249
            ],
            [
              -40.1532201,
              -19.9238032
            ],
            [
              -40.1532779,
              -19.923774
            ],
            [
              -40.1533397,
              -19.923753
            ],
            [
              -40.153404,
              -19.9237408
            ],
            [
              -40.1534696,
              -19.9237377
            ],
            [
              -40.1535292,
              -19.9237427
            ],
            [
              -40.1535875,
              -19.9237553
            ],
            [
              -40.1536435,
              -19.923775
            ],
            [
              -40.1536961,
              -19.9238017
            ],
            [
              -40.1537445,
              -19.9238347
            ],
            [
              -40.1551661,
              -19.9251195
            ]
          ]
        ]
      },
      "id": "relation/1915784"
    },
    {
      "type": "Feature",
      "properties": {
        "@id": "relation/1915785",
        "admin_level": "10",
        "boundary": "administrative",
        "name": "Cupido",
        "place": "suburb",
        "source": "IBGE",
        "type": "boundary"
      },
      "geometry": {
        "type": "Polygon",
        "coordinates": [
          [
            [
              -40.2760007,
              -19.7949133
            ],
            [
              -40.2758939,
              -19.7950145
            ],
            [
              -40.2757599,
              -19.795108
            ],
            [
              -40.2756326,
              -19.795253
            ],
            [
              -40.2754488,
              -19.7955075
            ],
            [
              -40.2751801,
              -19.7959989
            ],
            [
              -40.2750316,
              -19.79631
            ],
            [
              -40.2750199,
              -19.7963435
            ],
            [
              -40.2749857,
              -19.7964408
            ],
            [
              -40.2749079,
              -19.7966777
            ],
            [
              -40.2748123,
              -19.7971301
            ],
            [
              -40.2699229,
              -19.7986048
            ],
            [
              -40.2689918,
              -19.7988856
            ],
            [
              -40.2685955,
              -19.7981629
            ],
            [
              -40.2670016,
              -19.7965781
            ],
            [
              -40.2669266,
              -19.7964343
            ],
            [
              -40.2658647,
              -19.7943993
            ],
            [
              -40.2665781,
              -19.7940123
            ],
            [
              -40.2666824,
              -19.7939557
            ],
            [
              -40.2661712,
              -19.7935036
            ],
            [
              -40.2658587,
              -19.7931988
            ],
            [
              -40.2654346,
              -19.7926287
            ],
            [
              -40.2652887,
              -19.7923655
            ],
            [
              -40.2652641,
              -19.7922008
            ],
            [
              -40.2652509,
              -19.7918088
            ],
            [
              -40.2652452,
              -19.7916118
            ],
            [
              -40.2652628,
              -19.7914375
            ],
            [
              -40.2653146,
              -19.7910412
            ],
            [
              -40.2653582,
              -19.7908175
            ],
            [
              -40.2653977,
              -19.7906584
            ],
            [
              -40.2654598,
              -19.7904776
            ],
            [
              -40.2655356,
              -19.7903087
            ],
            [
              -40.2656028,
              -19.7901923
            ],
            [
              -40.2656654,
              -19.7900844
            ],
            [
              -40.2657371,
              -19.7899723
            ],
            [
              -40.2658177,
              -19.7898343
            ],
            [
              -40.2659117,
              -19.7896747
            ],
            [
              -40.2660193,
              -19.7895056
            ],
            [
              -40.2662031,
              -19.7892295
            ],
            [
              -40.2666552,
              -19.7883061
            ],
            [
              -40.2666829,
              -19.7878001
            ],
            [
              -40.2666604,
              -19.7872473
            ],
            [
              -40.2665665,
              -19.7868279
            ],
            [
              -40.2667838,
              -19.7869291
            ],
            [
              -40.2703787,
              -19.7887537
            ],
            [
              -40.2730276,
              -19.7908357
            ],
            [
              -40.2735417,
              -19.7912398
            ],
            [
              -40.2741055,
              -19.7916829
            ],
            [
              -40.2751996,
              -19.7925429
            ],
            [
              -40.27522,
              -19.7926106
            ],
            [
              -40.2753247,
              -19.792958
            ],
            [
              -40.275389,
              -19.793144
            ],
            [
              -40.2755918,
              -19.7937302
            ],
            [
              -40.2759795,
              -19.7948511
            ],
            [
              -40.2760007,
              -19.7949133
            ]
          ]
        ]
      },
      "id": "relation/1915785"
    },
    {
      "type": "Feature",
      "properties": {
        "@id": "relation/1915786",
        "admin_level": "10",
        "boundary": "administrative",
        "name": "De Carli",
        "place": "suburb",
        "source": "IBGE",
        "type": "boundary"
      },
      "geometry": {
        "type": "Polygon",
        "coordinates": [
          [
            [
              -40.2805035,
              -19.8245744
            ],
            [
              -40.2800987,
              -19.824806
            ],
            [
              -40.2797186,
              -19.8250446
            ],
            [
              -40.2794959,
              -19.8252072
            ],
            [
              -40.2791459,
              -19.8256332
            ],
            [
              -40.2789462,
              -19.8259744
            ],
            [
              -40.2788249,
              -19.8261585
            ],
            [
              -40.2785831,
              -19.8258331
            ],
            [
              -40.2786577,
              -19.825737
            ],
            [
              -40.2786705,
              -19.8256653
            ],
            [
              -40.278737,
              -19.8253966
            ],
            [
              -40.278801,
              -19.8252021
            ],
            [
              -40.2777057,
              -19.8237895
            ],
            [
              -40.2777569,
              -19.823526
            ],
            [
              -40.2778209,
              -19.8231319
            ],
            [
              -40.2777927,
              -19.822812
            ],
            [
              -40.2777748,
              -19.8227506
            ],
            [
              -40.2777185,
              -19.8225279
            ],
            [
              -40.2776366,
              -19.8223053
            ],
            [
              -40.2788897,
              -19.8222538
            ],
            [
              -40.2799788,
              -19.82153
            ],
            [
              -40.2804718,
              -19.8221372
            ],
            [
              -40.2825509,
              -19.8204884
            ],
            [
              -40.2831289,
              -19.8200485
            ],
            [
              -40.2836097,
              -19.8196751
            ],
            [
              -40.2836531,
              -19.8196297
            ],
            [
              -40.2836111,
              -19.8195549
            ],
            [
              -40.2842551,
              -19.8191356
            ],
            [
              -40.2843412,
              -19.8192292
            ],
            [
              -40.2856585,
              -19.8181799
            ],
            [
              -40.2869928,
              -19.8194295
            ],
            [
              -40.2870393,
              -19.8194792
            ],
            [
              -40.2869778,
              -19.8195457
            ],
            [
              -40.2868475,
              -19.8197226
            ],
            [
              -40.2867182,
              -19.8200242
            ],
            [
              -40.2865071,
              -19.8206779
            ],
            [
              -40.2875662,
              -19.8220598
            ],
            [
              -40.2852484,
              -19.8234674
            ],
            [
              -40.2829959,
              -19.8235001
            ],
            [
              -40.2828974,
              -19.8235015
            ],
            [
              -40.2828339,
              -19.8235434
            ],
            [
              -40.2817465,
              -19.8240201
            ],
            [
              -40.2810072,
              -19.8243491
            ],
            [
              -40.2805035,
              -19.8245744
            ]
          ]
        ]
      },
      "id": "relation/1915786"
    },
    {
      "type": "Feature",
      "properties": {
        "@id": "relation/1915787",
        "admin_level": "10",
        "boundary": "administrative",
        "name": "Fatima",
        "place": "suburb",
        "source": "IBGE",
        "type": "boundary"
      },
      "geometry": {
        "type": "Polygon",
        "coordinates": [
          [
            [
              -40.2629468,
              -19.8372646
            ],
            [
              -40.2623577,
              -19.8370236
            ],
            [
              -40.261948,
              -19.8367642
            ],
            [
              -40.2614893,
              -19.8364744
            ],
            [
              -40.2610953,
              -19.8361378
            ],
            [
              -40.2610779,
              -19.835999
            ],
            [
              -40.2611633,
              -19.835803
            ],
            [
              -40.2614289,
              -19.8357137
            ],
            [
              -40.261863,
              -19.8356335
            ],
            [
              -40.2622324,
              -19.8356103
            ],
            [
              -40.2625417,
              -19.8355516
            ],
            [
              -40.262833,
              -19.835277
            ],
            [
              -40.2631464,
              -19.834851
            ],
            [
              -40.2619832,
              -19.834078
            ],
            [
              -40.2619149,
              -19.8340326
            ],
            [
              -40.2617872,
              -19.8339477
            ],
            [
              -40.2621792,
              -19.833177
            ],
            [
              -40.2632914,
              -19.83099
            ],
            [
              -40.2646269,
              -19.8282915
            ],
            [
              -40.264901,
              -19.8277532
            ],
            [
              -40.2652748,
              -19.8269758
            ],
            [
              -40.2658922,
              -19.8257599
            ],
            [
              -40.2663934,
              -19.8248986
            ],
            [
              -40.2681813,
              -19.8269444
            ],
            [
              -40.2684605,
              -19.827291
            ],
            [
              -40.2687879,
              -19.8276099
            ],
            [
              -40.2694979,
              -19.8284099
            ],
            [
              -40.2691613,
              -19.8286953
            ],
            [
              -40.269625,
              -19.8289641
            ],
            [
              -40.269208,
              -19.8296158
            ],
            [
              -40.2687873,
              -19.8302699
            ],
            [
              -40.2682605,
              -19.8310972
            ],
            [
              -40.2671942,
              -19.8328852
            ],
            [
              -40.2666119,
              -19.8337162
            ],
            [
              -40.2652698,
              -19.8354104
            ],
            [
              -40.2649907,
              -19.835226
            ],
            [
              -40.2644575,
              -19.8348223
            ],
            [
              -40.2642075,
              -19.8346655
            ],
            [
              -40.2639623,
              -19.8344919
            ],
            [
              -40.2637698,
              -19.8343539
            ],
            [
              -40.2636651,
              -19.8346155
            ],
            [
              -40.2636327,
              -19.8346853
            ],
            [
              -40.2635181,
              -19.8348497
            ],
            [
              -40.2633759,
              -19.8349985
            ],
            [
              -40.2632465,
              -19.8351338
            ],
            [
              -40.2630372,
              -19.835383
            ],
            [
              -40.2630098,
              -19.8354502
            ],
            [
              -40.2629899,
              -19.8357144
            ],
            [
              -40.2630272,
              -19.8361629
            ],
            [
              -40.2630272,
              -19.8363834
            ],
            [
              -40.263023,
              -19.8366007
            ],
            [
              -40.2629468,
              -19.8372646
            ]
          ]
        ]
      },
      "id": "relation/1915787"
    },
    {
      "type": "Feature",
      "properties": {
        "@id": "relation/1915788",
        "admin_level": "10",
        "boundary": "administrative",
        "name": "Guanabara",
        "place": "suburb",
        "source": "IBGE",
        "type": "boundary"
      },
      "geometry": {
        "type": "Polygon",
        "coordinates": [
          [
            [
              -40.2823803,
              -19.8052912
            ],
            [
              -40.282348,
              -19.8054338
            ],
            [
              -40.2822995,
              -19.8054806
            ],
            [
              -40.281516,
              -19.8055892
            ],
            [
              -40.2814623,
              -19.805599
            ],
            [
              -40.281893,
              -19.8065338
            ],
            [
              -40.2823271,
              -19.8075633
            ],
            [
              -40.2822677,
              -19.8075896
            ],
            [
              -40.2789741,
              -19.8094896
            ],
            [
              -40.2787559,
              -19.8096155
            ],
            [
              -40.2787276,
              -19.8096318
            ],
            [
              -40.2787171,
              -19.8096379
            ],
            [
              -40.2786003,
              -19.8097069
            ],
            [
              -40.2784104,
              -19.8097704
            ],
            [
              -40.2780881,
              -19.809713
            ],
            [
              -40.2776633,
              -19.8096805
            ],
            [
              -40.2774068,
              -19.8096954
            ],
            [
              -40.2770331,
              -19.8098719
            ],
            [
              -40.2769156,
              -19.809996
            ],
            [
              -40.2768639,
              -19.8100547
            ],
            [
              -40.2749562,
              -19.811578
            ],
            [
              -40.2749422,
              -19.8115575
            ],
            [
              -40.2749302,
              -19.8114536
            ],
            [
              -40.2749844,
              -19.8105897
            ],
            [
              -40.2743684,
              -19.8095436
            ],
            [
              -40.2747294,
              -19.8093661
            ],
            [
              -40.2749167,
              -19.8092954
            ],
            [
              -40.2751359,
              -19.8091894
            ],
            [
              -40.2753799,
              -19.8090586
            ],
            [
              -40.2758642,
              -19.8087757
            ],
            [
              -40.2760551,
              -19.8086944
            ],
            [
              -40.2762036,
              -19.8086591
            ],
            [
              -40.2763981,
              -19.8086626
            ],
            [
              -40.2767092,
              -19.8086626
            ],
            [
              -40.2768506,
              -19.8086591
            ],
            [
              -40.2769849,
              -19.8086131
            ],
            [
              -40.277091,
              -19.8085424
            ],
            [
              -40.2771511,
              -19.8084646
            ],
            [
              -40.2773385,
              -19.8081712
            ],
            [
              -40.277395,
              -19.8080227
            ],
            [
              -40.2774728,
              -19.8077646
            ],
            [
              -40.2775577,
              -19.8075136
            ],
            [
              -40.2776673,
              -19.8073262
            ],
            [
              -40.2778175,
              -19.8071353
            ],
            [
              -40.277996,
              -19.8069674
            ],
            [
              -40.2782064,
              -19.8067641
            ],
            [
              -40.2782364,
              -19.806712
            ],
            [
              -40.2782665,
              -19.8066598
            ],
            [
              -40.2782824,
              -19.8065432
            ],
            [
              -40.2782753,
              -19.8060075
            ],
            [
              -40.2782382,
              -19.8054401
            ],
            [
              -40.2782216,
              -19.8054131
            ],
            [
              -40.2781795,
              -19.8053446
            ],
            [
              -40.2779895,
              -19.8051253
            ],
            [
              -40.2780273,
              -19.8050944
            ],
            [
              -40.2781487,
              -19.8048738
            ],
            [
              -40.2782699,
              -19.8046299
            ],
            [
              -40.2783988,
              -19.8044825
            ],
            [
              -40.2786441,
              -19.8043642
            ],
            [
              -40.2788262,
              -19.804253
            ],
            [
              -40.279015,
              -19.8041118
            ],
            [
              -40.2791923,
              -19.8038509
            ],
            [
              -40.2794199,
              -19.8036835
            ],
            [
              -40.2795343,
              -19.8035155
            ],
            [
              -40.2797832,
              -19.8032973
            ],
            [
              -40.2800758,
              -19.8035195
            ],
            [
              -40.2809171,
              -19.8038279
            ],
            [
              -40.2819207,
              -19.8042027
            ],
            [
              -40.2826382,
              -19.8044722
            ],
            [
              -40.2827158,
              -19.8044978
            ],
            [
              -40.2825464,
              -19.8049622
            ],
            [
              -40.2824735,
              -19.8051512
            ],
            [
              -40.2823803,
              -19.8052912
            ]
          ]
        ]
      },
      "id": "relation/1915788"
    },
    {
      "type": "Feature",
      "properties": {
        "@id": "relation/1915789",
        "admin_level": "10",
        "boundary": "administrative",
        "name": "Guaraná",
        "place": "suburb",
        "source": "IBGE",
        "type": "boundary"
      },
      "geometry": {
        "type": "Polygon",
        "coordinates": [
          [
            [
              -40.2664609,
              -19.6853023
            ],
            [
              -40.2664611,
              -19.68278
            ],
            [
              -40.2661028,
              -19.6827747
            ],
            [
              -40.2660975,
              -19.6820581
            ],
            [
              -40.266028,
              -19.6815126
            ],
            [
              -40.2659103,
              -19.6810554
            ],
            [
              -40.2640253,
              -19.6810768
            ],
            [
              -40.2639772,
              -19.6820527
            ],
            [
              -40.2630873,
              -19.6820528
            ],
            [
              -40.2632127,
              -19.6877878
            ],
            [
              -40.2625049,
              -19.6877781
            ],
            [
              -40.2578399,
              -19.6830288
            ],
            [
              -40.2558769,
              -19.6810304
            ],
            [
              -40.2518101,
              -19.6710399
            ],
            [
              -40.2533356,
              -19.6700446
            ],
            [
              -40.2551665,
              -19.6713445
            ],
            [
              -40.2569255,
              -19.6722817
            ],
            [
              -40.2572338,
              -19.6724461
            ],
            [
              -40.2576263,
              -19.6726552
            ],
            [
              -40.257851,
              -19.6727824
            ],
            [
              -40.2581006,
              -19.6729702
            ],
            [
              -40.2588219,
              -19.6734854
            ],
            [
              -40.2593256,
              -19.6738517
            ],
            [
              -40.259795,
              -19.6742639
            ],
            [
              -40.260253,
              -19.6746989
            ],
            [
              -40.2605506,
              -19.6749393
            ],
            [
              -40.2607853,
              -19.6750399
            ],
            [
              -40.2608712,
              -19.6750767
            ],
            [
              -40.2643287,
              -19.6757636
            ],
            [
              -40.2645805,
              -19.6758667
            ],
            [
              -40.2648209,
              -19.6760613
            ],
            [
              -40.265359,
              -19.676565
            ],
            [
              -40.2656681,
              -19.6767482
            ],
            [
              -40.2660574,
              -19.6768627
            ],
            [
              -40.2669847,
              -19.6771146
            ],
            [
              -40.2673625,
              -19.6773321
            ],
            [
              -40.2676602,
              -19.6776641
            ],
            [
              -40.2678319,
              -19.678019
            ],
            [
              -40.2681868,
              -19.6788433
            ],
            [
              -40.2683411,
              -19.6788137
            ],
            [
              -40.2684837,
              -19.6788082
            ],
            [
              -40.2685344,
              -19.6788094
            ],
            [
              -40.2685929,
              -19.6788317
            ],
            [
              -40.2686743,
              -19.6788788
            ],
            [
              -40.2687016,
              -19.6788882
            ],
            [
              -40.2687238,
              -19.6788877
            ],
            [
              -40.268757,
              -19.6788816
            ],
            [
              -40.2688183,
              -19.678862
            ],
            [
              -40.2688268,
              -19.6788524
            ],
            [
              -40.2688516,
              -19.678803
            ],
            [
              -40.2688748,
              -19.6787901
            ],
            [
              -40.2689413,
              -19.6787851
            ],
            [
              -40.2689786,
              -19.6787978
            ],
            [
              -40.2690274,
              -19.6788561
            ],
            [
              -40.2690637,
              -19.6789083
            ],
            [
              -40.2691021,
              -19.6789404
            ],
            [
              -40.2692294,
              -19.6790082
            ],
            [
              -40.2692635,
              -19.6790186
            ],
            [
              -40.2692888,
              -19.6790168
            ],
            [
              -40.2694133,
              -19.6789611
            ],
            [
              -40.2694703,
              -19.6789439
            ],
            [
              -40.2695675,
              -19.6789364
            ],
            [
              -40.2696747,
              -19.6789358
            ],
            [
              -40.2699364,
              -19.678937
            ],
            [
              -40.2700123,
              -19.6789429
            ],
            [
              -40.2701394,
              -19.6789859
            ],
            [
              -40.2703315,
              -19.6790163
            ],
            [
              -40.2704939,
              -19.6790473
            ],
            [
              -40.2705957,
              -19.6790891
            ],
            [
              -40.2706136,
              -19.6790928
            ],
            [
              -40.2706885,
              -19.6790881
            ],
            [
              -40.2707286,
              -19.6790966
            ],
            [
              -40.2707746,
              -19.6791214
            ],
            [
              -40.2707846,
              -19.6791283
            ],
            [
              -40.2707897,
              -19.6791375
            ],
            [
              -40.2707958,
              -19.6791633
            ],
            [
              -40.2707859,
              -19.6791882
            ],
            [
              -40.2707828,
              -19.6792117
            ],
            [
              -40.2707933,
              -19.6792426
            ],
            [
              -40.2707996,
              -19.6792507
            ],
            [
              -40.2708158,
              -19.6792597
            ],
            [
              -40.2708576,
              -19.6792582
            ],
            [
              -40.2709165,
              -19.6792292
            ],
            [
              -40.2709441,
              -19.6792257
            ],
            [
              -40.2710162,
              -19.6792352
            ],
            [
              -40.2710454,
              -19.6792539
            ],
            [
              -40.2710556,
              -19.6792684
            ],
            [
              -40.2710623,
              -19.6793199
            ],
            [
              -40.2710781,
              -19.6793689
            ],
            [
              -40.2710783,
              -19.6793794
            ],
            [
              -40.2710733,
              -19.6794007
            ],
            [
              -40.2710555,
              -19.6794293
            ],
            [
              -40.271035,
              -19.6794468
            ],
            [
              -40.271015,
              -19.6794596
            ],
            [
              -40.270979,
              -19.6794716
            ],
            [
              -40.2709064,
              -19.679465
            ],
            [
              -40.2708616,
              -19.6794405
            ],
            [
              -40.2708443,
              -19.6794362
            ],
            [
              -40.2707946,
              -19.6794374
            ],
            [
              -40.2707484,
              -19.6794607
            ],
            [
              -40.2707382,
              -19.6794721
            ],
            [
              -40.2707283,
              -19.6794965
            ],
            [
              -40.270717,
              -19.6795426
            ],
            [
              -40.2707181,
              -19.6795637
            ],
            [
              -40.2707348,
              -19.6795944
            ],
            [
              -40.2707547,
              -19.6796045
            ],
            [
              -40.2707822,
              -19.6796004
            ],
            [
              -40.2708082,
              -19.6795804
            ],
            [
              -40.2708371,
              -19.6795515
            ],
            [
              -40.270858,
              -19.6795516
            ],
            [
              -40.2708735,
              -19.6795601
            ],
            [
              -40.2708716,
              -19.6795871
            ],
            [
              -40.2708527,
              -19.6796199
            ],
            [
              -40.2708453,
              -19.6796453
            ],
            [
              -40.2708462,
              -19.6796582
            ],
            [
              -40.270867,
              -19.679683
            ],
            [
              -40.2709068,
              -19.6797015
            ],
            [
              -40.2709463,
              -19.6797117
            ],
            [
              -40.2710498,
              -19.6797246
            ],
            [
              -40.2711355,
              -19.6797419
            ],
            [
              -40.2712368,
              -19.6797695
            ],
            [
              -40.2712775,
              -19.6797768
            ],
            [
              -40.2713272,
              -19.6797768
            ],
            [
              -40.2713548,
              -19.679772
            ],
            [
              -40.2715899,
              -19.6796679
            ],
            [
              -40.2717057,
              -19.6796077
            ],
            [
              -40.271764,
              -19.6795817
            ],
            [
              -40.2718662,
              -19.6795189
            ],
            [
              -40.2719383,
              -19.679482
            ],
            [
              -40.2719823,
              -19.6794499
            ],
            [
              -40.2720005,
              -19.679443
            ],
            [
              -40.2720306,
              -19.6794423
            ],
            [
              -40.2720485,
              -19.6794483
            ],
            [
              -40.2720777,
              -19.6794694
            ],
            [
              -40.2721105,
              -19.6795109
            ],
            [
              -40.2721388,
              -19.6795721
            ],
            [
              -40.2722009,
              -19.6796111
            ],
            [
              -40.2722241,
              -19.6796346
            ],
            [
              -40.2722338,
              -19.6796602
            ],
            [
              -40.2722348,
              -19.6797041
            ],
            [
              -40.2722273,
              -19.6797269
            ],
            [
              -40.2721946,
              -19.6797716
            ],
            [
              -40.272192,
              -19.679794
            ],
            [
              -40.2722031,
              -19.6798254
            ],
            [
              -40.2722558,
              -19.6798511
            ],
            [
              -40.2722717,
              -19.6798519
            ],
            [
              -40.2722816,
              -19.6798504
            ],
            [
              -40.2723041,
              -19.6798471
            ],
            [
              -40.2723649,
              -19.6798286
            ],
            [
              -40.2724271,
              -19.6797951
            ],
            [
              -40.2724427,
              -19.6797819
            ],
            [
              -40.2724503,
              -19.6797694
            ],
            [
              -40.2724548,
              -19.6797511
            ],
            [
              -40.2724527,
              -19.6797377
            ],
            [
              -40.2724098,
              -19.6797088
            ],
            [
              -40.2723858,
              -19.6796747
            ],
            [
              -40.2723837,
              -19.6796648
            ],
            [
              -40.2723832,
              -19.6796396
            ],
            [
              -40.2723982,
              -19.6795988
            ],
            [
              -40.2724243,
              -19.679563
            ],
            [
              -40.272443,
              -19.6795509
            ],
            [
              -40.2724802,
              -19.6795447
            ],
            [
              -40.2725236,
              -19.6795437
            ],
            [
              -40.2725776,
              -19.6795489
            ],
            [
              -40.2726756,
              -19.6795801
            ],
            [
              -40.2727602,
              -19.6795927
            ],
            [
              -40.272795,
              -19.6795866
            ],
            [
              -40.2728445,
              -19.6795603
            ],
            [
              -40.2729001,
              -19.6795535
            ],
            [
              -40.2729188,
              -19.6795629
            ],
            [
              -40.2729606,
              -19.6796026
            ],
            [
              -40.2729908,
              -19.6796394
            ],
            [
              -40.2730009,
              -19.6796433
            ],
            [
              -40.2730187,
              -19.6796435
            ],
            [
              -40.273031,
              -19.6796394
            ],
            [
              -40.2730456,
              -19.6796271
            ],
            [
              -40.2730765,
              -19.6795501
            ],
            [
              -40.2730877,
              -19.6795317
            ],
            [
              -40.2731304,
              -19.6795013
            ],
            [
              -40.2731638,
              -19.6794643
            ],
            [
              -40.2731809,
              -19.6794535
            ],
            [
              -40.2731961,
              -19.6794493
            ],
            [
              -40.2732202,
              -19.6794529
            ],
            [
              -40.2732318,
              -19.6794611
            ],
            [
              -40.273254,
              -19.6794909
            ],
            [
              -40.2732785,
              -19.6795343
            ],
            [
              -40.2732934,
              -19.6795506
            ],
            [
              -40.27331,
              -19.6795609
            ],
            [
              -40.2733449,
              -19.6795625
            ],
            [
              -40.2733886,
              -19.6795425
            ],
            [
              -40.2734577,
              -19.6794981
            ],
            [
              -40.2735188,
              -19.6794795
            ],
            [
              -40.2735778,
              -19.6794704
            ],
            [
              -40.2736981,
              -19.6794849
            ],
            [
              -40.2737848,
              -19.6795037
            ],
            [
              -40.2738291,
              -19.6795027
            ],
            [
              -40.2738738,
              -19.679497
            ],
            [
              -40.2740018,
              -19.6794589
            ],
            [
              -40.2739628,
              -19.6832044
            ],
            [
              -40.2749455,
              -19.6837779
            ],
            [
              -40.2748476,
              -19.6848055
            ],
            [
              -40.2737103,
              -19.6840657
            ],
            [
              -40.2718355,
              -19.6824381
            ],
            [
              -40.2718153,
              -19.682461
            ],
            [
              -40.2717401,
              -19.6825468
            ],
            [
              -40.270574,
              -19.6838758
            ],
            [
              -40.2683475,
              -19.6820187
            ],
            [
              -40.2664609,
              -19.6853023
            ]
          ]
        ]
      },
      "id": "relation/1915789"
    },
    {
      "type": "Feature",
      "properties": {
        "@id": "relation/1915790",
        "admin_level": "10",
        "boundary": "administrative",
        "name": "Guaxindiba",
        "place": "suburb",
        "source": "IBGE",
        "type": "boundary"
      },
      "geometry": {
        "type": "Polygon",
        "coordinates": [
          [
            [
              -40.2743684,
              -19.8095436
            ],
            [
              -40.2742442,
              -19.8092942
            ],
            [
              -40.2740796,
              -19.8092697
            ],
            [
              -40.273995,
              -19.8091966
            ],
            [
              -40.2739281,
              -19.8091399
            ],
            [
              -40.27149,
              -19.8093792
            ],
            [
              -40.2716588,
              -19.8102331
            ],
            [
              -40.2698786,
              -19.8104946
            ],
            [
              -40.2692681,
              -19.8098249
            ],
            [
              -40.2678327,
              -19.8087289
            ],
            [
              -40.2673274,
              -19.8083085
            ],
            [
              -40.2659093,
              -19.8071442
            ],
            [
              -40.2678538,
              -19.805584
            ],
            [
              -40.2697132,
              -19.8053953
            ],
            [
              -40.2705903,
              -19.8053141
            ],
            [
              -40.2709474,
              -19.8053371
            ],
            [
              -40.2712635,
              -19.8053056
            ],
            [
              -40.2716268,
              -19.8052419
            ],
            [
              -40.2718352,
              -19.8052949
            ],
            [
              -40.27303,
              -19.8057493
            ],
            [
              -40.2732547,
              -19.8058977
            ],
            [
              -40.2734535,
              -19.8060598
            ],
            [
              -40.2735008,
              -19.8058626
            ],
            [
              -40.2735114,
              -19.8055373
            ],
            [
              -40.2735008,
              -19.8053111
            ],
            [
              -40.2734867,
              -19.8050954
            ],
            [
              -40.2734818,
              -19.8048517
            ],
            [
              -40.2738116,
              -19.8047529
            ],
            [
              -40.2740111,
              -19.8046931
            ],
            [
              -40.2746925,
              -19.8041448
            ],
            [
              -40.2756461,
              -19.8034008
            ],
            [
              -40.2756657,
              -19.8032828
            ],
            [
              -40.2757793,
              -19.8028126
            ],
            [
              -40.2758203,
              -19.8025381
            ],
            [
              -40.2758487,
              -19.8022509
            ],
            [
              -40.2758676,
              -19.8017965
            ],
            [
              -40.2758613,
              -19.8013925
            ],
            [
              -40.2758505,
              -19.8012763
            ],
            [
              -40.277715,
              -19.8003651
            ],
            [
              -40.2779595,
              -19.8013296
            ],
            [
              -40.2783187,
              -19.8010569
            ],
            [
              -40.2784834,
              -19.8009839
            ],
            [
              -40.2787032,
              -19.8009185
            ],
            [
              -40.2790674,
              -19.8009092
            ],
            [
              -40.279642,
              -19.8009209
            ],
            [
              -40.2805216,
              -19.8009441
            ],
            [
              -40.2808718,
              -19.8009249
            ],
            [
              -40.2812198,
              -19.8008146
            ],
            [
              -40.2814849,
              -19.8006808
            ],
            [
              -40.2817964,
              -19.8004492
            ],
            [
              -40.2825148,
              -19.7999836
            ],
            [
              -40.2827134,
              -19.7998227
            ],
            [
              -40.2829769,
              -19.7995853
            ],
            [
              -40.2837145,
              -19.7995512
            ],
            [
              -40.2840681,
              -19.799546
            ],
            [
              -40.2841876,
              -19.7995424
            ],
            [
              -40.2845429,
              -19.7995285
            ],
            [
              -40.2852726,
              -19.7995002
            ],
            [
              -40.2858521,
              -19.8007554
            ],
            [
              -40.2859254,
              -19.801552
            ],
            [
              -40.2860825,
              -19.8033338
            ],
            [
              -40.2836493,
              -19.8054296
            ],
            [
              -40.2829413,
              -19.8053464
            ],
            [
              -40.2825491,
              -19.8053077
            ],
            [
              -40.2823803,
              -19.8052912
            ],
            [
              -40.2824735,
              -19.8051512
            ],
            [
              -40.2825464,
              -19.8049622
            ],
            [
              -40.2827158,
              -19.8044978
            ],
            [
              -40.2826382,
              -19.8044722
            ],
            [
              -40.2819207,
              -19.8042027
            ],
            [
              -40.2809171,
              -19.8038279
            ],
            [
              -40.2800758,
              -19.8035195
            ],
            [
              -40.2797832,
              -19.8032973
            ],
            [
              -40.2795343,
              -19.8035155
            ],
            [
              -40.2794199,
              -19.8036835
            ],
            [
              -40.2791923,
              -19.8038509
            ],
            [
              -40.279015,
              -19.8041118
            ],
            [
              -40.2788262,
              -19.804253
            ],
            [
              -40.2786441,
              -19.8043642
            ],
            [
              -40.2783988,
              -19.8044825
            ],
            [
              -40.2782699,
              -19.8046299
            ],
            [
              -40.2781487,
              -19.8048738
            ],
            [
              -40.2780273,
              -19.8050944
            ],
            [
              -40.2779895,
              -19.8051253
            ],
            [
              -40.2781795,
              -19.8053446
            ],
            [
              -40.2782216,
              -19.8054131
            ],
            [
              -40.2782382,
              -19.8054401
            ],
            [
              -40.2782753,
              -19.8060075
            ],
            [
              -40.2782824,
              -19.8065432
            ],
            [
              -40.2782665,
              -19.8066598
            ],
            [
              -40.2782364,
              -19.806712
            ],
            [
              -40.2782064,
              -19.8067641
            ],
            [
              -40.277996,
              -19.8069674
            ],
            [
              -40.2778175,
              -19.8071353
            ],
            [
              -40.2776673,
              -19.8073262
            ],
            [
              -40.2775577,
              -19.8075136
            ],
            [
              -40.2774728,
              -19.8077646
            ],
            [
              -40.277395,
              -19.8080227
            ],
            [
              -40.2773385,
              -19.8081712
            ],
            [
              -40.2771511,
              -19.8084646
            ],
            [
              -40.277091,
              -19.8085424
            ],
            [
              -40.2769849,
              -19.8086131
            ],
            [
              -40.2768506,
              -19.8086591
            ],
            [
              -40.2767092,
              -19.8086626
            ],
            [
              -40.2763981,
              -19.8086626
            ],
            [
              -40.2762036,
              -19.8086591
            ],
            [
              -40.2760551,
              -19.8086944
            ],
            [
              -40.2758642,
              -19.8087757
            ],
            [
              -40.2753799,
              -19.8090586
            ],
            [
              -40.2751359,
              -19.8091894
            ],
            [
              -40.2749167,
              -19.8092954
            ],
            [
              -40.2747294,
              -19.8093661
            ],
            [
              -40.2743684,
              -19.8095436
            ]
          ]
        ]
      },
      "id": "relation/1915790"
    },
    {
      "type": "Feature",
      "properties": {
        "@id": "relation/1915791",
        "admin_level": "10",
        "boundary": "administrative",
        "name": "Itaparica",
        "place": "suburb",
        "source": "IBGE",
        "type": "boundary"
      },
      "geometry": {
        "type": "Polygon",
        "coordinates": [
          [
            [
              -40.1465237,
              -19.9669892
            ],
            [
              -40.1468734,
              -19.9671314
            ],
            [
              -40.1472335,
              -19.9672778
            ],
            [
              -40.1474662,
              -19.9673854
            ],
            [
              -40.1475897,
              -19.96746
            ],
            [
              -40.1477064,
              -19.9675428
            ],
            [
              -40.1477542,
              -19.9675801
            ],
            [
              -40.1477933,
              -19.9676219
            ],
            [
              -40.1478401,
              -19.9676774
            ],
            [
              -40.1483372,
              -19.967335
            ],
            [
              -40.1484106,
              -19.9672907
            ],
            [
              -40.1485033,
              -19.9672455
            ],
            [
              -40.1485689,
              -19.967223
            ],
            [
              -40.1486325,
              -19.9672159
            ],
            [
              -40.1486961,
              -19.9672161
            ],
            [
              -40.1487779,
              -19.9672254
            ],
            [
              -40.1488501,
              -19.967241
            ],
            [
              -40.1489501,
              -19.9672777
            ],
            [
              -40.1491233,
              -19.9673191
            ],
            [
              -40.1492561,
              -19.9673412
            ],
            [
              -40.1493636,
              -19.967347
            ],
            [
              -40.1494999,
              -19.9673473
            ],
            [
              -40.1499097,
              -19.9673322
            ],
            [
              -40.1499654,
              -19.9673323
            ],
            [
              -40.1500201,
              -19.967337
            ],
            [
              -40.1500546,
              -19.967348
            ],
            [
              -40.1501073,
              -19.9673717
            ],
            [
              -40.1501475,
              -19.9674008
            ],
            [
              -40.1501867,
              -19.9674435
            ],
            [
              -40.1502937,
              -19.9675833
            ],
            [
              -40.1505079,
              -19.9677714
            ],
            [
              -40.1506803,
              -19.9678888
            ],
            [
              -40.1507684,
              -19.9679307
            ],
            [
              -40.1509131,
              -19.9679927
            ],
            [
              -40.1510424,
              -19.9680611
            ],
            [
              -40.1511228,
              -19.9681193
            ],
            [
              -40.1511879,
              -19.9681738
            ],
            [
              -40.1512338,
              -19.9682201
            ],
            [
              -40.1512756,
              -19.9683208
            ],
            [
              -40.1512964,
              -19.9684124
            ],
            [
              -40.1513085,
              -19.9685257
            ],
            [
              -40.1513129,
              -19.9686471
            ],
            [
              -40.1513203,
              -19.9687015
            ],
            [
              -40.1513346,
              -19.9687396
            ],
            [
              -40.1513699,
              -19.9687995
            ],
            [
              -40.1513852,
              -19.9688177
            ],
            [
              -40.1514387,
              -19.968864
            ],
            [
              -40.1514637,
              -19.9688777
            ],
            [
              -40.1515269,
              -19.9689005
            ],
            [
              -40.1515614,
              -19.9689088
            ],
            [
              -40.1516372,
              -19.9689108
            ],
            [
              -40.1519848,
              -19.9688655
            ],
            [
              -40.1520434,
              -19.9688639
            ],
            [
              -40.1526108,
              -19.9687966
            ],
            [
              -40.1527173,
              -19.9687969
            ],
            [
              -40.1528524,
              -19.9688471
            ],
            [
              -40.1528946,
              -19.9688762
            ],
            [
              -40.1529558,
              -19.9689389
            ],
            [
              -40.1530035,
              -19.9690033
            ],
            [
              -40.1530657,
              -19.9690524
            ],
            [
              -40.1531155,
              -19.9690761
            ],
            [
              -40.1531673,
              -19.9690953
            ],
            [
              -40.1532095,
              -19.9691009
            ],
            [
              -40.1532565,
              -19.9691001
            ],
            [
              -40.1533693,
              -19.9690854
            ],
            [
              -40.1540719,
              -19.9689926
            ],
            [
              -40.1541412,
              -19.9690281
            ],
            [
              -40.1541818,
              -19.969049
            ],
            [
              -40.1542263,
              -19.9690412
            ],
            [
              -40.1543663,
              -19.9690167
            ],
            [
              -40.1552529,
              -19.9688613
            ],
            [
              -40.1562568,
              -19.9686158
            ],
            [
              -40.1550191,
              -19.9694419
            ],
            [
              -40.154773,
              -19.9700665
            ],
            [
              -40.1546889,
              -19.97028
            ],
            [
              -40.1539489,
              -19.9716929
            ],
            [
              -40.1526495,
              -19.9744727
            ],
            [
              -40.1523723,
              -19.9744527
            ],
            [
              -40.1520952,
              -19.9744327
            ],
            [
              -40.1511494,
              -19.9744992
            ],
            [
              -40.1510742,
              -19.9745393
            ],
            [
              -40.1509933,
              -19.9745758
            ],
            [
              -40.1508218,
              -19.9746614
            ],
            [
              -40.1506272,
              -19.974778
            ],
            [
              -40.1505617,
              -19.9748254
            ],
            [
              -40.1505019,
              -19.9748837
            ],
            [
              -40.1504248,
              -19.9750549
            ],
            [
              -40.150419,
              -19.9752735
            ],
            [
              -40.1504074,
              -19.9753627
            ],
            [
              -40.1503707,
              -19.9754702
            ],
            [
              -40.1503418,
              -19.9755139
            ],
            [
              -40.1503091,
              -19.9755358
            ],
            [
              -40.1502647,
              -19.9755504
            ],
            [
              -40.1498736,
              -19.9755686
            ],
            [
              -40.1497946,
              -19.9755832
            ],
            [
              -40.1496636,
              -19.9756269
            ],
            [
              -40.1495403,
              -19.9756798
            ],
            [
              -40.1494574,
              -19.9757344
            ],
            [
              -40.1494266,
              -19.9757672
            ],
            [
              -40.1494092,
              -19.9758018
            ],
            [
              -40.1493996,
              -19.9758583
            ],
            [
              -40.1493976,
              -19.9759384
            ],
            [
              -40.1493802,
              -19.976086
            ],
            [
              -40.149361,
              -19.9761516
            ],
            [
              -40.1493417,
              -19.9762044
            ],
            [
              -40.1492781,
              -19.9762955
            ],
            [
              -40.1492318,
              -19.9763428
            ],
            [
              -40.1484879,
              -19.9769732
            ],
            [
              -40.1483917,
              -19.9770664
            ],
            [
              -40.1479703,
              -19.9773027
            ],
            [
              -40.1479641,
              -19.9773062
            ],
            [
              -40.1474261,
              -19.9776282
            ],
            [
              -40.1471629,
              -19.9777745
            ],
            [
              -40.1469513,
              -19.9779122
            ],
            [
              -40.146824,
              -19.9779949
            ],
            [
              -40.1467817,
              -19.9780224
            ],
            [
              -40.1465959,
              -19.9781697
            ],
            [
              -40.1463065,
              -19.97836
            ],
            [
              -40.1461343,
              -19.9784652
            ],
            [
              -40.1458557,
              -19.9785666
            ],
            [
              -40.1458167,
              -19.9785808
            ],
            [
              -40.1456316,
              -19.9785913
            ],
            [
              -40.1455666,
              -19.978597
            ],
            [
              -40.1455156,
              -19.9786085
            ],
            [
              -40.1446532,
              -19.9788599
            ],
            [
              -40.1445944,
              -19.9788734
            ],
            [
              -40.1444729,
              -19.9788916
            ],
            [
              -40.1439271,
              -19.9789134
            ],
            [
              -40.1433327,
              -19.9789294
            ],
            [
              -40.1426772,
              -19.9789027
            ],
            [
              -40.1426453,
              -19.9789069
            ],
            [
              -40.1425646,
              -19.9789361
            ],
            [
              -40.1425325,
              -19.9789372
            ],
            [
              -40.1425077,
              -19.9789345
            ],
            [
              -40.1423704,
              -19.9788892
            ],
            [
              -40.1422645,
              -19.978859
            ],
            [
              -40.1422166,
              -19.9788533
            ],
            [
              -40.1421335,
              -19.9788541
            ],
            [
              -40.1420935,
              -19.9788646
            ],
            [
              -40.1420459,
              -19.9788917
            ],
            [
              -40.1419387,
              -19.9789854
            ],
            [
              -40.1417964,
              -19.9790971
            ],
            [
              -40.1417701,
              -19.9791111
            ],
            [
              -40.1414348,
              -19.9792978
            ],
            [
              -40.1414251,
              -19.9792526
            ],
            [
              -40.1413876,
              -19.9791467
            ],
            [
              -40.1412964,
              -19.9789602
            ],
            [
              -40.1411623,
              -19.9787282
            ],
            [
              -40.1409692,
              -19.9784661
            ],
            [
              -40.1408833,
              -19.978398
            ],
            [
              -40.140776,
              -19.9783753
            ],
            [
              -40.1407224,
              -19.978393
            ],
            [
              -40.1406634,
              -19.9784333
            ],
            [
              -40.1406392,
              -19.9783955
            ],
            [
              -40.1406889,
              -19.9783476
            ],
            [
              -40.1407532,
              -19.9782732
            ],
            [
              -40.140776,
              -19.9782241
            ],
            [
              -40.1407573,
              -19.978156
            ],
            [
              -40.1406956,
              -19.9780754
            ],
            [
              -40.1405749,
              -19.9780073
            ],
            [
              -40.1403415,
              -19.9779317
            ],
            [
              -40.1402503,
              -19.9778434
            ],
            [
              -40.1401725,
              -19.9776972
            ],
            [
              -40.1401162,
              -19.9776241
            ],
            [
              -40.140076,
              -19.9775838
            ],
            [
              -40.1400706,
              -19.9775057
            ],
            [
              -40.1401055,
              -19.9774225
            ],
            [
              -40.1401243,
              -19.9773695
            ],
            [
              -40.1401001,
              -19.9772813
            ],
            [
              -40.1400974,
              -19.9772006
            ],
            [
              -40.1401538,
              -19.9771124
            ],
            [
              -40.1402181,
              -19.9770721
            ],
            [
              -40.1403254,
              -19.9770267
            ],
            [
              -40.1403952,
              -19.9770091
            ],
            [
              -40.1404622,
              -19.9769586
            ],
            [
              -40.1404864,
              -19.9769158
            ],
            [
              -40.1405481,
              -19.976878
            ],
            [
              -40.1405534,
              -19.9768049
            ],
            [
              -40.1405427,
              -19.9766536
            ],
            [
              -40.1404756,
              -19.976573
            ],
            [
              -40.1403952,
              -19.9765074
            ],
            [
              -40.1404059,
              -19.9764494
            ],
            [
              -40.1404649,
              -19.9763688
            ],
            [
              -40.1405293,
              -19.9763133
            ],
            [
              -40.1405373,
              -19.9761999
            ],
            [
              -40.1404676,
              -19.976099
            ],
            [
              -40.1403978,
              -19.9760259
            ],
            [
              -40.1403952,
              -19.9759478
            ],
            [
              -40.1404354,
              -19.9758646
            ],
            [
              -40.1404917,
              -19.9758142
            ],
            [
              -40.140489,
              -19.975789
            ],
            [
              -40.1404676,
              -19.9757411
            ],
            [
              -40.1404139,
              -19.9757083
            ],
            [
              -40.1403576,
              -19.9756781
            ],
            [
              -40.1402932,
              -19.9757083
            ],
            [
              -40.1401886,
              -19.9757234
            ],
            [
              -40.1401457,
              -19.975726
            ],
            [
              -40.1400787,
              -19.9757159
            ],
            [
              -40.140025,
              -19.9756881
            ],
            [
              -40.139966,
              -19.9756907
            ],
            [
              -40.1398965,
              -19.9756603
            ],
            [
              -40.1396872,
              -19.9756531
            ],
            [
              -40.1395311,
              -19.9756428
            ],
            [
              -40.1393667,
              -19.9755833
            ],
            [
              -40.139182,
              -19.9754786
            ],
            [
              -40.1390374,
              -19.9753813
            ],
            [
              -40.1389605,
              -19.9752608
            ],
            [
              -40.138964,
              -19.9751889
            ],
            [
              -40.1390316,
              -19.9751393
            ],
            [
              -40.1391116,
              -19.9751426
            ],
            [
              -40.1392356,
              -19.9751418
            ],
            [
              -40.1393392,
              -19.9750958
            ],
            [
              -40.1393947,
              -19.9750198
            ],
            [
              -40.1393781,
              -19.9749367
            ],
            [
              -40.1393334,
              -19.9748387
            ],
            [
              -40.1393089,
              -19.974767
            ],
            [
              -40.1392684,
              -19.9746955
            ],
            [
              -40.1392277,
              -19.9745974
            ],
            [
              -40.1391065,
              -19.9744243
            ],
            [
              -40.1390262,
              -19.974387
            ],
            [
              -40.1388089,
              -19.9741956
            ],
            [
              -40.1387237,
              -19.9740222
            ],
            [
              -40.1386904,
              -19.9738447
            ],
            [
              -40.1386616,
              -19.9737315
            ],
            [
              -40.1385847,
              -19.9735429
            ],
            [
              -40.138523,
              -19.9734395
            ],
            [
              -40.1384184,
              -19.9733337
            ],
            [
              -40.1383272,
              -19.973253
            ],
            [
              -40.1381958,
              -19.9731849
            ],
            [
              -40.1380241,
              -19.9731269
            ],
            [
              -40.1378524,
              -19.9731118
            ],
            [
              -40.1377264,
              -19.9731219
            ],
            [
              -40.1376432,
              -19.9731547
            ],
            [
              -40.1375788,
              -19.9731774
            ],
            [
              -40.1375172,
              -19.9731698
            ],
            [
              -40.1374823,
              -19.9730992
            ],
            [
              -40.1375064,
              -19.9730513
            ],
            [
              -40.1375949,
              -19.9730135
            ],
            [
              -40.1376486,
              -19.9729707
            ],
            [
              -40.1376808,
              -19.9728875
            ],
            [
              -40.1376674,
              -19.9728169
            ],
            [
              -40.1376244,
              -19.972706
            ],
            [
              -40.1375708,
              -19.972595
            ],
            [
              -40.137493,
              -19.9724589
            ],
            [
              -40.137324,
              -19.9722371
            ],
            [
              -40.137198,
              -19.9721287
            ],
            [
              -40.1370907,
              -19.9720404
            ],
            [
              -40.1370424,
              -19.9719976
            ],
            [
              -40.1369458,
              -19.971922
            ],
            [
              -40.1368842,
              -19.9719371
            ],
            [
              -40.1367983,
              -19.97199
            ],
            [
              -40.1367259,
              -19.9720203
            ],
            [
              -40.1366615,
              -19.9719976
            ],
            [
              -40.1365918,
              -19.9719598
            ],
            [
              -40.1365677,
              -19.9718766
            ],
            [
              -40.1365301,
              -19.9718136
            ],
            [
              -40.1365301,
              -19.9717329
            ],
            [
              -40.1364952,
              -19.9716522
            ],
            [
              -40.1364952,
              -19.9715842
            ],
            [
              -40.1364979,
              -19.9715337
            ],
            [
              -40.1365167,
              -19.9714758
            ],
            [
              -40.136565,
              -19.9714732
            ],
            [
              -40.136624,
              -19.9714556
            ],
            [
              -40.1366696,
              -19.9714581
            ],
            [
              -40.1367179,
              -19.971443
            ],
            [
              -40.1367554,
              -19.9714178
            ],
            [
              -40.1368064,
              -19.9714405
            ],
            [
              -40.1368734,
              -19.9714531
            ],
            [
              -40.1370143,
              -19.9715075
            ],
            [
              -40.1372431,
              -19.9715146
            ],
            [
              -40.1382197,
              -19.9715236
            ],
            [
              -40.1387417,
              -19.9715472
            ],
            [
              -40.1392987,
              -19.9716354
            ],
            [
              -40.1393525,
              -19.9716391
            ],
            [
              -40.1393906,
              -19.9716373
            ],
            [
              -40.1395481,
              -19.9715881
            ],
            [
              -40.1397467,
              -19.9715261
            ],
            [
              -40.1403974,
              -19.9711667
            ],
            [
              -40.140897,
              -19.9708432
            ],
            [
              -40.1409988,
              -19.9707995
            ],
            [
              -40.1410731,
              -19.9707817
            ],
            [
              -40.1411406,
              -19.9707811
            ],
            [
              -40.1422667,
              -19.970925
            ],
            [
              -40.1424153,
              -19.9709299
            ],
            [
              -40.1425483,
              -19.9709201
            ],
            [
              -40.1426286,
              -19.9708894
            ],
            [
              -40.1427011,
              -19.9708291
            ],
            [
              -40.1427683,
              -19.9707449
            ],
            [
              -40.1433111,
              -19.9700641
            ],
            [
              -40.1439369,
              -19.9693978
            ],
            [
              -40.1440198,
              -19.969347
            ],
            [
              -40.1440477,
              -19.9693365
            ],
            [
              -40.1441951,
              -19.9693194
            ],
            [
              -40.1442811,
              -19.9693231
            ],
            [
              -40.1443622,
              -19.9693367
            ],
            [
              -40.1444735,
              -19.9693755
            ],
            [
              -40.1445617,
              -19.9694282
            ],
            [
              -40.1448461,
              -19.969598
            ],
            [
              -40.1449124,
              -19.9696313
            ],
            [
              -40.1449427,
              -19.9696418
            ],
            [
              -40.1449681,
              -19.9696436
            ],
            [
              -40.1449965,
              -19.96964
            ],
            [
              -40.1450259,
              -19.9696264
            ],
            [
              -40.1450444,
              -19.9696121
            ],
            [
              -40.1451015,
              -19.9695679
            ],
            [
              -40.1451407,
              -19.9695273
            ],
            [
              -40.145754,
              -19.9688248
            ],
            [
              -40.146181,
              -19.9679341
            ],
            [
              -40.1463545,
              -19.9674498
            ],
            [
              -40.1465237,
              -19.9669892
            ]
          ]
        ]
      },
      "id": "relation/1915791"
    },
    {
      "type": "Feature",
      "properties": {
        "@id": "relation/1915792",
        "admin_level": "10",
        "boundary": "administrative",
        "name": "Itaputera",
        "place": "suburb",
        "source": "IBGE",
        "type": "boundary"
      },
      "geometry": {
        "type": "Polygon",
        "coordinates": [
          [
            [
              -40.278682,
              -19.8320001
            ],
            [
              -40.2793307,
              -19.8326819
            ],
            [
              -40.2800882,
              -19.832044
            ],
            [
              -40.2805274,
              -19.8316799
            ],
            [
              -40.2806713,
              -19.8315606
            ],
            [
              -40.281075,
              -19.8312292
            ],
            [
              -40.2822137,
              -19.8302051
            ],
            [
              -40.2822881,
              -19.8293962
            ],
            [
              -40.2822152,
              -19.8292675
            ],
            [
              -40.2821489,
              -19.8292059
            ],
            [
              -40.2820243,
              -19.8290639
            ],
            [
              -40.2818474,
              -19.8289144
            ],
            [
              -40.2816506,
              -19.8287998
            ],
            [
              -40.2816234,
              -19.8287937
            ],
            [
              -40.2814836,
              -19.8287624
            ],
            [
              -40.281364,
              -19.8287325
            ],
            [
              -40.2812992,
              -19.8286727
            ],
            [
              -40.2826023,
              -19.8280348
            ],
            [
              -40.2822447,
              -19.8270933
            ],
            [
              -40.2821209,
              -19.8267681
            ],
            [
              -40.2820325,
              -19.8265931
            ],
            [
              -40.2818169,
              -19.8263262
            ],
            [
              -40.2815288,
              -19.825932
            ],
            [
              -40.2808005,
              -19.8249933
            ],
            [
              -40.2806626,
              -19.8248201
            ],
            [
              -40.2805035,
              -19.8245744
            ],
            [
              -40.2810072,
              -19.8243491
            ],
            [
              -40.2817465,
              -19.8240201
            ],
            [
              -40.2828339,
              -19.8235434
            ],
            [
              -40.2828974,
              -19.8235015
            ],
            [
              -40.2829953,
              -19.8235614
            ],
            [
              -40.283154,
              -19.8236767
            ],
            [
              -40.2840906,
              -19.8247176
            ],
            [
              -40.2841508,
              -19.8272489
            ],
            [
              -40.2841603,
              -19.827302
            ],
            [
              -40.2843738,
              -19.8284486
            ],
            [
              -40.2848446,
              -19.8309768
            ],
            [
              -40.2853346,
              -19.833608
            ],
            [
              -40.2853426,
              -19.8336509
            ],
            [
              -40.2853237,
              -19.8336452
            ],
            [
              -40.2853049,
              -19.8336395
            ],
            [
              -40.2850898,
              -19.8335816
            ],
            [
              -40.2849096,
              -19.8335344
            ],
            [
              -40.2847281,
              -19.8334923
            ],
            [
              -40.2845452,
              -19.8334556
            ],
            [
              -40.2843613,
              -19.8334241
            ],
            [
              -40.2842983,
              -19.8334074
            ],
            [
              -40.2842373,
              -19.8333851
            ],
            [
              -40.2841789,
              -19.8333573
            ],
            [
              -40.2841236,
              -19.8333242
            ],
            [
              -40.2840719,
              -19.8332862
            ],
            [
              -40.2840244,
              -19.8332437
            ],
            [
              -40.2839908,
              -19.8332033
            ],
            [
              -40.2839635,
              -19.8331589
            ],
            [
              -40.2839428,
              -19.8331113
            ],
            [
              -40.2839293,
              -19.8330615
            ],
            [
              -40.2839231,
              -19.8330105
            ],
            [
              -40.2839245,
              -19.8329591
            ],
            [
              -40.2839649,
              -19.8328871
            ],
            [
              -40.2840006,
              -19.8328128
            ],
            [
              -40.2840313,
              -19.8327366
            ],
            [
              -40.284057,
              -19.8326587
            ],
            [
              -40.2840775,
              -19.8325795
            ],
            [
              -40.2840927,
              -19.8324992
            ],
            [
              -40.2840866,
              -19.8322845
            ],
            [
              -40.2840581,
              -19.8321266
            ],
            [
              -40.2838696,
              -19.8315644
            ],
            [
              -40.2833308,
              -19.8317754
            ],
            [
              -40.2832349,
              -19.8314075
            ],
            [
              -40.2826247,
              -19.8308556
            ],
            [
              -40.282206,
              -19.831176
            ],
            [
              -40.2817774,
              -19.8315027
            ],
            [
              -40.2818086,
              -19.8316135
            ],
            [
              -40.2817887,
              -19.8317129
            ],
            [
              -40.2815586,
              -19.8320112
            ],
            [
              -40.281476,
              -19.8321229
            ],
            [
              -40.2815562,
              -19.8321488
            ],
            [
              -40.2818693,
              -19.8333372
            ],
            [
              -40.282419,
              -19.8345813
            ],
            [
              -40.2824031,
              -19.8347091
            ],
            [
              -40.2822708,
              -19.8347711
            ],
            [
              -40.2817911,
              -19.8346138
            ],
            [
              -40.2815171,
              -19.8352293
            ],
            [
              -40.2795748,
              -19.8357486
            ],
            [
              -40.2786627,
              -19.8362001
            ],
            [
              -40.278206,
              -19.8358652
            ],
            [
              -40.2778445,
              -19.835399
            ],
            [
              -40.2774917,
              -19.8348806
            ],
            [
              -40.2773329,
              -19.8345345
            ],
            [
              -40.2772304,
              -19.8343269
            ],
            [
              -40.2772017,
              -19.8341882
            ],
            [
              -40.2772374,
              -19.8340577
            ],
            [
              -40.2773093,
              -19.8338749
            ],
            [
              -40.2774061,
              -19.8336664
            ],
            [
              -40.2775025,
              -19.8334679
            ],
            [
              -40.2775402,
              -19.8332843
            ],
            [
              -40.2775392,
              -19.8331504
            ],
            [
              -40.2774947,
              -19.8330333
            ],
            [
              -40.2774219,
              -19.8329184
            ],
            [
              -40.277377,
              -19.8327498
            ],
            [
              -40.2774145,
              -19.8325332
            ],
            [
              -40.2774746,
              -19.8324215
            ],
            [
              -40.2776046,
              -19.8323444
            ],
            [
              -40.2779452,
              -19.8321977
            ],
            [
              -40.2782274,
              -19.8320989
            ],
            [
              -40.2785055,
              -19.8320186
            ],
            [
              -40.278682,
              -19.8320001
            ]
          ]
        ]
      },
      "id": "relation/1915792"
    },
    {
      "type": "Feature",
      "properties": {
        "@id": "relation/1915794",
        "admin_level": "10",
        "boundary": "administrative",
        "name": "Jacupemba",
        "place": "suburb",
        "source": "IBGE",
        "type": "boundary"
      },
      "geometry": {
        "type": "Polygon",
        "coordinates": [
          [
            [
              -40.184982,
              -19.5885935
            ],
            [
              -40.1849847,
              -19.5885198
            ],
            [
              -40.1849874,
              -19.5884461
            ],
            [
              -40.185425,
              -19.5853864
            ],
            [
              -40.185502,
              -19.5853493
            ],
            [
              -40.1857089,
              -19.5853924
            ],
            [
              -40.1858169,
              -19.5854149
            ],
            [
              -40.1859843,
              -19.5854492
            ],
            [
              -40.1861572,
              -19.5854346
            ],
            [
              -40.1862376,
              -19.5854278
            ],
            [
              -40.1865809,
              -19.5853677
            ],
            [
              -40.1871131,
              -19.5852818
            ],
            [
              -40.1877337,
              -19.5852047
            ],
            [
              -40.1887479,
              -19.5851789
            ],
            [
              -40.1899226,
              -19.5851665
            ],
            [
              -40.1899939,
              -19.5851553
            ],
            [
              -40.1895844,
              -19.5842512
            ],
            [
              -40.1892078,
              -19.5834448
            ],
            [
              -40.1894119,
              -19.5833473
            ],
            [
              -40.1898471,
              -19.583187
            ],
            [
              -40.1904308,
              -19.5830952
            ],
            [
              -40.1915917,
              -19.5823737
            ],
            [
              -40.1917754,
              -19.5826317
            ],
            [
              -40.1918517,
              -19.582812
            ],
            [
              -40.1919188,
              -19.5828288
            ],
            [
              -40.1919742,
              -19.582793
            ],
            [
              -40.1920426,
              -19.5827488
            ],
            [
              -40.1923301,
              -19.582563
            ],
            [
              -40.1923329,
              -19.5823091
            ],
            [
              -40.1933176,
              -19.5819399
            ],
            [
              -40.1937486,
              -19.5817138
            ],
            [
              -40.1944491,
              -19.5815829
            ],
            [
              -40.1946895,
              -19.5820699
            ],
            [
              -40.1973803,
              -19.5814938
            ],
            [
              -40.1977296,
              -19.5809246
            ],
            [
              -40.1979365,
              -19.5807654
            ],
            [
              -40.2005633,
              -19.5845892
            ],
            [
              -40.198162,
              -19.5845909
            ],
            [
              -40.1979371,
              -19.5846209
            ],
            [
              -40.1978062,
              -19.584668
            ],
            [
              -40.1976016,
              -19.5849183
            ],
            [
              -40.197352,
              -19.5852854
            ],
            [
              -40.197285,
              -19.5854819
            ],
            [
              -40.1973019,
              -19.585508
            ],
            [
              -40.1973556,
              -19.5855909
            ],
            [
              -40.1974194,
              -19.5856892
            ],
            [
              -40.1974698,
              -19.5857159
            ],
            [
              -40.1979731,
              -19.5854607
            ],
            [
              -40.1983357,
              -19.586007
            ],
            [
              -40.1982856,
              -19.5860523
            ],
            [
              -40.1994072,
              -19.5876053
            ],
            [
              -40.1995919,
              -19.5877219
            ],
            [
              -40.2004634,
              -19.588567
            ],
            [
              -40.1981244,
              -19.5903182
            ],
            [
              -40.1980107,
              -19.5904033
            ],
            [
              -40.1979384,
              -19.5902401
            ],
            [
              -40.1977715,
              -19.5901528
            ],
            [
              -40.1975764,
              -19.5901079
            ],
            [
              -40.1973411,
              -19.5901018
            ],
            [
              -40.1972031,
              -19.5901276
            ],
            [
              -40.1971062,
              -19.5901457
            ],
            [
              -40.1970177,
              -19.5901903
            ],
            [
              -40.1969291,
              -19.590235
            ],
            [
              -40.1967656,
              -19.5904223
            ],
            [
              -40.196552,
              -19.5905527
            ],
            [
              -40.1962962,
              -19.5906437
            ],
            [
              -40.1960603,
              -19.5905957
            ],
            [
              -40.1959128,
              -19.5904627
            ],
            [
              -40.1957965,
              -19.5903097
            ],
            [
              -40.1957278,
              -19.5901992
            ],
            [
              -40.1956273,
              -19.5900727
            ],
            [
              -40.1955009,
              -19.5899694
            ],
            [
              -40.1953799,
              -19.5898859
            ],
            [
              -40.1952432,
              -19.5898024
            ],
            [
              -40.1951121,
              -19.5897686
            ],
            [
              -40.195002,
              -19.5897445
            ],
            [
              -40.1947464,
              -19.589754
            ],
            [
              -40.1945163,
              -19.5898965
            ],
            [
              -40.1942973,
              -19.5900071
            ],
            [
              -40.1941042,
              -19.5900828
            ],
            [
              -40.1939263,
              -19.590084
            ],
            [
              -40.1938208,
              -19.5899756
            ],
            [
              -40.1937778,
              -19.589827
            ],
            [
              -40.1937769,
              -19.589708
            ],
            [
              -40.1937575,
              -19.5894769
            ],
            [
              -40.193737,
              -19.5892618
            ],
            [
              -40.1937412,
              -19.5891229
            ],
            [
              -40.1936878,
              -19.5889694
            ],
            [
              -40.193461,
              -19.5887428
            ],
            [
              -40.1933135,
              -19.5886048
            ],
            [
              -40.1931612,
              -19.5885414
            ],
            [
              -40.1930462,
              -19.5885669
            ],
            [
              -40.192942,
              -19.5886321
            ],
            [
              -40.1929267,
              -19.5886818
            ],
            [
              -40.1930265,
              -19.5887357
            ],
            [
              -40.1931001,
              -19.5887749
            ],
            [
              -40.1931737,
              -19.5888191
            ],
            [
              -40.1931322,
              -19.5888689
            ],
            [
              -40.1930174,
              -19.5889094
            ],
            [
              -40.1928132,
              -19.5889008
            ],
            [
              -40.1926302,
              -19.5889268
            ],
            [
              -40.1925352,
              -19.5889465
            ],
            [
              -40.1924359,
              -19.588967
            ],
            [
              -40.1923855,
              -19.5889774
            ],
            [
              -40.1923366,
              -19.5889875
            ],
            [
              -40.1923032,
              -19.5890325
            ],
            [
              -40.1922377,
              -19.5891204
            ],
            [
              -40.192042,
              -19.5892233
            ],
            [
              -40.1918242,
              -19.5892417
            ],
            [
              -40.1917022,
              -19.5892515
            ],
            [
              -40.1915388,
              -19.5892944
            ],
            [
              -40.1914604,
              -19.589322
            ],
            [
              -40.1914137,
              -19.5893759
            ],
            [
              -40.1913256,
              -19.5894617
            ],
            [
              -40.1911583,
              -19.5895373
            ],
            [
              -40.1910478,
              -19.5895753
            ],
            [
              -40.1909152,
              -19.5895955
            ],
            [
              -40.1908081,
              -19.5895999
            ],
            [
              -40.1904663,
              -19.5896137
            ],
            [
              -40.190168,
              -19.5894548
            ],
            [
              -40.1898659,
              -19.5892556
            ],
            [
              -40.1895854,
              -19.5891234
            ],
            [
              -40.1893371,
              -19.5890244
            ],
            [
              -40.1889723,
              -19.5889564
            ],
            [
              -40.188565,
              -19.5888787
            ],
            [
              -40.1882108,
              -19.5888173
            ],
            [
              -40.1878533,
              -19.5887761
            ],
            [
              -40.187634,
              -19.5887742
            ],
            [
              -40.1874848,
              -19.5886981
            ],
            [
              -40.187279,
              -19.5886089
            ],
            [
              -40.1869926,
              -19.5886242
            ],
            [
              -40.1867449,
              -19.5886091
            ],
            [
              -40.1864231,
              -19.5886212
            ],
            [
              -40.1859915,
              -19.5886107
            ],
            [
              -40.1857473,
              -19.5885888
            ],
            [
              -40.1854712,
              -19.5885571
            ],
            [
              -40.1852558,
              -19.5886021
            ],
            [
              -40.184982,
              -19.5885935
            ]
          ]
        ]
      },
      "id": "relation/1915794"
    },
    {
      "type": "Feature",
      "properties": {
        "@id": "relation/1915795",
        "admin_level": "10",
        "boundary": "administrative",
        "name": "Jardins",
        "place": "suburb",
        "source": "IBGE",
        "type": "boundary"
      },
      "geometry": {
        "type": "Polygon",
        "coordinates": [
          [
            [
              -40.2608557,
              -19.822632
            ],
            [
              -40.2611603,
              -19.8223006
            ],
            [
              -40.261621,
              -19.8221092
            ],
            [
              -40.2622832,
              -19.8216404
            ],
            [
              -40.2627708,
              -19.8212952
            ],
            [
              -40.2630788,
              -19.8207503
            ],
            [
              -40.2631995,
              -19.8205926
            ],
            [
              -40.2633393,
              -19.8205193
            ],
            [
              -40.2634463,
              -19.8203714
            ],
            [
              -40.2635361,
              -19.8201916
            ],
            [
              -40.263696,
              -19.8198898
            ],
            [
              -40.2638062,
              -19.8197259
            ],
            [
              -40.2638694,
              -19.8195911
            ],
            [
              -40.2638852,
              -19.8194599
            ],
            [
              -40.2639348,
              -19.8193124
            ],
            [
              -40.264021,
              -19.8191071
            ],
            [
              -40.2640844,
              -19.8189927
            ],
            [
              -40.2641211,
              -19.8189433
            ],
            [
              -40.2641917,
              -19.8188948
            ],
            [
              -40.2642823,
              -19.8188078
            ],
            [
              -40.2643492,
              -19.8187177
            ],
            [
              -40.264362,
              -19.8186281
            ],
            [
              -40.2644086,
              -19.8185446
            ],
            [
              -40.2644702,
              -19.8184779
            ],
            [
              -40.2647655,
              -19.8183761
            ],
            [
              -40.2649142,
              -19.8183683
            ],
            [
              -40.2651771,
              -19.8182801
            ],
            [
              -40.2654534,
              -19.8181758
            ],
            [
              -40.2659597,
              -19.8179409
            ],
            [
              -40.2662363,
              -19.8178841
            ],
            [
              -40.2664142,
              -19.8178868
            ],
            [
              -40.2666504,
              -19.8179478
            ],
            [
              -40.2671901,
              -19.8181779
            ],
            [
              -40.2672151,
              -19.8181886
            ],
            [
              -40.267291,
              -19.818225
            ],
            [
              -40.2673432,
              -19.8182501
            ],
            [
              -40.2674262,
              -19.8182899
            ],
            [
              -40.2674656,
              -19.8183088
            ],
            [
              -40.2675669,
              -19.8183574
            ],
            [
              -40.2680058,
              -19.818488
            ],
            [
              -40.268358,
              -19.8185704
            ],
            [
              -40.2687723,
              -19.8186392
            ],
            [
              -40.2690528,
              -19.8188101
            ],
            [
              -40.2692366,
              -19.8189458
            ],
            [
              -40.2694756,
              -19.8190844
            ],
            [
              -40.2697011,
              -19.8192622
            ],
            [
              -40.2697786,
              -19.8194737
            ],
            [
              -40.2697216,
              -19.8196732
            ],
            [
              -40.2696295,
              -19.8197582
            ],
            [
              -40.2696044,
              -19.8197814
            ],
            [
              -40.2695848,
              -19.8197995
            ],
            [
              -40.2695465,
              -19.8198349
            ],
            [
              -40.2694581,
              -19.8199165
            ],
            [
              -40.2692631,
              -19.8201071
            ],
            [
              -40.2690781,
              -19.8202552
            ],
            [
              -40.268907,
              -19.8204195
            ],
            [
              -40.268815,
              -19.8205539
            ],
            [
              -40.268841,
              -19.8207821
            ],
            [
              -40.2688702,
              -19.8208433
            ],
            [
              -40.2689319,
              -19.8209726
            ],
            [
              -40.2689473,
              -19.8210048
            ],
            [
              -40.2692983,
              -19.8208579
            ],
            [
              -40.2700712,
              -19.8204635
            ],
            [
              -40.2712404,
              -19.8227947
            ],
            [
              -40.2689269,
              -19.823554
            ],
            [
              -40.2671408,
              -19.8241304
            ],
            [
              -40.266838,
              -19.8241752
            ],
            [
              -40.2658835,
              -19.823946
            ],
            [
              -40.2628131,
              -19.8230821
            ],
            [
              -40.2622384,
              -19.822968
            ],
            [
              -40.2608557,
              -19.822632
            ]
          ]
        ]
      },
      "id": "relation/1915795"
    },
    {
      "type": "Feature",
      "properties": {
        "@id": "relation/1915796",
        "admin_level": "10",
        "boundary": "administrative",
        "name": "Jequitibá",
        "place": "suburb",
        "source": "IBGE",
        "type": "boundary"
      },
      "geometry": {
        "type": "Polygon",
        "coordinates": [
          [
            [
              -40.2759732,
              -19.8275053
            ],
            [
              -40.2764339,
              -19.8274362
            ],
            [
              -40.2767614,
              -19.8273466
            ],
            [
              -40.2770436,
              -19.8272753
            ],
            [
              -40.2771429,
              -19.8272184
            ],
            [
              -40.2774626,
              -19.826996
            ],
            [
              -40.2777031,
              -19.8267862
            ],
            [
              -40.2780537,
              -19.8263716
            ],
            [
              -40.2781331,
              -19.8263051
            ],
            [
              -40.2783838,
              -19.8260901
            ],
            [
              -40.2785831,
              -19.8258331
            ],
            [
              -40.2788249,
              -19.8261585
            ],
            [
              -40.2789462,
              -19.8259744
            ],
            [
              -40.2791459,
              -19.8256332
            ],
            [
              -40.2794959,
              -19.8252072
            ],
            [
              -40.2797186,
              -19.8250446
            ],
            [
              -40.2800987,
              -19.824806
            ],
            [
              -40.2805035,
              -19.8245744
            ],
            [
              -40.2806626,
              -19.8248201
            ],
            [
              -40.2808005,
              -19.8249933
            ],
            [
              -40.2815288,
              -19.825932
            ],
            [
              -40.2818169,
              -19.8263262
            ],
            [
              -40.2820325,
              -19.8265931
            ],
            [
              -40.2821209,
              -19.8267681
            ],
            [
              -40.2822447,
              -19.8270933
            ],
            [
              -40.2826023,
              -19.8280348
            ],
            [
              -40.2812992,
              -19.8286727
            ],
            [
              -40.2810027,
              -19.8287724
            ],
            [
              -40.2807062,
              -19.8288172
            ],
            [
              -40.2803897,
              -19.8287624
            ],
            [
              -40.2801879,
              -19.8286303
            ],
            [
              -40.2798927,
              -19.8283537
            ],
            [
              -40.2798572,
              -19.8284253
            ],
            [
              -40.2797646,
              -19.8286231
            ],
            [
              -40.2797064,
              -19.828708
            ],
            [
              -40.279748,
              -19.8287235
            ],
            [
              -40.2797176,
              -19.8288241
            ],
            [
              -40.2796939,
              -19.8288371
            ],
            [
              -40.2796817,
              -19.8290052
            ],
            [
              -40.2797877,
              -19.8291555
            ],
            [
              -40.2798393,
              -19.8292287
            ],
            [
              -40.2798931,
              -19.829305
            ],
            [
              -40.279865,
              -19.8293242
            ],
            [
              -40.2799134,
              -19.8294034
            ],
            [
              -40.2799611,
              -19.8294813
            ],
            [
              -40.2799985,
              -19.8294554
            ],
            [
              -40.2800532,
              -19.8295252
            ],
            [
              -40.2801098,
              -19.8295973
            ],
            [
              -40.2801686,
              -19.8296721
            ],
            [
              -40.2802305,
              -19.8297403
            ],
            [
              -40.2802867,
              -19.8298144
            ],
            [
              -40.2803416,
              -19.8298866
            ],
            [
              -40.2803904,
              -19.8299509
            ],
            [
              -40.280416,
              -19.8299802
            ],
            [
              -40.2804378,
              -19.8300053
            ],
            [
              -40.2799088,
              -19.830344
            ],
            [
              -40.279568,
              -19.83038
            ],
            [
              -40.2793706,
              -19.8303575
            ],
            [
              -40.2791269,
              -19.8303152
            ],
            [
              -40.278944,
              -19.8305133
            ],
            [
              -40.2787607,
              -19.8306417
            ],
            [
              -40.2782934,
              -19.8306514
            ],
            [
              -40.2780491,
              -19.8306789
            ],
            [
              -40.2776773,
              -19.8308223
            ],
            [
              -40.2773861,
              -19.8310116
            ],
            [
              -40.2768233,
              -19.8310185
            ],
            [
              -40.2753584,
              -19.8310517
            ],
            [
              -40.275297,
              -19.8310507
            ],
            [
              -40.2752453,
              -19.8310499
            ],
            [
              -40.2752391,
              -19.8311342
            ],
            [
              -40.2751857,
              -19.8311377
            ],
            [
              -40.2740718,
              -19.8310933
            ],
            [
              -40.2739775,
              -19.8310874
            ],
            [
              -40.2737334,
              -19.8311078
            ],
            [
              -40.2738969,
              -19.8304315
            ],
            [
              -40.274075,
              -19.8297627
            ],
            [
              -40.2742051,
              -19.8292104
            ],
            [
              -40.2742119,
              -19.8291814
            ],
            [
              -40.2742169,
              -19.8291595
            ],
            [
              -40.2740572,
              -19.8289946
            ],
            [
              -40.2739238,
              -19.8288282
            ],
            [
              -40.2740258,
              -19.8287275
            ],
            [
              -40.2746338,
              -19.8281295
            ],
            [
              -40.2748431,
              -19.8279576
            ],
            [
              -40.2750699,
              -19.8278205
            ],
            [
              -40.2753564,
              -19.827666
            ],
            [
              -40.2755956,
              -19.8275738
            ],
            [
              -40.2757028,
              -19.8275514
            ],
            [
              -40.2759732,
              -19.8275053
            ]
          ]
        ]
      },
      "id": "relation/1915796"
    },
    {
      "type": "Feature",
      "properties": {
        "@id": "relation/1915797",
        "admin_level": "10",
        "boundary": "administrative",
        "name": "Limão",
        "place": "suburb",
        "source": "IBGE",
        "type": "boundary"
      },
      "geometry": {
        "type": "Polygon",
        "coordinates": [
          [
            [
              -40.2787171,
              -19.8096379
            ],
            [
              -40.2787181,
              -19.809694
            ],
            [
              -40.278779,
              -19.8098649
            ],
            [
              -40.2789085,
              -19.8100296
            ],
            [
              -40.2790921,
              -19.8102131
            ],
            [
              -40.2792082,
              -19.8103643
            ],
            [
              -40.2793377,
              -19.8104588
            ],
            [
              -40.2796428,
              -19.810591
            ],
            [
              -40.2799127,
              -19.8107395
            ],
            [
              -40.2802258,
              -19.8109581
            ],
            [
              -40.2808548,
              -19.8113387
            ],
            [
              -40.2810923,
              -19.811498
            ],
            [
              -40.2812354,
              -19.8115655
            ],
            [
              -40.2815431,
              -19.8117949
            ],
            [
              -40.2817267,
              -19.8119812
            ],
            [
              -40.2818373,
              -19.8121378
            ],
            [
              -40.2819372,
              -19.8123051
            ],
            [
              -40.282002,
              -19.8123672
            ],
            [
              -40.2820398,
              -19.8124536
            ],
            [
              -40.2820668,
              -19.8126155
            ],
            [
              -40.2821613,
              -19.8127316
            ],
            [
              -40.2822368,
              -19.8129125
            ],
            [
              -40.2822692,
              -19.8130798
            ],
            [
              -40.2823691,
              -19.8133606
            ],
            [
              -40.2825014,
              -19.8136224
            ],
            [
              -40.2826255,
              -19.8138194
            ],
            [
              -40.2826606,
              -19.8139247
            ],
            [
              -40.2826984,
              -19.8140597
            ],
            [
              -40.2827632,
              -19.8142756
            ],
            [
              -40.2828307,
              -19.8144052
            ],
            [
              -40.2828712,
              -19.8145402
            ],
            [
              -40.2821613,
              -19.8150584
            ],
            [
              -40.2820587,
              -19.815107
            ],
            [
              -40.2813568,
              -19.8152474
            ],
            [
              -40.2811328,
              -19.8152906
            ],
            [
              -40.2806025,
              -19.8153418
            ],
            [
              -40.2804346,
              -19.8153418
            ],
            [
              -40.2803329,
              -19.8153731
            ],
            [
              -40.2802048,
              -19.8154125
            ],
            [
              -40.2801305,
              -19.8154479
            ],
            [
              -40.2800068,
              -19.8155292
            ],
            [
              -40.2798583,
              -19.8156635
            ],
            [
              -40.2796888,
              -19.8160775
            ],
            [
              -40.2795529,
              -19.8163312
            ],
            [
              -40.2792178,
              -19.8158861
            ],
            [
              -40.2791434,
              -19.8157724
            ],
            [
              -40.278431,
              -19.8147841
            ],
            [
              -40.2789717,
              -19.8147971
            ],
            [
              -40.2787134,
              -19.8143941
            ],
            [
              -40.2786075,
              -19.8142975
            ],
            [
              -40.2782723,
              -19.8141281
            ],
            [
              -40.2775381,
              -19.8143733
            ],
            [
              -40.2769666,
              -19.814612
            ],
            [
              -40.276925,
              -19.8145586
            ],
            [
              -40.2757158,
              -19.8126894
            ],
            [
              -40.2749562,
              -19.811578
            ],
            [
              -40.2768639,
              -19.8100547
            ],
            [
              -40.2769156,
              -19.809996
            ],
            [
              -40.2770331,
              -19.8098719
            ],
            [
              -40.2774068,
              -19.8096954
            ],
            [
              -40.2776633,
              -19.8096805
            ],
            [
              -40.2780881,
              -19.809713
            ],
            [
              -40.2784104,
              -19.8097704
            ],
            [
              -40.2786003,
              -19.8097069
            ],
            [
              -40.2787171,
              -19.8096379
            ]
          ]
        ]
      },
      "id": "relation/1915797"
    },
    {
      "type": "Feature",
      "properties": {
        "@id": "relation/1915798",
        "admin_level": "10",
        "boundary": "administrative",
        "name": "Mar Azul",
        "place": "suburb",
        "source": "IBGE",
        "type": "boundary"
      },
      "geometry": {
        "type": "Polygon",
        "coordinates": [
          [
            [
              -40.0980914,
              -19.9073436
            ],
            [
              -40.0983288,
              -19.9072462
            ],
            [
              -40.0991378,
              -19.9069672
            ],
            [
              -40.0996074,
              -19.9068138
            ],
            [
              -40.0998027,
              -19.9068091
            ],
            [
              -40.1009752,
              -19.9064902
            ],
            [
              -40.1010674,
              -19.9064651
            ],
            [
              -40.1007752,
              -19.9056532
            ],
            [
              -40.1009605,
              -19.9056002
            ],
            [
              -40.1010535,
              -19.9056467
            ],
            [
              -40.1013232,
              -19.9057304
            ],
            [
              -40.1015928,
              -19.905763
            ],
            [
              -40.1017728,
              -19.9057432
            ],
            [
              -40.1031012,
              -19.9055035
            ],
            [
              -40.1033762,
              -19.9054464
            ],
            [
              -40.1047188,
              -19.9051997
            ],
            [
              -40.1049749,
              -19.9055733
            ],
            [
              -40.106595,
              -19.90801
            ],
            [
              -40.1068555,
              -19.9084018
            ],
            [
              -40.1116021,
              -19.91554
            ],
            [
              -40.1093154,
              -19.9169631
            ],
            [
              -40.107535,
              -19.9177609
            ],
            [
              -40.1074764,
              -19.9174361
            ],
            [
              -40.0996264,
              -19.9185857
            ],
            [
              -40.0994003,
              -19.9187144
            ],
            [
              -40.099293,
              -19.9185858
            ],
            [
              -40.0992098,
              -19.9184471
            ],
            [
              -40.099116,
              -19.9183311
            ],
            [
              -40.0990596,
              -19.918205
            ],
            [
              -40.0989792,
              -19.9180386
            ],
            [
              -40.0989094,
              -19.9178797
            ],
            [
              -40.0988424,
              -19.9176502
            ],
            [
              -40.098778,
              -19.9174207
            ],
            [
              -40.0987029,
              -19.9171812
            ],
            [
              -40.0986654,
              -19.9169038
            ],
            [
              -40.098668,
              -19.9166566
            ],
            [
              -40.0986627,
              -19.9164146
            ],
            [
              -40.0986895,
              -19.9162456
            ],
            [
              -40.0987083,
              -19.9160918
            ],
            [
              -40.098719,
              -19.9159152
            ],
            [
              -40.0987244,
              -19.9157715
            ],
            [
              -40.0987297,
              -19.9155471
            ],
            [
              -40.0987512,
              -19.9154714
            ],
            [
              -40.0987646,
              -19.9153882
            ],
            [
              -40.098778,
              -19.9152621
            ],
            [
              -40.0987753,
              -19.9151486
            ],
            [
              -40.0987431,
              -19.9149847
            ],
            [
              -40.0986895,
              -19.9148536
            ],
            [
              -40.0985366,
              -19.9144854
            ],
            [
              -40.0984454,
              -19.9143467
            ],
            [
              -40.0983757,
              -19.9142231
            ],
            [
              -40.0982925,
              -19.9140642
            ],
            [
              -40.0982067,
              -19.9139331
            ],
            [
              -40.0981262,
              -19.9138675
            ],
            [
              -40.0980565,
              -19.9138196
            ],
            [
              -40.0980243,
              -19.9137566
            ],
            [
              -40.0980109,
              -19.913686
            ],
            [
              -40.0980109,
              -19.9135927
            ],
            [
              -40.0980055,
              -19.9135321
            ],
            [
              -40.0979814,
              -19.913459
            ],
            [
              -40.0979492,
              -19.9133228
            ],
            [
              -40.0979385,
              -19.9131665
            ],
            [
              -40.0979143,
              -19.9130252
            ],
            [
              -40.0978526,
              -19.9128588
            ],
            [
              -40.0976352,
              -19.9124333
            ],
            [
              -40.0975874,
              -19.9123011
            ],
            [
              -40.0975565,
              -19.9121531
            ],
            [
              -40.0975475,
              -19.9119852
            ],
            [
              -40.0975481,
              -19.9118729
            ],
            [
              -40.09751,
              -19.9116211
            ],
            [
              -40.097489,
              -19.9114446
            ],
            [
              -40.0974609,
              -19.9112728
            ],
            [
              -40.0974159,
              -19.9110217
            ],
            [
              -40.0973928,
              -19.910903
            ],
            [
              -40.0973878,
              -19.9107996
            ],
            [
              -40.0973934,
              -19.9106621
            ],
            [
              -40.0974159,
              -19.9104242
            ],
            [
              -40.0973798,
              -19.910285
            ],
            [
              -40.0973681,
              -19.9101704
            ],
            [
              -40.0973737,
              -19.9100805
            ],
            [
              -40.0973962,
              -19.9099748
            ],
            [
              -40.09743,
              -19.9098796
            ],
            [
              -40.0974778,
              -19.9097342
            ],
            [
              -40.0975003,
              -19.9096021
            ],
            [
              -40.0975228,
              -19.9094672
            ],
            [
              -40.0975538,
              -19.9093472
            ],
            [
              -40.0976015,
              -19.9092463
            ],
            [
              -40.0976612,
              -19.9091528
            ],
            [
              -40.0977129,
              -19.909078
            ],
            [
              -40.0977327,
              -19.9089771
            ],
            [
              -40.0977465,
              -19.9089264
            ],
            [
              -40.0977934,
              -19.9088531
            ],
            [
              -40.0978651,
              -19.9087447
            ],
            [
              -40.0979072,
              -19.9086562
            ],
            [
              -40.0979255,
              -19.9085703
            ],
            [
              -40.0979564,
              -19.9084949
            ],
            [
              -40.0979733,
              -19.9083971
            ],
            [
              -40.0979762,
              -19.9082834
            ],
            [
              -40.0979831,
              -19.9082107
            ],
            [
              -40.0979705,
              -19.9081631
            ],
            [
              -40.0979536,
              -19.9081089
            ],
            [
              -40.0979536,
              -19.9080019
            ],
            [
              -40.0979522,
              -19.9078882
            ],
            [
              -40.0979592,
              -19.9078115
            ],
            [
              -40.0979621,
              -19.9077336
            ],
            [
              -40.0979888,
              -19.9076199
            ],
            [
              -40.0980262,
              -19.907564
            ],
            [
              -40.0980619,
              -19.9074652
            ],
            [
              -40.0980914,
              -19.9073436
            ]
          ]
        ]
      },
      "id": "relation/1915798"
    },
    {
      "type": "Feature",
      "properties": {
        "@id": "relation/1915803",
        "admin_level": "10",
        "boundary": "administrative",
        "name": "Morobá",
        "place": "suburb",
        "source": "IBGE",
        "type": "boundary"
      },
      "geometry": {
        "type": "Polygon",
        "coordinates": [
          [
            [
              -40.2663934,
              -19.8248986
            ],
            [
              -40.2658922,
              -19.8257599
            ],
            [
              -40.2652748,
              -19.8269758
            ],
            [
              -40.264901,
              -19.8277532
            ],
            [
              -40.2646269,
              -19.8282915
            ],
            [
              -40.2632914,
              -19.83099
            ],
            [
              -40.2621792,
              -19.833177
            ],
            [
              -40.2621025,
              -19.833122
            ],
            [
              -40.2618287,
              -19.8329247
            ],
            [
              -40.2616265,
              -19.8327264
            ],
            [
              -40.2614151,
              -19.832541
            ],
            [
              -40.2611993,
              -19.8324314
            ],
            [
              -40.2605655,
              -19.832259
            ],
            [
              -40.2599541,
              -19.8320949
            ],
            [
              -40.2583464,
              -19.8317126
            ],
            [
              -40.2573219,
              -19.8314331
            ],
            [
              -40.2568666,
              -19.8313109
            ],
            [
              -40.2566875,
              -19.8312745
            ],
            [
              -40.2565765,
              -19.831277
            ],
            [
              -40.2564502,
              -19.8313318
            ],
            [
              -40.2563111,
              -19.8314062
            ],
            [
              -40.2561518,
              -19.8315444
            ],
            [
              -40.2559753,
              -19.8317928
            ],
            [
              -40.2558424,
              -19.8319994
            ],
            [
              -40.2557605,
              -19.8321077
            ],
            [
              -40.2554669,
              -19.8322688
            ],
            [
              -40.2553383,
              -19.8323411
            ],
            [
              -40.2552559,
              -19.8323931
            ],
            [
              -40.2549075,
              -19.8321654
            ],
            [
              -40.2546372,
              -19.8319935
            ],
            [
              -40.2542886,
              -19.8317488
            ],
            [
              -40.2543961,
              -19.8316036
            ],
            [
              -40.2545678,
              -19.8313943
            ],
            [
              -40.2545821,
              -19.8312449
            ],
            [
              -40.2545099,
              -19.8309419
            ],
            [
              -40.2544833,
              -19.8308491
            ],
            [
              -40.2543161,
              -19.83063
            ],
            [
              -40.2542553,
              -19.8305564
            ],
            [
              -40.2542396,
              -19.8304371
            ],
            [
              -40.2542121,
              -19.8302293
            ],
            [
              -40.2541465,
              -19.8300706
            ],
            [
              -40.254245,
              -19.8293946
            ],
            [
              -40.2542752,
              -19.8287699
            ],
            [
              -40.2542038,
              -19.8285561
            ],
            [
              -40.2541527,
              -19.8284028
            ],
            [
              -40.2542626,
              -19.8282711
            ],
            [
              -40.2542892,
              -19.8282394
            ],
            [
              -40.2543092,
              -19.8282154
            ],
            [
              -40.2539419,
              -19.8279493
            ],
            [
              -40.2533549,
              -19.8275391
            ],
            [
              -40.2532445,
              -19.8274665
            ],
            [
              -40.2527774,
              -19.8272519
            ],
            [
              -40.2524808,
              -19.8271572
            ],
            [
              -40.2524456,
              -19.827129
            ],
            [
              -40.2525016,
              -19.8269916
            ],
            [
              -40.252773,
              -19.8270848
            ],
            [
              -40.2530935,
              -19.8271336
            ],
            [
              -40.2533334,
              -19.827218
            ],
            [
              -40.2535634,
              -19.8273344
            ],
            [
              -40.2537834,
              -19.8274668
            ],
            [
              -40.2539018,
              -19.8275202
            ],
            [
              -40.2539501,
              -19.8275475
            ],
            [
              -40.253999,
              -19.8275459
            ],
            [
              -40.2540971,
              -19.8275494
            ],
            [
              -40.2542051,
              -19.8275532
            ],
            [
              -40.2544191,
              -19.8275604
            ],
            [
              -40.2545486,
              -19.8275645
            ],
            [
              -40.2547139,
              -19.8275871
            ],
            [
              -40.2548064,
              -19.8276014
            ],
            [
              -40.2549247,
              -19.8275286
            ],
            [
              -40.2550327,
              -19.8274874
            ],
            [
              -40.2560435,
              -19.826689
            ],
            [
              -40.2561627,
              -19.826567
            ],
            [
              -40.256227,
              -19.8265165
            ],
            [
              -40.2563093,
              -19.8264034
            ],
            [
              -40.2564049,
              -19.8262915
            ],
            [
              -40.2565006,
              -19.8261971
            ],
            [
              -40.2566972,
              -19.826007
            ],
            [
              -40.2567878,
              -19.8259364
            ],
            [
              -40.2568654,
              -19.8258933
            ],
            [
              -40.2569098,
              -19.8258342
            ],
            [
              -40.2569701,
              -19.8257801
            ],
            [
              -40.2570505,
              -19.8257495
            ],
            [
              -40.2571177,
              -19.825729
            ],
            [
              -40.2571518,
              -19.8257001
            ],
            [
              -40.2572699,
              -19.8256055
            ],
            [
              -40.2573646,
              -19.8255511
            ],
            [
              -40.25745,
              -19.8255005
            ],
            [
              -40.2574985,
              -19.8254539
            ],
            [
              -40.2575758,
              -19.8253733
            ],
            [
              -40.2576108,
              -19.8253675
            ],
            [
              -40.2576457,
              -19.8253616
            ],
            [
              -40.2577025,
              -19.8253587
            ],
            [
              -40.2577499,
              -19.8253384
            ],
            [
              -40.2578182,
              -19.8252941
            ],
            [
              -40.257884,
              -19.8252574
            ],
            [
              -40.2579631,
              -19.8252356
            ],
            [
              -40.2580064,
              -19.8252103
            ],
            [
              -40.2580457,
              -19.8251625
            ],
            [
              -40.2581258,
              -19.8251082
            ],
            [
              -40.2582548,
              -19.8250486
            ],
            [
              -40.2583782,
              -19.8249502
            ],
            [
              -40.2585425,
              -19.8248553
            ],
            [
              -40.2586147,
              -19.8247985
            ],
            [
              -40.2587147,
              -19.8247428
            ],
            [
              -40.2588722,
              -19.8246242
            ],
            [
              -40.2590639,
              -19.8244779
            ],
            [
              -40.2592371,
              -19.8243292
            ],
            [
              -40.2595508,
              -19.8240845
            ],
            [
              -40.2598955,
              -19.8238377
            ],
            [
              -40.260099,
              -19.8237059
            ],
            [
              -40.2603604,
              -19.8235026
            ],
            [
              -40.2605345,
              -19.8233473
            ],
            [
              -40.2607001,
              -19.8231723
            ],
            [
              -40.2607821,
              -19.822986
            ],
            [
              -40.2608392,
              -19.8228158
            ],
            [
              -40.26085,
              -19.8226957
            ],
            [
              -40.2608557,
              -19.822632
            ],
            [
              -40.2622384,
              -19.822968
            ],
            [
              -40.2628131,
              -19.8230821
            ],
            [
              -40.2658835,
              -19.823946
            ],
            [
              -40.266838,
              -19.8241752
            ],
            [
              -40.2663934,
              -19.8248986
            ]
          ]
        ]
      },
      "id": "relation/1915803"
    },
    {
      "type": "Feature",
      "properties": {
        "@id": "relation/1915805",
        "admin_level": "10",
        "boundary": "administrative",
        "name": "Nova Colatina",
        "place": "suburb",
        "source": "IBGE",
        "type": "boundary"
      },
      "geometry": {
        "type": "Polygon",
        "coordinates": [
          [
            [
              -40.1923329,
              -19.5823091
            ],
            [
              -40.1923301,
              -19.582563
            ],
            [
              -40.1920426,
              -19.5827488
            ],
            [
              -40.1919742,
              -19.582793
            ],
            [
              -40.1919188,
              -19.5828288
            ],
            [
              -40.1918517,
              -19.582812
            ],
            [
              -40.1917754,
              -19.5826317
            ],
            [
              -40.1915917,
              -19.5823737
            ],
            [
              -40.1904308,
              -19.5830952
            ],
            [
              -40.1898471,
              -19.583187
            ],
            [
              -40.1894119,
              -19.5833473
            ],
            [
              -40.1892078,
              -19.5834448
            ],
            [
              -40.1891908,
              -19.5834037
            ],
            [
              -40.1888538,
              -19.5826617
            ],
            [
              -40.1883944,
              -19.5816637
            ],
            [
              -40.1876801,
              -19.5801231
            ],
            [
              -40.1875682,
              -19.5798757
            ],
            [
              -40.1869454,
              -19.5784981
            ],
            [
              -40.1861941,
              -19.5768639
            ],
            [
              -40.1854496,
              -19.5752422
            ],
            [
              -40.1846883,
              -19.573583
            ],
            [
              -40.1843855,
              -19.572845
            ],
            [
              -40.1842424,
              -19.5726318
            ],
            [
              -40.1838948,
              -19.5720428
            ],
            [
              -40.1835649,
              -19.5715445
            ],
            [
              -40.1828563,
              -19.5705214
            ],
            [
              -40.1831212,
              -19.5704042
            ],
            [
              -40.1815225,
              -19.5681979
            ],
            [
              -40.1867937,
              -19.5681875
            ],
            [
              -40.1904821,
              -19.5733927
            ],
            [
              -40.1907222,
              -19.5737339
            ],
            [
              -40.1908369,
              -19.5739039
            ],
            [
              -40.1908614,
              -19.5739708
            ],
            [
              -40.1908913,
              -19.5740157
            ],
            [
              -40.1909028,
              -19.5740288
            ],
            [
              -40.1913482,
              -19.5744619
            ],
            [
              -40.1915359,
              -19.5749746
            ],
            [
              -40.1916255,
              -19.5753135
            ],
            [
              -40.1915613,
              -19.575791
            ],
            [
              -40.1915941,
              -19.5763047
            ],
            [
              -40.1916743,
              -19.5766895
            ],
            [
              -40.1916678,
              -19.5771208
            ],
            [
              -40.1916443,
              -19.5778642
            ],
            [
              -40.1914861,
              -19.5787369
            ],
            [
              -40.1914036,
              -19.5793614
            ],
            [
              -40.1913221,
              -19.5801327
            ],
            [
              -40.1913296,
              -19.5803828
            ],
            [
              -40.1913568,
              -19.580507
            ],
            [
              -40.1913374,
              -19.5806421
            ],
            [
              -40.1913131,
              -19.5807869
            ],
            [
              -40.1913346,
              -19.5809507
            ],
            [
              -40.1913965,
              -19.581066
            ],
            [
              -40.1914992,
              -19.5811955
            ],
            [
              -40.1917037,
              -19.581334
            ],
            [
              -40.1918928,
              -19.5814533
            ],
            [
              -40.1920509,
              -19.5815101
            ],
            [
              -40.1921909,
              -19.5815593
            ],
            [
              -40.1923779,
              -19.5817056
            ],
            [
              -40.1925618,
              -19.5818009
            ],
            [
              -40.1927456,
              -19.5819009
            ],
            [
              -40.1928938,
              -19.5819819
            ],
            [
              -40.1923876,
              -19.5822389
            ],
            [
              -40.1923329,
              -19.5823091
            ]
          ]
        ]
      },
      "id": "relation/1915805"
    },
    {
      "type": "Feature",
      "properties": {
        "@id": "relation/1915807",
        "admin_level": "10",
        "boundary": "administrative",
        "name": "Nova Jequitibá",
        "place": "suburb",
        "source": "IBGE",
        "type": "boundary"
      },
      "geometry": {
        "type": "Polygon",
        "coordinates": [
          [
            [
              -40.2768233,
              -19.8310185
            ],
            [
              -40.2773861,
              -19.8310116
            ],
            [
              -40.2776773,
              -19.8308223
            ],
            [
              -40.2780491,
              -19.8306789
            ],
            [
              -40.2782934,
              -19.8306514
            ],
            [
              -40.2787607,
              -19.8306417
            ],
            [
              -40.278944,
              -19.8305133
            ],
            [
              -40.2791269,
              -19.8303152
            ],
            [
              -40.2793706,
              -19.8303575
            ],
            [
              -40.279568,
              -19.83038
            ],
            [
              -40.2799088,
              -19.830344
            ],
            [
              -40.2804378,
              -19.8300053
            ],
            [
              -40.280416,
              -19.8299802
            ],
            [
              -40.2803904,
              -19.8299509
            ],
            [
              -40.2803416,
              -19.8298866
            ],
            [
              -40.2802867,
              -19.8298144
            ],
            [
              -40.2802305,
              -19.8297403
            ],
            [
              -40.2801686,
              -19.8296721
            ],
            [
              -40.2801098,
              -19.8295973
            ],
            [
              -40.2800532,
              -19.8295252
            ],
            [
              -40.2799985,
              -19.8294554
            ],
            [
              -40.2799611,
              -19.8294813
            ],
            [
              -40.2799134,
              -19.8294034
            ],
            [
              -40.279865,
              -19.8293242
            ],
            [
              -40.2798931,
              -19.829305
            ],
            [
              -40.2798393,
              -19.8292287
            ],
            [
              -40.2797877,
              -19.8291555
            ],
            [
              -40.2796817,
              -19.8290052
            ],
            [
              -40.2796939,
              -19.8288371
            ],
            [
              -40.2797176,
              -19.8288241
            ],
            [
              -40.279748,
              -19.8287235
            ],
            [
              -40.2797064,
              -19.828708
            ],
            [
              -40.2797646,
              -19.8286231
            ],
            [
              -40.2798572,
              -19.8284253
            ],
            [
              -40.2798927,
              -19.8283537
            ],
            [
              -40.2801879,
              -19.8286303
            ],
            [
              -40.2803897,
              -19.8287624
            ],
            [
              -40.2807062,
              -19.8288172
            ],
            [
              -40.2810027,
              -19.8287724
            ],
            [
              -40.2812992,
              -19.8286727
            ],
            [
              -40.281364,
              -19.8287325
            ],
            [
              -40.2814836,
              -19.8287624
            ],
            [
              -40.2816234,
              -19.8287937
            ],
            [
              -40.2816506,
              -19.8287998
            ],
            [
              -40.2818474,
              -19.8289144
            ],
            [
              -40.2820243,
              -19.8290639
            ],
            [
              -40.2821489,
              -19.8292059
            ],
            [
              -40.2822152,
              -19.8292675
            ],
            [
              -40.2822881,
              -19.8293962
            ],
            [
              -40.2822137,
              -19.8302051
            ],
            [
              -40.281075,
              -19.8312292
            ],
            [
              -40.2806713,
              -19.8315606
            ],
            [
              -40.2805274,
              -19.8316799
            ],
            [
              -40.2800882,
              -19.832044
            ],
            [
              -40.2793307,
              -19.8326819
            ],
            [
              -40.278682,
              -19.8320001
            ],
            [
              -40.2794983,
              -19.8314036
            ],
            [
              -40.279459,
              -19.8313684
            ],
            [
              -40.2792322,
              -19.8313865
            ],
            [
              -40.2787986,
              -19.8313811
            ],
            [
              -40.2784156,
              -19.8313567
            ],
            [
              -40.2778943,
              -19.8312914
            ],
            [
              -40.277744,
              -19.8312913
            ],
            [
              -40.2771122,
              -19.831244
            ],
            [
              -40.2768275,
              -19.8312423
            ],
            [
              -40.2768233,
              -19.8310185
            ]
          ]
        ]
      },
      "id": "relation/1915807"
    },
    {
      "type": "Feature",
      "properties": {
        "@id": "relation/1915808",
        "admin_level": "10",
        "boundary": "administrative",
        "name": "Planalto",
        "place": "suburb",
        "source": "IBGE",
        "type": "boundary"
      },
      "geometry": {
        "type": "Polygon",
        "coordinates": [
          [
            [
              -40.2821674,
              -19.7926428
            ],
            [
              -40.2825138,
              -19.7920875
            ],
            [
              -40.2827961,
              -19.7920634
            ],
            [
              -40.2827319,
              -19.7924497
            ],
            [
              -40.2825267,
              -19.7927877
            ],
            [
              -40.2823214,
              -19.7929567
            ],
            [
              -40.2822067,
              -19.7930289
            ],
            [
              -40.2823264,
              -19.7934603
            ],
            [
              -40.2826293,
              -19.7933189
            ],
            [
              -40.2828346,
              -19.7937414
            ],
            [
              -40.2832708,
              -19.7936689
            ],
            [
              -40.2834119,
              -19.7939345
            ],
            [
              -40.2836942,
              -19.7939828
            ],
            [
              -40.2838866,
              -19.7944295
            ],
            [
              -40.284156,
              -19.794526
            ],
            [
              -40.2845666,
              -19.7950693
            ],
            [
              -40.2850028,
              -19.7954797
            ],
            [
              -40.2849771,
              -19.7958298
            ],
            [
              -40.2846436,
              -19.7956728
            ],
            [
              -40.2842074,
              -19.7956246
            ],
            [
              -40.2839636,
              -19.7950331
            ],
            [
              -40.2835274,
              -19.7947795
            ],
            [
              -40.28295,
              -19.7947433
            ],
            [
              -40.2826055,
              -19.7951487
            ],
            [
              -40.2827063,
              -19.7957811
            ],
            [
              -40.2829131,
              -19.7970889
            ],
            [
              -40.2830906,
              -19.7979578
            ],
            [
              -40.2832552,
              -19.7984099
            ],
            [
              -40.2832563,
              -19.7986274
            ],
            [
              -40.2832565,
              -19.7988972
            ],
            [
              -40.2832133,
              -19.7991497
            ],
            [
              -40.2829769,
              -19.7995853
            ],
            [
              -40.2827134,
              -19.7998227
            ],
            [
              -40.2825148,
              -19.7999836
            ],
            [
              -40.2817964,
              -19.8004492
            ],
            [
              -40.2814849,
              -19.8006808
            ],
            [
              -40.2812198,
              -19.8008146
            ],
            [
              -40.2808718,
              -19.8009249
            ],
            [
              -40.2805216,
              -19.8009441
            ],
            [
              -40.279642,
              -19.8009209
            ],
            [
              -40.2790674,
              -19.8009092
            ],
            [
              -40.2787032,
              -19.8009185
            ],
            [
              -40.2784834,
              -19.8009839
            ],
            [
              -40.2783187,
              -19.8010569
            ],
            [
              -40.2779595,
              -19.8013296
            ],
            [
              -40.277715,
              -19.8003651
            ],
            [
              -40.2763822,
              -19.7961377
            ],
            [
              -40.2760007,
              -19.7949133
            ],
            [
              -40.277754,
              -19.7934948
            ],
            [
              -40.2793334,
              -19.7922797
            ],
            [
              -40.2816572,
              -19.7916286
            ],
            [
              -40.2820871,
              -19.7926912
            ],
            [
              -40.2821674,
              -19.7926428
            ]
          ]
        ]
      },
      "id": "relation/1915808"
    },
    {
      "type": "Feature",
      "properties": {
        "@id": "relation/1915809",
        "admin_level": "10",
        "boundary": "administrative",
        "name": "Polivalente",
        "place": "suburb",
        "source": "IBGE",
        "type": "boundary"
      },
      "geometry": {
        "type": "Polygon",
        "coordinates": [
          [
            [
              -40.2673274,
              -19.8083085
            ],
            [
              -40.2654835,
              -19.8105889
            ],
            [
              -40.2658244,
              -19.8111025
            ],
            [
              -40.2702811,
              -19.8162946
            ],
            [
              -40.2703545,
              -19.8162275
            ],
            [
              -40.2704992,
              -19.8161227
            ],
            [
              -40.2707802,
              -19.8159969
            ],
            [
              -40.2709815,
              -19.8159528
            ],
            [
              -40.2714323,
              -19.8158941
            ],
            [
              -40.2718789,
              -19.8159036
            ],
            [
              -40.2720069,
              -19.8158794
            ],
            [
              -40.2721851,
              -19.8158669
            ],
            [
              -40.2723333,
              -19.8158823
            ],
            [
              -40.2723864,
              -19.8158878
            ],
            [
              -40.2723969,
              -19.8161814
            ],
            [
              -40.2723864,
              -19.8164037
            ],
            [
              -40.2723718,
              -19.8165819
            ],
            [
              -40.2727618,
              -19.8165945
            ],
            [
              -40.2727198,
              -19.8170453
            ],
            [
              -40.2726926,
              -19.8173892
            ],
            [
              -40.2727052,
              -19.8176031
            ],
            [
              -40.2727261,
              -19.8177268
            ],
            [
              -40.2727639,
              -19.817861
            ],
            [
              -40.2728247,
              -19.8179743
            ],
            [
              -40.2729841,
              -19.8181672
            ],
            [
              -40.273437,
              -19.8185908
            ],
            [
              -40.2735489,
              -19.8187176
            ],
            [
              -40.2729287,
              -19.8190698
            ],
            [
              -40.2712198,
              -19.8199122
            ],
            [
              -40.2700712,
              -19.8204635
            ],
            [
              -40.2692983,
              -19.8208579
            ],
            [
              -40.2689473,
              -19.8210048
            ],
            [
              -40.2689319,
              -19.8209726
            ],
            [
              -40.2688702,
              -19.8208433
            ],
            [
              -40.268841,
              -19.8207821
            ],
            [
              -40.268815,
              -19.8205539
            ],
            [
              -40.268907,
              -19.8204195
            ],
            [
              -40.2690781,
              -19.8202552
            ],
            [
              -40.2692631,
              -19.8201071
            ],
            [
              -40.2694581,
              -19.8199165
            ],
            [
              -40.2695465,
              -19.8198349
            ],
            [
              -40.2695848,
              -19.8197995
            ],
            [
              -40.2696044,
              -19.8197814
            ],
            [
              -40.2696295,
              -19.8197582
            ],
            [
              -40.2697216,
              -19.8196732
            ],
            [
              -40.2697786,
              -19.8194737
            ],
            [
              -40.2697011,
              -19.8192622
            ],
            [
              -40.2694756,
              -19.8190844
            ],
            [
              -40.2692366,
              -19.8189458
            ],
            [
              -40.2690528,
              -19.8188101
            ],
            [
              -40.2687723,
              -19.8186392
            ],
            [
              -40.268358,
              -19.8185704
            ],
            [
              -40.2680058,
              -19.818488
            ],
            [
              -40.2675669,
              -19.8183574
            ],
            [
              -40.2674656,
              -19.8183088
            ],
            [
              -40.2674262,
              -19.8182899
            ],
            [
              -40.2673432,
              -19.8182501
            ],
            [
              -40.267291,
              -19.818225
            ],
            [
              -40.2672151,
              -19.8181886
            ],
            [
              -40.2671901,
              -19.8181779
            ],
            [
              -40.2666504,
              -19.8179478
            ],
            [
              -40.2664142,
              -19.8178868
            ],
            [
              -40.2662363,
              -19.8178841
            ],
            [
              -40.2659597,
              -19.8179409
            ],
            [
              -40.2654534,
              -19.8181758
            ],
            [
              -40.2651771,
              -19.8182801
            ],
            [
              -40.2649142,
              -19.8183683
            ],
            [
              -40.2647655,
              -19.8183761
            ],
            [
              -40.2644702,
              -19.8184779
            ],
            [
              -40.2644086,
              -19.8185446
            ],
            [
              -40.264362,
              -19.8186281
            ],
            [
              -40.2643492,
              -19.8187177
            ],
            [
              -40.2642823,
              -19.8188078
            ],
            [
              -40.2641917,
              -19.8188948
            ],
            [
              -40.2641211,
              -19.8189433
            ],
            [
              -40.2640844,
              -19.8189927
            ],
            [
              -40.2640004,
              -19.8188935
            ],
            [
              -40.2639087,
              -19.8188323
            ],
            [
              -40.2637405,
              -19.8187405
            ],
            [
              -40.2634882,
              -19.8186361
            ],
            [
              -40.2633327,
              -19.8185647
            ],
            [
              -40.2631849,
              -19.8184424
            ],
            [
              -40.2630498,
              -19.8182665
            ],
            [
              -40.2628918,
              -19.8181493
            ],
            [
              -40.2627746,
              -19.8180983
            ],
            [
              -40.2627703,
              -19.8179233
            ],
            [
              -40.2626471,
              -19.817762
            ],
            [
              -40.2624702,
              -19.8175434
            ],
            [
              -40.2624807,
              -19.8174244
            ],
            [
              -40.2625823,
              -19.8172687
            ],
            [
              -40.2627632,
              -19.8170332
            ],
            [
              -40.2630168,
              -19.8168295
            ],
            [
              -40.2632092,
              -19.8166011
            ],
            [
              -40.2634019,
              -19.8164123
            ],
            [
              -40.2636599,
              -19.8162916
            ],
            [
              -40.2639752,
              -19.8161884
            ],
            [
              -40.2642562,
              -19.8160783
            ],
            [
              -40.2642701,
              -19.8159088
            ],
            [
              -40.2647646,
              -19.8153575
            ],
            [
              -40.2635409,
              -19.814238
            ],
            [
              -40.262773,
              -19.813529
            ],
            [
              -40.2633202,
              -19.8127013
            ],
            [
              -40.261625,
              -19.8103394
            ],
            [
              -40.2615043,
              -19.8102182
            ],
            [
              -40.261397,
              -19.8101829
            ],
            [
              -40.2614453,
              -19.810087
            ],
            [
              -40.2616384,
              -19.809875
            ],
            [
              -40.2619227,
              -19.8096429
            ],
            [
              -40.2623358,
              -19.8095571
            ],
            [
              -40.2659093,
              -19.8071442
            ],
            [
              -40.2673274,
              -19.8083085
            ]
          ]
        ]
      },
      "id": "relation/1915809"
    },
    {
      "type": "Feature",
      "properties": {
        "@id": "relation/1915810",
        "admin_level": "10",
        "boundary": "administrative",
        "name": "Pontal do Piraqueaçu",
        "place": "suburb",
        "source": "IBGE",
        "type": "boundary"
      },
      "geometry": {
        "type": "Polygon",
        "coordinates": [
          [
            [
              -40.1503755,
              -19.9442723
            ],
            [
              -40.1508839,
              -19.9442728
            ],
            [
              -40.1510223,
              -19.9442891
            ],
            [
              -40.1520565,
              -19.9442292
            ],
            [
              -40.1521041,
              -19.9442192
            ],
            [
              -40.1521361,
              -19.9442338
            ],
            [
              -40.1521693,
              -19.944249
            ],
            [
              -40.1522092,
              -19.9442673
            ],
            [
              -40.1523804,
              -19.9443455
            ],
            [
              -40.1524231,
              -19.9443721
            ],
            [
              -40.1528312,
              -19.9446263
            ],
            [
              -40.1532621,
              -19.9449103
            ],
            [
              -40.1538116,
              -19.9452848
            ],
            [
              -40.1543593,
              -19.945657
            ],
            [
              -40.1552278,
              -19.9500701
            ],
            [
              -40.1548657,
              -19.949981
            ],
            [
              -40.1547638,
              -19.9499836
            ],
            [
              -40.1546672,
              -19.9500415
            ],
            [
              -40.1545438,
              -19.9501525
            ],
            [
              -40.1544848,
              -19.9502155
            ],
            [
              -40.1543722,
              -19.9502533
            ],
            [
              -40.1542756,
              -19.9502659
            ],
            [
              -40.1537231,
              -19.9502659
            ],
            [
              -40.1534522,
              -19.9502332
            ],
            [
              -40.1533073,
              -19.9502004
            ],
            [
              -40.1530445,
              -19.9500516
            ],
            [
              -40.1528326,
              -19.949923
            ],
            [
              -40.1526529,
              -19.9497945
            ],
            [
              -40.1524383,
              -19.9496281
            ],
            [
              -40.1523122,
              -19.9494944
            ],
            [
              -40.1521969,
              -19.9493658
            ],
            [
              -40.1520869,
              -19.9491793
            ],
            [
              -40.1520386,
              -19.9490456
            ],
            [
              -40.1519609,
              -19.9489498
            ],
            [
              -40.1518858,
              -19.9488641
            ],
            [
              -40.1518106,
              -19.9487456
            ],
            [
              -40.1517007,
              -19.9485868
            ],
            [
              -40.1515156,
              -19.9483397
            ],
            [
              -40.1512983,
              -19.9481455
            ],
            [
              -40.1510972,
              -19.9479565
            ],
            [
              -40.1507995,
              -19.9476842
            ],
            [
              -40.15044,
              -19.9473992
            ],
            [
              -40.1502764,
              -19.9472984
            ],
            [
              -40.1501048,
              -19.9472101
            ],
            [
              -40.1498446,
              -19.947132
            ],
            [
              -40.1495791,
              -19.9470362
            ],
            [
              -40.1493993,
              -19.9469303
            ],
            [
              -40.1492626,
              -19.9467891
            ],
            [
              -40.1490802,
              -19.9466504
            ],
            [
              -40.1495846,
              -19.9459217
            ],
            [
              -40.1496493,
              -19.9458231
            ],
            [
              -40.149671,
              -19.9457899
            ],
            [
              -40.1497032,
              -19.945741
            ],
            [
              -40.149833,
              -19.9455432
            ],
            [
              -40.1503184,
              -19.9446411
            ],
            [
              -40.1503133,
              -19.9444886
            ],
            [
              -40.1503737,
              -19.9443406
            ],
            [
              -40.1503755,
              -19.9442723
            ]
          ]
        ]
      },
      "id": "relation/1915810"
    },
    {
      "type": "Feature",
      "properties": {
        "@id": "relation/1915811",
        "admin_level": "10",
        "boundary": "administrative",
        "name": "Praia Formosa",
        "place": "suburb",
        "source": "IBGE",
        "type": "boundary"
      },
      "geometry": {
        "type": "Polygon",
        "coordinates": [
          [
            [
              -40.1606092,
              -20.0102414
            ],
            [
              -40.1605852,
              -20.0102555
            ],
            [
              -40.1602966,
              -20.0104385
            ],
            [
              -40.1601012,
              -20.010574
            ],
            [
              -40.1599299,
              -20.010677
            ],
            [
              -40.1597544,
              -20.0107735
            ],
            [
              -40.1596932,
              -20.0107825
            ],
            [
              -40.1596613,
              -20.0107936
            ],
            [
              -40.1594301,
              -20.010833
            ],
            [
              -40.1592446,
              -20.0108761
            ],
            [
              -40.1591711,
              -20.0108818
            ],
            [
              -40.1591153,
              -20.0108778
            ],
            [
              -40.1590798,
              -20.0108839
            ],
            [
              -40.1590473,
              -20.0108957
            ],
            [
              -40.1590133,
              -20.0109185
            ],
            [
              -40.1589943,
              -20.0109241
            ],
            [
              -40.1587797,
              -20.0109356
            ],
            [
              -40.1585038,
              -20.0109692
            ],
            [
              -40.1581097,
              -20.0110014
            ],
            [
              -40.1580249,
              -20.0110124
            ],
            [
              -40.1577582,
              -20.0110595
            ],
            [
              -40.157636,
              -20.0110737
            ],
            [
              -40.1575125,
              -20.0110784
            ],
            [
              -40.1574725,
              -20.0110894
            ],
            [
              -40.1574382,
              -20.0110887
            ],
            [
              -40.1571499,
              -20.0111348
            ],
            [
              -40.1567944,
              -20.0111725
            ],
            [
              -40.1567629,
              -20.0111856
            ],
            [
              -40.1566821,
              -20.0112422
            ],
            [
              -40.1566314,
              -20.0112833
            ],
            [
              -40.1565992,
              -20.0112955
            ],
            [
              -40.1565381,
              -20.0113351
            ],
            [
              -40.1565247,
              -20.0113359
            ],
            [
              -40.1564712,
              -20.0113631
            ],
            [
              -40.1564479,
              -20.0113705
            ],
            [
              -40.1562375,
              -20.0114659
            ],
            [
              -40.1559184,
              -20.0115723
            ],
            [
              -40.1557548,
              -20.0116432
            ],
            [
              -40.1556309,
              -20.0117096
            ],
            [
              -40.1555706,
              -20.0117339
            ],
            [
              -40.1555323,
              -20.0117445
            ],
            [
              -40.1554983,
              -20.0117436
            ],
            [
              -40.1554854,
              -20.0117382
            ],
            [
              -40.1554333,
              -20.0117015
            ],
            [
              -40.1553831,
              -20.011696
            ],
            [
              -40.1553421,
              -20.011697
            ],
            [
              -40.1553125,
              -20.0117025
            ],
            [
              -40.1552144,
              -20.0117375
            ],
            [
              -40.1551546,
              -20.0117409
            ],
            [
              -40.1550556,
              -20.0117613
            ],
            [
              -40.1550037,
              -20.0117862
            ],
            [
              -40.1549188,
              -20.0118166
            ],
            [
              -40.1548191,
              -20.0118183
            ],
            [
              -40.1547952,
              -20.0118228
            ],
            [
              -40.1547853,
              -20.0118315
            ],
            [
              -40.15477,
              -20.0118633
            ],
            [
              -40.1547273,
              -20.0119251
            ],
            [
              -40.1546998,
              -20.0119381
            ],
            [
              -40.1546727,
              -20.0119871
            ],
            [
              -40.1546623,
              -20.0120204
            ],
            [
              -40.1546631,
              -20.0120444
            ],
            [
              -40.1546723,
              -20.0120638
            ],
            [
              -40.1547281,
              -20.0121181
            ],
            [
              -40.1547577,
              -20.0121631
            ],
            [
              -40.154757,
              -20.0121886
            ],
            [
              -40.1547482,
              -20.0122053
            ],
            [
              -40.154731,
              -20.0122205
            ],
            [
              -40.1547177,
              -20.0122412
            ],
            [
              -40.1546458,
              -20.0123102
            ],
            [
              -40.1546078,
              -20.0123571
            ],
            [
              -40.1545832,
              -20.0123959
            ],
            [
              -40.1545505,
              -20.0123319
            ],
            [
              -40.1544982,
              -20.012284
            ],
            [
              -40.1543601,
              -20.0122752
            ],
            [
              -40.1542769,
              -20.0122739
            ],
            [
              -40.1541281,
              -20.0122248
            ],
            [
              -40.1540007,
              -20.0121517
            ],
            [
              -40.1539068,
              -20.0121
            ],
            [
              -40.1537579,
              -20.0120521
            ],
            [
              -40.1535943,
              -20.0120294
            ],
            [
              -40.153487,
              -20.0119816
            ],
            [
              -40.1534012,
              -20.0118883
            ],
            [
              -40.1533046,
              -20.0118354
            ],
            [
              -40.1531732,
              -20.0118102
            ],
            [
              -40.1530498,
              -20.0118102
            ],
            [
              -40.1530176,
              -20.0118102
            ],
            [
              -40.1530123,
              -20.0117535
            ],
            [
              -40.1529881,
              -20.0116489
            ],
            [
              -40.1529694,
              -20.0116023
            ],
            [
              -40.1529318,
              -20.0115632
            ],
            [
              -40.1529197,
              -20.0115191
            ],
            [
              -40.152964,
              -20.0114951
            ],
            [
              -40.153019,
              -20.0114636
            ],
            [
              -40.1532041,
              -20.01132
            ],
            [
              -40.1533556,
              -20.0111284
            ],
            [
              -40.1534186,
              -20.0109772
            ],
            [
              -40.153432,
              -20.0108411
            ],
            [
              -40.1534253,
              -20.0107315
            ],
            [
              -40.1533797,
              -20.0106156
            ],
            [
              -40.1533315,
              -20.0105148
            ],
            [
              -40.1531893,
              -20.0102652
            ],
            [
              -40.1532041,
              -20.0101556
            ],
            [
              -40.1532094,
              -20.0100258
            ],
            [
              -40.1531813,
              -20.0098973
            ],
            [
              -40.1531276,
              -20.0097902
            ],
            [
              -40.1530673,
              -20.0097309
            ],
            [
              -40.1530927,
              -20.0096163
            ],
            [
              -40.153086,
              -20.0095356
            ],
            [
              -40.1530565,
              -20.0094739
            ],
            [
              -40.1530284,
              -20.0094298
            ],
            [
              -40.1529811,
              -20.0093858
            ],
            [
              -40.1530123,
              -20.0093453
            ],
            [
              -40.1530042,
              -20.0092886
            ],
            [
              -40.152972,
              -20.0092143
            ],
            [
              -40.1529157,
              -20.0091538
            ],
            [
              -40.1524437,
              -20.0086447
            ],
            [
              -40.1523364,
              -20.0084683
            ],
            [
              -40.1522478,
              -20.0083019
            ],
            [
              -40.1521567,
              -20.0081457
            ],
            [
              -40.1520547,
              -20.0079818
            ],
            [
              -40.1519448,
              -20.0077979
            ],
            [
              -40.1517409,
              -20.0074879
            ],
            [
              -40.1515424,
              -20.0072434
            ],
            [
              -40.1514164,
              -20.0071136
            ],
            [
              -40.1513413,
              -20.0070355
            ],
            [
              -40.1513091,
              -20.0070077
            ],
            [
              -40.1512836,
              -20.0070014
            ],
            [
              -40.1512085,
              -20.0070077
            ],
            [
              -40.1511763,
              -20.0069876
            ],
            [
              -40.1510824,
              -20.0069346
            ],
            [
              -40.1509832,
              -20.0069157
            ],
            [
              -40.1509161,
              -20.0069258
            ],
            [
              -40.1508813,
              -20.0069737
            ],
            [
              -40.1508491,
              -20.0070292
            ],
            [
              -40.1507981,
              -20.0070796
            ],
            [
              -40.1507592,
              -20.0070871
            ],
            [
              -40.1506922,
              -20.0070569
            ],
            [
              -40.1506466,
              -20.0070581
            ],
            [
              -40.1505661,
              -20.0070695
            ],
            [
              -40.1504964,
              -20.0070405
            ],
            [
              -40.1504374,
              -20.0070392
            ],
            [
              -40.1503569,
              -20.0070229
            ],
            [
              -40.150326,
              -20.0069737
            ],
            [
              -40.1502308,
              -20.0069246
            ],
            [
              -40.1501168,
              -20.0069271
            ],
            [
              -40.1500753,
              -20.0069636
            ],
            [
              -40.1500095,
              -20.0069901
            ],
            [
              -40.1499626,
              -20.0069737
            ],
            [
              -40.1499331,
              -20.0069384
            ],
            [
              -40.149917,
              -20.0068767
            ],
            [
              -40.1498258,
              -20.0068225
            ],
            [
              -40.1495737,
              -20.0067519
            ],
            [
              -40.1494268,
              -20.0067297
            ],
            [
              -40.1493456,
              -20.0067836
            ],
            [
              -40.1492733,
              -20.0068754
            ],
            [
              -40.1491687,
              -20.0068653
            ],
            [
              -40.1490587,
              -20.0067368
            ],
            [
              -40.1489702,
              -20.0065831
            ],
            [
              -40.1489165,
              -20.0064722
            ],
            [
              -40.1488361,
              -20.0063865
            ],
            [
              -40.1487047,
              -20.0062781
            ],
            [
              -40.1485732,
              -20.0062277
            ],
            [
              -40.1484579,
              -20.0061218
            ],
            [
              -40.1484056,
              -20.0060336
            ],
            [
              -40.1483533,
              -20.0059933
            ],
            [
              -40.1482983,
              -20.005953
            ],
            [
              -40.1483238,
              -20.0059341
            ],
            [
              -40.1484002,
              -20.0059038
            ],
            [
              -40.1484405,
              -20.0058622
            ],
            [
              -40.1484874,
              -20.0057967
            ],
            [
              -40.1485249,
              -20.0056934
            ],
            [
              -40.1486376,
              -20.0052599
            ],
            [
              -40.1486416,
              -20.0051376
            ],
            [
              -40.1486537,
              -20.0050545
            ],
            [
              -40.1486677,
              -20.0050148
            ],
            [
              -40.1486919,
              -20.004896
            ],
            [
              -40.148651,
              -20.0048012
            ],
            [
              -40.1486215,
              -20.0047155
            ],
            [
              -40.1486135,
              -20.004592
            ],
            [
              -40.1486644,
              -20.0045466
            ],
            [
              -40.148714,
              -20.0045075
            ],
            [
              -40.1487556,
              -20.0044534
            ],
            [
              -40.148773,
              -20.0043866
            ],
            [
              -40.1487502,
              -20.0042895
            ],
            [
              -40.14871,
              -20.004219
            ],
            [
              -40.1486054,
              -20.0041307
            ],
            [
              -40.1486,
              -20.0040501
            ],
            [
              -40.148584,
              -20.003972
            ],
            [
              -40.1485786,
              -20.0038384
            ],
            [
              -40.1485813,
              -20.003735
            ],
            [
              -40.1485771,
              -20.0037226
            ],
            [
              -40.1485544,
              -20.0036544
            ],
            [
              -40.1485062,
              -20.0035863
            ],
            [
              -40.148474,
              -20.0035259
            ],
            [
              -40.1484552,
              -20.0034906
            ],
            [
              -40.1484887,
              -20.003362
            ],
            [
              -40.1485008,
              -20.0032373
            ],
            [
              -40.1484874,
              -20.0030974
            ],
            [
              -40.1484552,
              -20.0029865
            ],
            [
              -40.148415,
              -20.0028025
            ],
            [
              -40.1483721,
              -20.0026765
            ],
            [
              -40.148305,
              -20.0025454
            ],
            [
              -40.148246,
              -20.0024446
            ],
            [
              -40.1481736,
              -20.0023539
            ],
            [
              -40.148077,
              -20.0022404
            ],
            [
              -40.1479161,
              -20.0020691
            ],
            [
              -40.1478115,
              -20.0019733
            ],
            [
              -40.1477391,
              -20.0019128
            ],
            [
              -40.147621,
              -20.0017893
            ],
            [
              -40.1475379,
              -20.0017364
            ],
            [
              -40.1474762,
              -20.0016759
            ],
            [
              -40.1474091,
              -20.0016532
            ],
            [
              -40.1473609,
              -20.0016582
            ],
            [
              -40.1472831,
              -20.0016456
            ],
            [
              -40.1472335,
              -20.0016154
            ],
            [
              -40.1471932,
              -20.0015826
            ],
            [
              -40.1471195,
              -20.0015612
            ],
            [
              -40.1470564,
              -20.0015536
            ],
            [
              -40.1470122,
              -20.0015259
            ],
            [
              -40.1469947,
              -20.0015007
            ],
            [
              -40.1469786,
              -20.0014276
            ],
            [
              -40.1469612,
              -20.0013583
            ],
            [
              -40.1469371,
              -20.0013293
            ],
            [
              -40.146921,
              -20.0012436
            ],
            [
              -40.146899,
              -20.0011423
            ],
            [
              -40.1468673,
              -20.0010785
            ],
            [
              -40.146862,
              -20.001008
            ],
            [
              -40.1469022,
              -20.0009651
            ],
            [
              -40.1469719,
              -20.0009248
            ],
            [
              -40.1470739,
              -20.0008693
            ],
            [
              -40.1471221,
              -20.0008038
            ],
            [
              -40.147149,
              -20.0007357
            ],
            [
              -40.1471436,
              -20.0006299
            ],
            [
              -40.1471409,
              -20.0005417
            ],
            [
              -40.1471812,
              -20.0004056
            ],
            [
              -40.1472133,
              -20.0002896
            ],
            [
              -40.1473045,
              -20.0001863
            ],
            [
              -40.1473984,
              -20.000025
            ],
            [
              -40.1474172,
              -19.9999519
            ],
            [
              -40.1474172,
              -19.999899
            ],
            [
              -40.1474762,
              -19.9998486
            ],
            [
              -40.1475325,
              -19.9998435
            ],
            [
              -40.1476237,
              -19.9997578
            ],
            [
              -40.1477525,
              -19.9995864
            ],
            [
              -40.1478303,
              -19.9995259
            ],
            [
              -40.1478678,
              -19.999473
            ],
            [
              -40.147908,
              -19.9993722
            ],
            [
              -40.1479107,
              -19.9993218
            ],
            [
              -40.1479375,
              -19.9992386
            ],
            [
              -40.1479912,
              -19.9991806
            ],
            [
              -40.1480716,
              -19.9991277
            ],
            [
              -40.1481816,
              -19.9990949
            ],
            [
              -40.1482326,
              -19.9990622
            ],
            [
              -40.1482621,
              -19.9990092
            ],
            [
              -40.1482809,
              -19.998921
            ],
            [
              -40.1482755,
              -19.9987622
            ],
            [
              -40.1482406,
              -19.9986866
            ],
            [
              -40.1481816,
              -19.9986488
            ],
            [
              -40.1481387,
              -19.9985808
            ],
            [
              -40.148195,
              -19.9985303
            ],
            [
              -40.1482809,
              -19.9985732
            ],
            [
              -40.1483184,
              -19.9985429
            ],
            [
              -40.1483721,
              -19.9985102
            ],
            [
              -40.1484445,
              -19.9983388
            ],
            [
              -40.1484901,
              -19.9982077
            ],
            [
              -40.1484901,
              -19.9980817
            ],
            [
              -40.1484498,
              -19.9979582
            ],
            [
              -40.1484203,
              -19.9979053
            ],
            [
              -40.1484311,
              -19.9978221
            ],
            [
              -40.148423,
              -19.9976658
            ],
            [
              -40.1483372,
              -19.99756
            ],
            [
              -40.1482326,
              -19.9974264
            ],
            [
              -40.1481816,
              -19.9973281
            ],
            [
              -40.1481977,
              -19.9972021
            ],
            [
              -40.1482084,
              -19.9970962
            ],
            [
              -40.1481628,
              -19.9968769
            ],
            [
              -40.148136,
              -19.9966047
            ],
            [
              -40.148136,
              -19.9963073
            ],
            [
              -40.1481038,
              -19.9961258
            ],
            [
              -40.1480234,
              -19.9959846
            ],
            [
              -40.1479697,
              -19.9958737
            ],
            [
              -40.1479644,
              -19.9957528
            ],
            [
              -40.148018,
              -19.9955864
            ],
            [
              -40.1481038,
              -19.9954301
            ],
            [
              -40.148136,
              -19.9952638
            ],
            [
              -40.1481897,
              -19.9950672
            ],
            [
              -40.1482809,
              -19.9949361
            ],
            [
              -40.1483721,
              -19.9948151
            ],
            [
              -40.1484096,
              -19.9946639
            ],
            [
              -40.1483721,
              -19.9945127
            ],
            [
              -40.1483345,
              -19.99419
            ],
            [
              -40.1483345,
              -19.9937515
            ],
            [
              -40.1483882,
              -19.993454
            ],
            [
              -40.1484445,
              -19.9931465
            ],
            [
              -40.1484525,
              -19.9928743
            ],
            [
              -40.1484203,
              -19.9921937
            ],
            [
              -40.1483613,
              -19.9918005
            ],
            [
              -40.1482701,
              -19.9914174
            ],
            [
              -40.1481468,
              -19.9909939
            ],
            [
              -40.1479805,
              -19.9906108
            ],
            [
              -40.147723,
              -19.9901016
            ],
            [
              -40.1474816,
              -19.9895622
            ],
            [
              -40.1472187,
              -19.9891035
            ],
            [
              -40.1469559,
              -19.9886094
            ],
            [
              -40.1466823,
              -19.9882515
            ],
            [
              -40.1463389,
              -19.9878835
            ],
            [
              -40.1459795,
              -19.9875961
            ],
            [
              -40.1456469,
              -19.9873642
            ],
            [
              -40.1453309,
              -19.9871797
            ],
            [
              -40.1445419,
              -19.9868349
            ],
            [
              -40.1439035,
              -19.9865173
            ],
            [
              -40.1433617,
              -19.986235
            ],
            [
              -40.1430559,
              -19.9860434
            ],
            [
              -40.1427877,
              -19.9858418
            ],
            [
              -40.1425892,
              -19.9856502
            ],
            [
              -40.1424149,
              -19.9853805
            ],
            [
              -40.1423478,
              -19.9851158
            ],
            [
              -40.1423451,
              -19.9848511
            ],
            [
              -40.1423317,
              -19.9842991
            ],
            [
              -40.1423103,
              -19.984047
            ],
            [
              -40.1422888,
              -19.9838252
            ],
            [
              -40.1422325,
              -19.9835832
            ],
            [
              -40.1421493,
              -19.9832656
            ],
            [
              -40.1421198,
              -19.9830413
            ],
            [
              -40.1420984,
              -19.9828194
            ],
            [
              -40.1420689,
              -19.9826279
            ],
            [
              -40.1420206,
              -19.9823733
            ],
            [
              -40.1419428,
              -19.9821867
            ],
            [
              -40.1418597,
              -19.9819876
            ],
            [
              -40.1417711,
              -19.9817985
            ],
            [
              -40.141696,
              -19.9813776
            ],
            [
              -40.141629,
              -19.9811356
            ],
            [
              -40.1415834,
              -19.9808608
            ],
            [
              -40.141578,
              -19.9806113
            ],
            [
              -40.1415432,
              -19.9804222
            ],
            [
              -40.1415351,
              -19.980218
            ],
            [
              -40.1415271,
              -19.9800441
            ],
            [
              -40.1414627,
              -19.9797618
            ],
            [
              -40.1414573,
              -19.97955
            ],
            [
              -40.1414466,
              -19.9793534
            ],
            [
              -40.1414348,
              -19.9792978
            ],
            [
              -40.1417701,
              -19.9791111
            ],
            [
              -40.1417964,
              -19.9790971
            ],
            [
              -40.1419387,
              -19.9789854
            ],
            [
              -40.1420459,
              -19.9788917
            ],
            [
              -40.1420935,
              -19.9788646
            ],
            [
              -40.1421335,
              -19.9788541
            ],
            [
              -40.1422166,
              -19.9788533
            ],
            [
              -40.1422645,
              -19.978859
            ],
            [
              -40.1423704,
              -19.9788892
            ],
            [
              -40.1425077,
              -19.9789345
            ],
            [
              -40.1425325,
              -19.9789372
            ],
            [
              -40.1425646,
              -19.9789361
            ],
            [
              -40.1426453,
              -19.9789069
            ],
            [
              -40.1426772,
              -19.9789027
            ],
            [
              -40.1433327,
              -19.9789294
            ],
            [
              -40.1439271,
              -19.9789134
            ],
            [
              -40.1444729,
              -19.9788916
            ],
            [
              -40.1445944,
              -19.9788734
            ],
            [
              -40.1446532,
              -19.9788599
            ],
            [
              -40.1455156,
              -19.9786085
            ],
            [
              -40.1455666,
              -19.978597
            ],
            [
              -40.1456316,
              -19.9785913
            ],
            [
              -40.1458167,
              -19.9785808
            ],
            [
              -40.1458557,
              -19.9785666
            ],
            [
              -40.1461343,
              -19.9784652
            ],
            [
              -40.1463065,
              -19.97836
            ],
            [
              -40.1465959,
              -19.9781697
            ],
            [
              -40.1467817,
              -19.9780224
            ],
            [
              -40.146824,
              -19.9779949
            ],
            [
              -40.1469513,
              -19.9779122
            ],
            [
              -40.1471629,
              -19.9777745
            ],
            [
              -40.1474261,
              -19.9776282
            ],
            [
              -40.1479641,
              -19.9773062
            ],
            [
              -40.1479703,
              -19.9773027
            ],
            [
              -40.1483917,
              -19.9770664
            ],
            [
              -40.1484879,
              -19.9769732
            ],
            [
              -40.1492318,
              -19.9763428
            ],
            [
              -40.1492781,
              -19.9762955
            ],
            [
              -40.1493417,
              -19.9762044
            ],
            [
              -40.149361,
              -19.9761516
            ],
            [
              -40.1493802,
              -19.976086
            ],
            [
              -40.1493976,
              -19.9759384
            ],
            [
              -40.1493996,
              -19.9758583
            ],
            [
              -40.1494092,
              -19.9758018
            ],
            [
              -40.1494266,
              -19.9757672
            ],
            [
              -40.1494574,
              -19.9757344
            ],
            [
              -40.1495403,
              -19.9756798
            ],
            [
              -40.1496636,
              -19.9756269
            ],
            [
              -40.1497946,
              -19.9755832
            ],
            [
              -40.1498736,
              -19.9755686
            ],
            [
              -40.1502647,
              -19.9755504
            ],
            [
              -40.1503091,
              -19.9755358
            ],
            [
              -40.1503418,
              -19.9755139
            ],
            [
              -40.1503707,
              -19.9754702
            ],
            [
              -40.1504074,
              -19.9753627
            ],
            [
              -40.150419,
              -19.9752735
            ],
            [
              -40.1504248,
              -19.9750549
            ],
            [
              -40.1505019,
              -19.9748837
            ],
            [
              -40.1505617,
              -19.9748254
            ],
            [
              -40.1506272,
              -19.974778
            ],
            [
              -40.1508218,
              -19.9746614
            ],
            [
              -40.1509933,
              -19.9745758
            ],
            [
              -40.1510742,
              -19.9745393
            ],
            [
              -40.1511494,
              -19.9744992
            ],
            [
              -40.1520952,
              -19.9744327
            ],
            [
              -40.1523723,
              -19.9744527
            ],
            [
              -40.1526495,
              -19.9744727
            ],
            [
              -40.1524768,
              -19.9748161
            ],
            [
              -40.1517085,
              -19.9767644
            ],
            [
              -40.1511608,
              -19.9783375
            ],
            [
              -40.1507647,
              -19.9798741
            ],
            [
              -40.1503278,
              -19.9812246
            ],
            [
              -40.1502964,
              -19.981436
            ],
            [
              -40.1503248,
              -19.9817215
            ],
            [
              -40.1505352,
              -19.9826517
            ],
            [
              -40.1507616,
              -19.98358
            ],
            [
              -40.1509565,
              -19.9843672
            ],
            [
              -40.1510569,
              -19.9849183
            ],
            [
              -40.1515956,
              -19.9869462
            ],
            [
              -40.1521906,
              -19.9894355
            ],
            [
              -40.1525424,
              -19.990858
            ],
            [
              -40.1526629,
              -19.9912356
            ],
            [
              -40.152942,
              -19.9923691
            ],
            [
              -40.1538107,
              -19.9936324
            ],
            [
              -40.1550905,
              -19.9955663
            ],
            [
              -40.1556506,
              -19.9964865
            ],
            [
              -40.1559726,
              -19.9970409
            ],
            [
              -40.1569357,
              -19.9986074
            ],
            [
              -40.1570967,
              -19.9988784
            ],
            [
              -40.1579747,
              -20.000297
            ],
            [
              -40.1582594,
              -20.0005634
            ],
            [
              -40.1585757,
              -20.0013566
            ],
            [
              -40.1588677,
              -20.002179
            ],
            [
              -40.159022,
              -20.0022185
            ],
            [
              -40.159468,
              -20.0025318
            ],
            [
              -40.1596508,
              -20.0026089
            ],
            [
              -40.1597873,
              -20.0026193
            ],
            [
              -40.159873,
              -20.0026606
            ],
            [
              -40.1599828,
              -20.0027288
            ],
            [
              -40.1601217,
              -20.0028314
            ],
            [
              -40.160352,
              -20.0029424
            ],
            [
              -40.1605841,
              -20.0029847
            ],
            [
              -40.1611136,
              -20.002928
            ],
            [
              -40.1612988,
              -20.0029048
            ],
            [
              -40.1614149,
              -20.0029291
            ],
            [
              -40.161544,
              -20.0029405
            ],
            [
              -40.1626698,
              -20.0029789
            ],
            [
              -40.1636349,
              -20.0029458
            ],
            [
              -40.1650558,
              -20.002936
            ],
            [
              -40.1650798,
              -20.0030494
            ],
            [
              -40.1650864,
              -20.003318
            ],
            [
              -40.1650803,
              -20.0033567
            ],
            [
              -40.1650577,
              -20.0034307
            ],
            [
              -40.1650536,
              -20.0034731
            ],
            [
              -40.1650555,
              -20.0035184
            ],
            [
              -40.1650668,
              -20.0035691
            ],
            [
              -40.1651098,
              -20.0036393
            ],
            [
              -40.1651166,
              -20.0036774
            ],
            [
              -40.1651104,
              -20.0037183
            ],
            [
              -40.1650828,
              -20.0037954
            ],
            [
              -40.1650877,
              -20.0038299
            ],
            [
              -40.1651096,
              -20.0038748
            ],
            [
              -40.1651706,
              -20.0039803
            ],
            [
              -40.1652171,
              -20.0040386
            ],
            [
              -40.165262,
              -20.0040796
            ],
            [
              -40.1653447,
              -20.0041351
            ],
            [
              -40.1655381,
              -20.0042349
            ],
            [
              -40.1656037,
              -20.004284
            ],
            [
              -40.165646,
              -20.0043333
            ],
            [
              -40.165682,
              -20.0044021
            ],
            [
              -40.1657357,
              -20.0045219
            ],
            [
              -40.1657342,
              -20.0046405
            ],
            [
              -40.1657236,
              -20.0046824
            ],
            [
              -40.1656188,
              -20.0048276
            ],
            [
              -40.1653843,
              -20.0050993
            ],
            [
              -40.165347,
              -20.0051497
            ],
            [
              -40.1652286,
              -20.0053656
            ],
            [
              -40.1650134,
              -20.0057779
            ],
            [
              -40.1649802,
              -20.0058183
            ],
            [
              -40.1649386,
              -20.0058526
            ],
            [
              -40.1648745,
              -20.005877
            ],
            [
              -40.1647491,
              -20.0059106
            ],
            [
              -40.164527,
              -20.0059431
            ],
            [
              -40.1643071,
              -20.0059574
            ],
            [
              -40.1641726,
              -20.0059753
            ],
            [
              -40.1641075,
              -20.0059929
            ],
            [
              -40.164007,
              -20.0060346
            ],
            [
              -40.1638207,
              -20.0061242
            ],
            [
              -40.1637865,
              -20.0061315
            ],
            [
              -40.1636861,
              -20.006183
            ],
            [
              -40.1636527,
              -20.0062059
            ],
            [
              -40.1635489,
              -20.0062318
            ],
            [
              -40.1633927,
              -20.0063028
            ],
            [
              -40.1633004,
              -20.0063338
            ],
            [
              -40.1631661,
              -20.0063528
            ],
            [
              -40.1631305,
              -20.0063518
            ],
            [
              -40.1630138,
              -20.0063306
            ],
            [
              -40.1630071,
              -20.0063286
            ],
            [
              -40.1629954,
              -20.006315
            ],
            [
              -40.162971,
              -20.0063098
            ],
            [
              -40.1629555,
              -20.0063159
            ],
            [
              -40.1629414,
              -20.0063285
            ],
            [
              -40.1629167,
              -20.0063742
            ],
            [
              -40.162853,
              -20.0064561
            ],
            [
              -40.1628255,
              -20.0064666
            ],
            [
              -40.1626337,
              -20.0064984
            ],
            [
              -40.1625422,
              -20.0065063
            ],
            [
              -40.1625259,
              -20.0065109
            ],
            [
              -40.1624488,
              -20.0065665
            ],
            [
              -40.1623013,
              -20.0067088
            ],
            [
              -40.1620966,
              -20.0069278
            ],
            [
              -40.1619381,
              -20.007105
            ],
            [
              -40.1618868,
              -20.0071969
            ],
            [
              -40.1618792,
              -20.0072175
            ],
            [
              -40.161874,
              -20.0072505
            ],
            [
              -40.1618697,
              -20.0072907
            ],
            [
              -40.1618685,
              -20.0073987
            ],
            [
              -40.1618741,
              -20.0074347
            ],
            [
              -40.1618914,
              -20.0074795
            ],
            [
              -40.1619384,
              -20.007539
            ],
            [
              -40.1619514,
              -20.0075809
            ],
            [
              -40.161954,
              -20.0076162
            ],
            [
              -40.1619488,
              -20.0076777
            ],
            [
              -40.161956,
              -20.0077507
            ],
            [
              -40.161983,
              -20.0078252
            ],
            [
              -40.1620172,
              -20.0078827
            ],
            [
              -40.1620601,
              -20.0079298
            ],
            [
              -40.1621299,
              -20.0079852
            ],
            [
              -40.162148,
              -20.0080128
            ],
            [
              -40.1621794,
              -20.0080802
            ],
            [
              -40.1621941,
              -20.0081443
            ],
            [
              -40.1621989,
              -20.0081887
            ],
            [
              -40.1621894,
              -20.0082743
            ],
            [
              -40.1621754,
              -20.0083154
            ],
            [
              -40.1621644,
              -20.0083333
            ],
            [
              -40.1621633,
              -20.0083607
            ],
            [
              -40.1621574,
              -20.0083869
            ],
            [
              -40.1620795,
              -20.0085634
            ],
            [
              -40.1620578,
              -20.0085856
            ],
            [
              -40.162046,
              -20.008591
            ],
            [
              -40.1620342,
              -20.0085964
            ],
            [
              -40.1618878,
              -20.0086404
            ],
            [
              -40.1618099,
              -20.008678
            ],
            [
              -40.1617782,
              -20.0087041
            ],
            [
              -40.161704,
              -20.0087925
            ],
            [
              -40.1616927,
              -20.0088233
            ],
            [
              -40.1616142,
              -20.0089432
            ],
            [
              -40.1615853,
              -20.0089945
            ],
            [
              -40.1615432,
              -20.0090899
            ],
            [
              -40.161541,
              -20.0091098
            ],
            [
              -40.1614898,
              -20.0092309
            ],
            [
              -40.1614345,
              -20.0093023
            ],
            [
              -40.1614174,
              -20.0093301
            ],
            [
              -40.1613874,
              -20.0093856
            ],
            [
              -40.1613548,
              -20.0094579
            ],
            [
              -40.1613371,
              -20.009515
            ],
            [
              -40.1613241,
              -20.0096193
            ],
            [
              -40.1613041,
              -20.0097261
            ],
            [
              -40.1612807,
              -20.0098161
            ],
            [
              -40.1612417,
              -20.0098752
            ],
            [
              -40.1612038,
              -20.0099023
            ],
            [
              -40.1610409,
              -20.0099862
            ],
            [
              -40.1609754,
              -20.0100279
            ],
            [
              -40.1606092,
              -20.0102414
            ]
          ]
        ]
      },
      "id": "relation/1915811"
    },
    {
      "type": "Feature",
      "properties": {
        "@id": "relation/1915812",
        "admin_level": "10",
        "boundary": "administrative",
        "name": "Praia dos Padres",
        "place": "suburb",
        "source": "IBGE",
        "type": "boundary"
      },
      "geometry": {
        "type": "Polygon",
        "coordinates": [
          [
            [
              -40.1284452,
              -19.9332087
            ],
            [
              -40.1270539,
              -19.9352663
            ],
            [
              -40.1270378,
              -19.9352134
            ],
            [
              -40.1270887,
              -19.9350898
            ],
            [
              -40.1272041,
              -19.9348982
            ],
            [
              -40.1272899,
              -19.9347192
            ],
            [
              -40.1273328,
              -19.934578
            ],
            [
              -40.1273704,
              -19.9344973
            ],
            [
              -40.1273891,
              -19.9343964
            ],
            [
              -40.1273516,
              -19.9342855
            ],
            [
              -40.1272336,
              -19.9341316
            ],
            [
              -40.1269949,
              -19.9339602
            ],
            [
              -40.126673,
              -19.933761
            ],
            [
              -40.1263136,
              -19.9335366
            ],
            [
              -40.1259998,
              -19.9333651
            ],
            [
              -40.1256672,
              -19.9332088
            ],
            [
              -40.1254284,
              -19.9331104
            ],
            [
              -40.125128,
              -19.9330449
            ],
            [
              -40.1248598,
              -19.9329894
            ],
            [
              -40.1244146,
              -19.932939
            ],
            [
              -40.124259,
              -19.9329491
            ],
            [
              -40.1241142,
              -19.9329339
            ],
            [
              -40.1238245,
              -19.9328482
            ],
            [
              -40.1235563,
              -19.932828
            ],
            [
              -40.1233095,
              -19.9328129
            ],
            [
              -40.1232076,
              -19.9327725
            ],
            [
              -40.1231217,
              -19.9327272
            ],
            [
              -40.1228052,
              -19.9324498
            ],
            [
              -40.1225907,
              -19.9323237
            ],
            [
              -40.1224083,
              -19.9322531
            ],
            [
              -40.1221347,
              -19.9321623
            ],
            [
              -40.1218826,
              -19.9320312
            ],
            [
              -40.1216546,
              -19.9318951
            ],
            [
              -40.1214319,
              -19.9317765
            ],
            [
              -40.1211852,
              -19.9316706
            ],
            [
              -40.120874,
              -19.9315849
            ],
            [
              -40.1206327,
              -19.9315597
            ],
            [
              -40.1204047,
              -19.9315622
            ],
            [
              -40.1202893,
              -19.9315899
            ],
            [
              -40.1201633,
              -19.9316479
            ],
            [
              -40.1200801,
              -19.9317085
            ],
            [
              -40.119997,
              -19.9317614
            ],
            [
              -40.1199004,
              -19.9318144
            ],
            [
              -40.1197743,
              -19.9319051
            ],
            [
              -40.1196778,
              -19.9319404
            ],
            [
              -40.1195544,
              -19.9319556
            ],
            [
              -40.1194471,
              -19.9319455
            ],
            [
              -40.1193452,
              -19.9319455
            ],
            [
              -40.1192486,
              -19.9319556
            ],
            [
              -40.119144,
              -19.932001
            ],
            [
              -40.1190501,
              -19.9320211
            ],
            [
              -40.1189268,
              -19.9320312
            ],
            [
              -40.1188087,
              -19.9320035
            ],
            [
              -40.1186693,
              -19.9319379
            ],
            [
              -40.1186103,
              -19.9318799
            ],
            [
              -40.1185378,
              -19.9317185
            ],
            [
              -40.1183984,
              -19.9315093
            ],
            [
              -40.1182401,
              -19.9313428
            ],
            [
              -40.1180095,
              -19.9311613
            ],
            [
              -40.1177573,
              -19.9310024
            ],
            [
              -40.1212658,
              -19.9268759
            ],
            [
              -40.127669,
              -19.9294279
            ],
            [
              -40.1263002,
              -19.9310576
            ],
            [
              -40.1269004,
              -19.9313507
            ],
            [
              -40.1265682,
              -19.9319128
            ],
            [
              -40.1284452,
              -19.9332087
            ]
          ]
        ]
      },
      "id": "relation/1915812"
    },
    {
      "type": "Feature",
      "properties": {
        "@id": "relation/1915813",
        "admin_level": "10",
        "boundary": "administrative",
        "name": "Primavera",
        "place": "suburb",
        "source": "IBGE",
        "type": "boundary"
      },
      "geometry": {
        "type": "Polygon",
        "coordinates": [
          [
            [
              -40.2689913,
              -19.83712
            ],
            [
              -40.2698462,
              -19.837709
            ],
            [
              -40.2704347,
              -19.8375871
            ],
            [
              -40.2706808,
              -19.8385615
            ],
            [
              -40.2710896,
              -19.8402134
            ],
            [
              -40.271677,
              -19.8427304
            ],
            [
              -40.2717487,
              -19.8430284
            ],
            [
              -40.2718126,
              -19.8431967
            ],
            [
              -40.2669941,
              -19.8400214
            ],
            [
              -40.2689913,
              -19.83712
            ]
          ]
        ]
      },
      "id": "relation/1915813"
    },
    {
      "type": "Feature",
      "properties": {
        "@id": "relation/1915814",
        "admin_level": "10",
        "boundary": "administrative",
        "name": "Putiri",
        "place": "suburb",
        "source": "IBGE",
        "type": "boundary"
      },
      "geometry": {
        "type": "Polygon",
        "coordinates": [
          [
            [
              -40.0981318,
              -19.8969826
            ],
            [
              -40.0982196,
              -19.8969927
            ],
            [
              -40.0983801,
              -19.8970262
            ],
            [
              -40.0983931,
              -19.897019
            ],
            [
              -40.0985785,
              -19.8970519
            ],
            [
              -40.0987666,
              -19.897097
            ],
            [
              -40.0989211,
              -19.8971106
            ],
            [
              -40.0991524,
              -19.8970849
            ],
            [
              -40.0993399,
              -19.8970399
            ],
            [
              -40.099553,
              -19.8974182
            ],
            [
              -40.1016864,
              -19.9006273
            ],
            [
              -40.1016583,
              -19.9010463
            ],
            [
              -40.1017411,
              -19.9016178
            ],
            [
              -40.1018459,
              -19.9019962
            ],
            [
              -40.1021197,
              -19.9024046
            ],
            [
              -40.1024784,
              -19.9027832
            ],
            [
              -40.1026723,
              -19.9032463
            ],
            [
              -40.1027716,
              -19.903748
            ],
            [
              -40.102949,
              -19.9047721
            ],
            [
              -40.1031012,
              -19.9055035
            ],
            [
              -40.1017728,
              -19.9057432
            ],
            [
              -40.1015928,
              -19.905763
            ],
            [
              -40.1013232,
              -19.9057304
            ],
            [
              -40.1010535,
              -19.9056467
            ],
            [
              -40.1009605,
              -19.9056002
            ],
            [
              -40.1007752,
              -19.9056532
            ],
            [
              -40.1010674,
              -19.9064651
            ],
            [
              -40.1009752,
              -19.9064902
            ],
            [
              -40.0998027,
              -19.9068091
            ],
            [
              -40.0996074,
              -19.9068138
            ],
            [
              -40.0991378,
              -19.9069672
            ],
            [
              -40.0983288,
              -19.9072462
            ],
            [
              -40.0980914,
              -19.9073436
            ],
            [
              -40.0981083,
              -19.9072339
            ],
            [
              -40.0981406,
              -19.9071586
            ],
            [
              -40.098187,
              -19.9070766
            ],
            [
              -40.0982036,
              -19.9070118
            ],
            [
              -40.0981982,
              -19.9069378
            ],
            [
              -40.0982151,
              -19.90684
            ],
            [
              -40.0982502,
              -19.906762
            ],
            [
              -40.0982685,
              -19.9066642
            ],
            [
              -40.0982798,
              -19.9065373
            ],
            [
              -40.0983065,
              -19.9063602
            ],
            [
              -40.098304,
              -19.9062352
            ],
            [
              -40.0982938,
              -19.9061143
            ],
            [
              -40.0982685,
              -19.905957
            ],
            [
              -40.0982516,
              -19.9057527
            ],
            [
              -40.0982337,
              -19.9056462
            ],
            [
              -40.0981999,
              -19.905534
            ],
            [
              -40.0981721,
              -19.9054462
            ],
            [
              -40.0981561,
              -19.905349
            ],
            [
              -40.0981341,
              -19.9052759
            ],
            [
              -40.0980885,
              -19.9051527
            ],
            [
              -40.098017,
              -19.9049452
            ],
            [
              -40.0979394,
              -19.9048162
            ],
            [
              -40.0978778,
              -19.9047657
            ],
            [
              -40.0978082,
              -19.9046274
            ],
            [
              -40.0977506,
              -19.9045096
            ],
            [
              -40.0976671,
              -19.9043788
            ],
            [
              -40.0976371,
              -19.9042846
            ],
            [
              -40.0976112,
              -19.9042024
            ],
            [
              -40.0975765,
              -19.9041335
            ],
            [
              -40.0975217,
              -19.9040659
            ],
            [
              -40.0974601,
              -19.903965
            ],
            [
              -40.0974303,
              -19.9039145
            ],
            [
              -40.0974164,
              -19.9038435
            ],
            [
              -40.0973885,
              -19.9037855
            ],
            [
              -40.0973289,
              -19.9036864
            ],
            [
              -40.0972553,
              -19.9035687
            ],
            [
              -40.0972076,
              -19.9035014
            ],
            [
              -40.0971579,
              -19.9034509
            ],
            [
              -40.0970983,
              -19.9033518
            ],
            [
              -40.0970327,
              -19.9032602
            ],
            [
              -40.0969745,
              -19.9031961
            ],
            [
              -40.0969333,
              -19.9031331
            ],
            [
              -40.0968953,
              -19.9030474
            ],
            [
              -40.0968617,
              -19.9029798
            ],
            [
              -40.0968179,
              -19.9028994
            ],
            [
              -40.0967364,
              -19.9027648
            ],
            [
              -40.0966589,
              -19.9026471
            ],
            [
              -40.0966032,
              -19.9025443
            ],
            [
              -40.0965535,
              -19.9024713
            ],
            [
              -40.0964601,
              -19.9023648
            ],
            [
              -40.0963639,
              -19.9022646
            ],
            [
              -40.0962876,
              -19.9021986
            ],
            [
              -40.0961843,
              -19.9021154
            ],
            [
              -40.0960985,
              -19.9020548
            ],
            [
              -40.0959872,
              -19.9019981
            ],
            [
              -40.0957981,
              -19.9019174
            ],
            [
              -40.0955915,
              -19.9018531
            ],
            [
              -40.0953864,
              -19.9017573
            ],
            [
              -40.0952388,
              -19.9016866
            ],
            [
              -40.09509,
              -19.9016084
            ],
            [
              -40.0949398,
              -19.9015177
            ],
            [
              -40.0947896,
              -19.9014243
            ],
            [
              -40.0946286,
              -19.9013361
            ],
            [
              -40.0945213,
              -19.9012781
            ],
            [
              -40.0943846,
              -19.9011822
            ],
            [
              -40.0942853,
              -19.9011091
            ],
            [
              -40.0941888,
              -19.9010183
            ],
            [
              -40.0941297,
              -19.9009628
            ],
            [
              -40.0940815,
              -19.9009048
            ],
            [
              -40.0939849,
              -19.9007989
            ],
            [
              -40.0939071,
              -19.9006778
            ],
            [
              -40.0938725,
              -19.9006145
            ],
            [
              -40.0938009,
              -19.9005323
            ],
            [
              -40.0937493,
              -19.9004799
            ],
            [
              -40.0936797,
              -19.9004126
            ],
            [
              -40.0936121,
              -19.9003659
            ],
            [
              -40.0935445,
              -19.9003098
            ],
            [
              -40.0935019,
              -19.9002349
            ],
            [
              -40.0934451,
              -19.9001902
            ],
            [
              -40.0933755,
              -19.9001472
            ],
            [
              -40.0933198,
              -19.9000892
            ],
            [
              -40.0932661,
              -19.9000238
            ],
            [
              -40.0931548,
              -19.8999546
            ],
            [
              -40.0931675,
              -19.8997394
            ],
            [
              -40.0931778,
              -19.8996492
            ],
            [
              -40.0931857,
              -19.8996338
            ],
            [
              -40.0932078,
              -19.8996135
            ],
            [
              -40.0932377,
              -19.8995948
            ],
            [
              -40.093268,
              -19.8995867
            ],
            [
              -40.0933015,
              -19.8995837
            ],
            [
              -40.0933494,
              -19.8995906
            ],
            [
              -40.0933666,
              -19.8995984
            ],
            [
              -40.0933828,
              -19.8996115
            ],
            [
              -40.093418,
              -19.8996538
            ],
            [
              -40.0934646,
              -19.8997364
            ],
            [
              -40.0934953,
              -19.8997791
            ],
            [
              -40.0935363,
              -19.8998213
            ],
            [
              -40.0935778,
              -19.8998431
            ],
            [
              -40.0936012,
              -19.8998477
            ],
            [
              -40.0936261,
              -19.899847
            ],
            [
              -40.0936775,
              -19.8998342
            ],
            [
              -40.0937349,
              -19.8997989
            ],
            [
              -40.093767,
              -19.899773
            ],
            [
              -40.0937916,
              -19.8997469
            ],
            [
              -40.0938318,
              -19.8996797
            ],
            [
              -40.0938354,
              -19.8994763
            ],
            [
              -40.0938653,
              -19.8993649
            ],
            [
              -40.0939451,
              -19.8991682
            ],
            [
              -40.094003,
              -19.8990791
            ],
            [
              -40.0940159,
              -19.899052
            ],
            [
              -40.0940369,
              -19.8989287
            ],
            [
              -40.0940515,
              -19.8988758
            ],
            [
              -40.0940677,
              -19.8988358
            ],
            [
              -40.0941123,
              -19.8987709
            ],
            [
              -40.0941626,
              -19.8987277
            ],
            [
              -40.0942312,
              -19.8986936
            ],
            [
              -40.0943898,
              -19.8986393
            ],
            [
              -40.0944632,
              -19.8986044
            ],
            [
              -40.0945104,
              -19.8985711
            ],
            [
              -40.0945579,
              -19.8985094
            ],
            [
              -40.0945923,
              -19.8984442
            ],
            [
              -40.0946859,
              -19.8982234
            ],
            [
              -40.0947406,
              -19.8980842
            ],
            [
              -40.0948026,
              -19.8979116
            ],
            [
              -40.0948489,
              -19.897754
            ],
            [
              -40.0949443,
              -19.8973737
            ],
            [
              -40.0949707,
              -19.8972899
            ],
            [
              -40.0950076,
              -19.8971943
            ],
            [
              -40.0950651,
              -19.8970795
            ],
            [
              -40.095134,
              -19.8969734
            ],
            [
              -40.0952158,
              -19.8968763
            ],
            [
              -40.0953433,
              -19.8967471
            ],
            [
              -40.0953902,
              -19.8967087
            ],
            [
              -40.0954345,
              -19.8966821
            ],
            [
              -40.0954703,
              -19.8966689
            ],
            [
              -40.0955235,
              -19.896658
            ],
            [
              -40.0956182,
              -19.8966487
            ],
            [
              -40.0957968,
              -19.8966732
            ],
            [
              -40.0958375,
              -19.896672
            ],
            [
              -40.095871,
              -19.8966647
            ],
            [
              -40.0959173,
              -19.8966413
            ],
            [
              -40.0960098,
              -19.8965635
            ],
            [
              -40.0960616,
              -19.8965311
            ],
            [
              -40.0960986,
              -19.8965134
            ],
            [
              -40.0961494,
              -19.8965019
            ],
            [
              -40.0962072,
              -19.8965002
            ],
            [
              -40.0962631,
              -19.8965075
            ],
            [
              -40.0965986,
              -19.896594
            ],
            [
              -40.0966903,
              -19.8966015
            ],
            [
              -40.0971088,
              -19.8966364
            ],
            [
              -40.0972809,
              -19.8966617
            ],
            [
              -40.0973297,
              -19.896678
            ],
            [
              -40.0974487,
              -19.8967323
            ],
            [
              -40.0976191,
              -19.8967823
            ],
            [
              -40.0978875,
              -19.8968952
            ],
            [
              -40.0980284,
              -19.8969487
            ],
            [
              -40.0981318,
              -19.8969826
            ]
          ]
        ]
      },
      "id": "relation/1915814"
    },
    {
      "type": "Feature",
      "properties": {
        "@id": "relation/1915815",
        "admin_level": "10",
        "boundary": "administrative",
        "name": "Recanto Feliz",
        "place": "suburb",
        "source": "IBGE",
        "type": "boundary"
      },
      "geometry": {
        "type": "Polygon",
        "coordinates": [
          [
            [
              -40.2632127,
              -19.6877878
            ],
            [
              -40.2630873,
              -19.6820528
            ],
            [
              -40.2639772,
              -19.6820527
            ],
            [
              -40.2640253,
              -19.6810768
            ],
            [
              -40.2659103,
              -19.6810554
            ],
            [
              -40.266028,
              -19.6815126
            ],
            [
              -40.2660975,
              -19.6820581
            ],
            [
              -40.2661028,
              -19.6827747
            ],
            [
              -40.2664611,
              -19.68278
            ],
            [
              -40.2664609,
              -19.6853023
            ],
            [
              -40.2650132,
              -19.687822
            ],
            [
              -40.2632127,
              -19.6877878
            ]
          ]
        ]
      },
      "id": "relation/1915815"
    },
    {
      "type": "Feature",
      "properties": {
        "@id": "relation/1915816",
        "admin_level": "10",
        "boundary": "administrative",
        "name": "Santa Cruz",
        "place": "suburb",
        "source": "IBGE",
        "type": "boundary"
      },
      "geometry": {
        "type": "Polygon",
        "coordinates": [
          [
            [
              -40.1469842,
              -19.9656194
            ],
            [
              -40.1469641,
              -19.9656677
            ],
            [
              -40.1468654,
              -19.9660133
            ],
            [
              -40.1467799,
              -19.9663125
            ],
            [
              -40.1465237,
              -19.9669892
            ],
            [
              -40.1463545,
              -19.9674498
            ],
            [
              -40.146181,
              -19.9679341
            ],
            [
              -40.145754,
              -19.9688248
            ],
            [
              -40.1451407,
              -19.9695273
            ],
            [
              -40.1451015,
              -19.9695679
            ],
            [
              -40.1450444,
              -19.9696121
            ],
            [
              -40.1450259,
              -19.9696264
            ],
            [
              -40.1449965,
              -19.96964
            ],
            [
              -40.1449681,
              -19.9696436
            ],
            [
              -40.1449427,
              -19.9696418
            ],
            [
              -40.1449124,
              -19.9696313
            ],
            [
              -40.1448461,
              -19.969598
            ],
            [
              -40.1445617,
              -19.9694282
            ],
            [
              -40.1444735,
              -19.9693755
            ],
            [
              -40.1443622,
              -19.9693367
            ],
            [
              -40.1442811,
              -19.9693231
            ],
            [
              -40.1441951,
              -19.9693194
            ],
            [
              -40.1440477,
              -19.9693365
            ],
            [
              -40.1440198,
              -19.969347
            ],
            [
              -40.1439369,
              -19.9693978
            ],
            [
              -40.1433111,
              -19.9700641
            ],
            [
              -40.1427683,
              -19.9707449
            ],
            [
              -40.1427011,
              -19.9708291
            ],
            [
              -40.1426286,
              -19.9708894
            ],
            [
              -40.1425483,
              -19.9709201
            ],
            [
              -40.1424153,
              -19.9709299
            ],
            [
              -40.1422667,
              -19.970925
            ],
            [
              -40.1411406,
              -19.9707811
            ],
            [
              -40.1410731,
              -19.9707817
            ],
            [
              -40.1409988,
              -19.9707995
            ],
            [
              -40.140897,
              -19.9708432
            ],
            [
              -40.1403974,
              -19.9711667
            ],
            [
              -40.1397467,
              -19.9715261
            ],
            [
              -40.1395481,
              -19.9715881
            ],
            [
              -40.1393906,
              -19.9716373
            ],
            [
              -40.1393525,
              -19.9716391
            ],
            [
              -40.1392987,
              -19.9716354
            ],
            [
              -40.1387417,
              -19.9715472
            ],
            [
              -40.1382197,
              -19.9715236
            ],
            [
              -40.1372431,
              -19.9715146
            ],
            [
              -40.1370143,
              -19.9715075
            ],
            [
              -40.1368734,
              -19.9714531
            ],
            [
              -40.1369378,
              -19.97139
            ],
            [
              -40.1369512,
              -19.9713724
            ],
            [
              -40.1370344,
              -19.9713699
            ],
            [
              -40.1370773,
              -19.97138
            ],
            [
              -40.1370987,
              -19.9713951
            ],
            [
              -40.137143,
              -19.971443
            ],
            [
              -40.137206,
              -19.9714027
            ],
            [
              -40.1372543,
              -19.9713485
            ],
            [
              -40.1372825,
              -19.9712766
            ],
            [
              -40.1372717,
              -19.9712174
            ],
            [
              -40.1373133,
              -19.9711783
            ],
            [
              -40.1373388,
              -19.9711556
            ],
            [
              -40.1373589,
              -19.9710649
            ],
            [
              -40.1373616,
              -19.9709539
            ],
            [
              -40.1373455,
              -19.970785
            ],
            [
              -40.137316,
              -19.9706943
            ],
            [
              -40.1372865,
              -19.9705834
            ],
            [
              -40.1372248,
              -19.9705203
            ],
            [
              -40.1371631,
              -19.9704598
            ],
            [
              -40.1371202,
              -19.9703817
            ],
            [
              -40.1371256,
              -19.9703061
            ],
            [
              -40.1371604,
              -19.9702178
            ],
            [
              -40.137147,
              -19.9700615
            ],
            [
              -40.1371229,
              -19.9699002
            ],
            [
              -40.1370692,
              -19.9697716
            ],
            [
              -40.1370183,
              -19.9696607
            ],
            [
              -40.1369137,
              -19.9694641
            ],
            [
              -40.1368037,
              -19.9693204
            ],
            [
              -40.1366615,
              -19.9691767
            ],
            [
              -40.1365328,
              -19.9690859
            ],
            [
              -40.1364389,
              -19.9690355
            ],
            [
              -40.1362833,
              -19.9690153
            ],
            [
              -40.136219,
              -19.9689977
            ],
            [
              -40.1361868,
              -19.9689397
            ],
            [
              -40.1362109,
              -19.9688918
            ],
            [
              -40.1361948,
              -19.9688162
            ],
            [
              -40.1361761,
              -19.9687758
            ],
            [
              -40.1361331,
              -19.9687305
            ],
            [
              -40.136109,
              -19.9687229
            ],
            [
              -40.1360741,
              -19.9687128
            ],
            [
              -40.1360688,
              -19.9686372
            ],
            [
              -40.1360205,
              -19.9686221
            ],
            [
              -40.1359776,
              -19.9686246
            ],
            [
              -40.1359212,
              -19.9686498
            ],
            [
              -40.1358891,
              -19.9685969
            ],
            [
              -40.1359239,
              -19.968549
            ],
            [
              -40.1359427,
              -19.968496
            ],
            [
              -40.1359239,
              -19.9684128
            ],
            [
              -40.1358837,
              -19.9683574
            ],
            [
              -40.135873,
              -19.9683019
            ],
            [
              -40.1358247,
              -19.9682162
            ],
            [
              -40.1358354,
              -19.9681557
            ],
            [
              -40.1358461,
              -19.9680523
            ],
            [
              -40.1358703,
              -19.9680246
            ],
            [
              -40.1358783,
              -19.9679591
            ],
            [
              -40.1358596,
              -19.9678708
            ],
            [
              -40.1357979,
              -19.9677826
            ],
            [
              -40.1356933,
              -19.9676918
            ],
            [
              -40.1355672,
              -19.9676162
            ],
            [
              -40.1354063,
              -19.967528
            ],
            [
              -40.1352614,
              -19.967475
            ],
            [
              -40.1351407,
              -19.9674296
            ],
            [
              -40.1349664,
              -19.9673918
            ],
            [
              -40.1347706,
              -19.9673818
            ],
            [
              -40.1346016,
              -19.9673843
            ],
            [
              -40.1344648,
              -19.9673918
            ],
            [
              -40.1343119,
              -19.9673918
            ],
            [
              -40.1341322,
              -19.9673818
            ],
            [
              -40.1339766,
              -19.9673742
            ],
            [
              -40.1338506,
              -19.9673666
            ],
            [
              -40.133756,
              -19.9673671
            ],
            [
              -40.1337718,
              -19.9674531
            ],
            [
              -40.133773,
              -19.9674943
            ],
            [
              -40.1336782,
              -19.96748
            ],
            [
              -40.1335909,
              -19.9675064
            ],
            [
              -40.1335147,
              -19.9675638
            ],
            [
              -40.1334988,
              -19.9676363
            ],
            [
              -40.1334663,
              -19.9676831
            ],
            [
              -40.1333791,
              -19.9677302
            ],
            [
              -40.133374,
              -19.9677301
            ],
            [
              -40.1333785,
              -19.9676526
            ],
            [
              -40.1333771,
              -19.967456
            ],
            [
              -40.1333928,
              -19.9673525
            ],
            [
              -40.1333347,
              -19.9671992
            ],
            [
              -40.1332263,
              -19.9671259
            ],
            [
              -40.1331143,
              -19.9668375
            ],
            [
              -40.1328168,
              -19.9666632
            ],
            [
              -40.1325536,
              -19.9666422
            ],
            [
              -40.1324579,
              -19.9666757
            ],
            [
              -40.1323669,
              -19.9667004
            ],
            [
              -40.1323535,
              -19.9666143
            ],
            [
              -40.132375,
              -19.9665572
            ],
            [
              -40.13245,
              -19.9664801
            ],
            [
              -40.132466,
              -19.9663854
            ],
            [
              -40.1326082,
              -19.9662173
            ],
            [
              -40.1326301,
              -19.9659371
            ],
            [
              -40.1326515,
              -19.9655891
            ],
            [
              -40.1326702,
              -19.9654605
            ],
            [
              -40.1326382,
              -19.9651072
            ],
            [
              -40.132632,
              -19.9650038
            ],
            [
              -40.1326531,
              -19.9649002
            ],
            [
              -40.1328058,
              -19.9648319
            ],
            [
              -40.1329743,
              -19.9646809
            ],
            [
              -40.1330337,
              -19.9645667
            ],
            [
              -40.1330821,
              -19.9644474
            ],
            [
              -40.1331525,
              -19.9643435
            ],
            [
              -40.1332182,
              -19.9642846
            ],
            [
              -40.13333,
              -19.9642207
            ],
            [
              -40.1333417,
              -19.9641948
            ],
            [
              -40.1334,
              -19.9640566
            ],
            [
              -40.1334456,
              -19.9638725
            ],
            [
              -40.1334831,
              -19.9637137
            ],
            [
              -40.1334831,
              -19.9635019
            ],
            [
              -40.1333758,
              -19.9632297
            ],
            [
              -40.1332927,
              -19.9630733
            ],
            [
              -40.1332176,
              -19.9629977
            ],
            [
              -40.1331049,
              -19.962907
            ],
            [
              -40.1330888,
              -19.9628112
            ],
            [
              -40.1330432,
              -19.9626876
            ],
            [
              -40.1330406,
              -19.9625515
            ],
            [
              -40.1330942,
              -19.9624406
            ],
            [
              -40.1331237,
              -19.9623296
            ],
            [
              -40.1332042,
              -19.9622439
            ],
            [
              -40.1333383,
              -19.9621456
            ],
            [
              -40.1335099,
              -19.9620599
            ],
            [
              -40.1337084,
              -19.9619439
            ],
            [
              -40.1338398,
              -19.9618582
            ],
            [
              -40.1339525,
              -19.9617599
            ],
            [
              -40.1340786,
              -19.9616187
            ],
            [
              -40.1341966,
              -19.9614473
            ],
            [
              -40.1342878,
              -19.9612405
            ],
            [
              -40.1343817,
              -19.9610464
            ],
            [
              -40.1345426,
              -19.9607061
            ],
            [
              -40.1346284,
              -19.9605296
            ],
            [
              -40.1346874,
              -19.9603783
            ],
            [
              -40.1347411,
              -19.9602422
            ],
            [
              -40.1348537,
              -19.9600329
            ],
            [
              -40.1350173,
              -19.9598615
            ],
            [
              -40.1351112,
              -19.9597178
            ],
            [
              -40.1352507,
              -19.9594304
            ],
            [
              -40.1353177,
              -19.9592741
            ],
            [
              -40.1353821,
              -19.9591203
            ],
            [
              -40.1354036,
              -19.9590371
            ],
            [
              -40.1354465,
              -19.9589363
            ],
            [
              -40.135535,
              -19.9588505
            ],
            [
              -40.1356316,
              -19.9587598
            ],
            [
              -40.135771,
              -19.958669
            ],
            [
              -40.1358703,
              -19.9586312
            ],
            [
              -40.1359615,
              -19.9586262
            ],
            [
              -40.1360956,
              -19.9585757
            ],
            [
              -40.1362082,
              -19.9585026
            ],
            [
              -40.1363987,
              -19.9583665
            ],
            [
              -40.136624,
              -19.9581648
            ],
            [
              -40.1368144,
              -19.9579303
            ],
            [
              -40.1369056,
              -19.9577955
            ],
            [
              -40.1369539,
              -19.9576707
            ],
            [
              -40.1369593,
              -19.9576001
            ],
            [
              -40.1369539,
              -19.9575194
            ],
            [
              -40.1370317,
              -19.9574564
            ],
            [
              -40.1371374,
              -19.9573917
            ],
            [
              -40.1371551,
              -19.9573285
            ],
            [
              -40.1372339,
              -19.9573108
            ],
            [
              -40.1373553,
              -19.9573244
            ],
            [
              -40.1374712,
              -19.957404
            ],
            [
              -40.13756,
              -19.9575181
            ],
            [
              -40.1377076,
              -19.9576076
            ],
            [
              -40.1377961,
              -19.9576454
            ],
            [
              -40.1378658,
              -19.9576656
            ],
            [
              -40.1379651,
              -19.957648
            ],
            [
              -40.138067,
              -19.9575975
            ],
            [
              -40.1382387,
              -19.9575068
            ],
            [
              -40.1386571,
              -19.9571992
            ],
            [
              -40.1388717,
              -19.9570404
            ],
            [
              -40.1390246,
              -19.9568967
            ],
            [
              -40.1391962,
              -19.9567
            ],
            [
              -40.1395154,
              -19.9563193
            ],
            [
              -40.1395771,
              -19.9562311
            ],
            [
              -40.1395986,
              -19.9561353
            ],
            [
              -40.1396388,
              -19.9560319
            ],
            [
              -40.1397327,
              -19.9558529
            ],
            [
              -40.1398158,
              -19.9556563
            ],
            [
              -40.1399392,
              -19.9554117
            ],
            [
              -40.1400116,
              -19.9552932
            ],
            [
              -40.1401082,
              -19.9551571
            ],
            [
              -40.1402208,
              -19.9549806
            ],
            [
              -40.1403523,
              -19.9548218
            ],
            [
              -40.1404488,
              -19.9547007
            ],
            [
              -40.1405185,
              -19.9545545
            ],
            [
              -40.1405427,
              -19.9544789
            ],
            [
              -40.1405615,
              -19.9543629
            ],
            [
              -40.1405937,
              -19.9542873
            ],
            [
              -40.1407144,
              -19.9542116
            ],
            [
              -40.1408485,
              -19.9541209
            ],
            [
              -40.1410952,
              -19.9540301
            ],
            [
              -40.1412267,
              -19.9539772
            ],
            [
              -40.1414251,
              -19.9539167
            ],
            [
              -40.1415083,
              -19.9538814
            ],
            [
              -40.1416558,
              -19.9538612
            ],
            [
              -40.1417363,
              -19.9538435
            ],
            [
              -40.1418194,
              -19.9538788
            ],
            [
              -40.1419106,
              -19.953904
            ],
            [
              -40.142026,
              -19.9538914
            ],
            [
              -40.1421466,
              -19.9538788
            ],
            [
              -40.1422378,
              -19.9538965
            ],
            [
              -40.1423639,
              -19.9539469
            ],
            [
              -40.1425034,
              -19.9539772
            ],
            [
              -40.1426509,
              -19.9540024
            ],
            [
              -40.1427206,
              -19.9540125
            ],
            [
              -40.1428306,
              -19.9540604
            ],
            [
              -40.1429325,
              -19.9541133
            ],
            [
              -40.1431096,
              -19.9541108
            ],
            [
              -40.1433939,
              -19.9540906
            ],
            [
              -40.1440204,
              -19.954033
            ],
            [
              -40.1449305,
              -19.95398
            ],
            [
              -40.1456067,
              -19.9539545
            ],
            [
              -40.145781,
              -19.9539343
            ],
            [
              -40.1458776,
              -19.9539318
            ],
            [
              -40.1460117,
              -19.953952
            ],
            [
              -40.146178,
              -19.9539973
            ],
            [
              -40.1464972,
              -19.9541209
            ],
            [
              -40.1466233,
              -19.9541763
            ],
            [
              -40.1467627,
              -19.9542646
            ],
            [
              -40.1468378,
              -19.9543427
            ],
            [
              -40.1469076,
              -19.9544587
            ],
            [
              -40.1469693,
              -19.9545495
            ],
            [
              -40.1470323,
              -19.954591
            ],
            [
              -40.1470969,
              -19.9546154
            ],
            [
              -40.1471436,
              -19.9546251
            ],
            [
              -40.1473045,
              -19.9546377
            ],
            [
              -40.1475137,
              -19.9546251
            ],
            [
              -40.1482943,
              -19.9545545
            ],
            [
              -40.1484552,
              -19.9545167
            ],
            [
              -40.1488334,
              -19.9543957
            ],
            [
              -40.1489487,
              -19.9543881
            ],
            [
              -40.1490587,
              -19.9544007
            ],
            [
              -40.1492089,
              -19.9544486
            ],
            [
              -40.1493377,
              -19.9544688
            ],
            [
              -40.1494342,
              -19.9544713
            ],
            [
              -40.1495549,
              -19.9544385
            ],
            [
              -40.1503891,
              -19.9541158
            ],
            [
              -40.1506399,
              -19.9540225
            ],
            [
              -40.1507297,
              -19.9540213
            ],
            [
              -40.1507793,
              -19.9540314
            ],
            [
              -40.1507968,
              -19.954049
            ],
            [
              -40.1508142,
              -19.9540818
            ],
            [
              -40.1508129,
              -19.9541209
            ],
            [
              -40.1508397,
              -19.9541536
            ],
            [
              -40.1508907,
              -19.9541637
            ],
            [
              -40.1510221,
              -19.9541511
            ],
            [
              -40.1511401,
              -19.9541259
            ],
            [
              -40.1516417,
              -19.9539116
            ],
            [
              -40.1517248,
              -19.9538814
            ],
            [
              -40.1518214,
              -19.9538587
            ],
            [
              -40.151875,
              -19.9538612
            ],
            [
              -40.1520011,
              -19.9538763
            ],
            [
              -40.1521459,
              -19.9538561
            ],
            [
              -40.1523793,
              -19.9538032
            ],
            [
              -40.1529048,
              -19.9536164
            ],
            [
              -40.1534119,
              -19.9534275
            ],
            [
              -40.1536372,
              -19.9532964
            ],
            [
              -40.1537633,
              -19.953188
            ],
            [
              -40.1539108,
              -19.9530317
            ],
            [
              -40.1534311,
              -19.9513816
            ],
            [
              -40.1530445,
              -19.9500516
            ],
            [
              -40.1533073,
              -19.9502004
            ],
            [
              -40.1534522,
              -19.9502332
            ],
            [
              -40.1537231,
              -19.9502659
            ],
            [
              -40.1542756,
              -19.9502659
            ],
            [
              -40.1543722,
              -19.9502533
            ],
            [
              -40.1544848,
              -19.9502155
            ],
            [
              -40.1545438,
              -19.9501525
            ],
            [
              -40.1546672,
              -19.9500415
            ],
            [
              -40.1547638,
              -19.9499836
            ],
            [
              -40.1548657,
              -19.949981
            ],
            [
              -40.1552278,
              -19.9500701
            ],
            [
              -40.1555013,
              -19.9501329
            ],
            [
              -40.1559381,
              -19.9502083
            ],
            [
              -40.1564259,
              -19.9502193
            ],
            [
              -40.1566058,
              -19.9501898
            ],
            [
              -40.1567853,
              -19.9501106
            ],
            [
              -40.1569356,
              -19.950138
            ],
            [
              -40.1570337,
              -19.9502154
            ],
            [
              -40.1571768,
              -19.9502996
            ],
            [
              -40.1573498,
              -19.9503481
            ],
            [
              -40.1576882,
              -19.9504523
            ],
            [
              -40.1580488,
              -19.9505138
            ],
            [
              -40.1584917,
              -19.9505393
            ],
            [
              -40.1588748,
              -19.9505936
            ],
            [
              -40.1594011,
              -19.9507462
            ],
            [
              -40.1599853,
              -19.9509515
            ],
            [
              -40.160259,
              -19.9510453
            ],
            [
              -40.1606543,
              -19.9511671
            ],
            [
              -40.1609078,
              -19.9512563
            ],
            [
              -40.1612474,
              -19.951364
            ],
            [
              -40.1615108,
              -19.951434
            ],
            [
              -40.1617952,
              -19.9515995
            ],
            [
              -40.1619676,
              -19.9516748
            ],
            [
              -40.1622462,
              -19.95174
            ],
            [
              -40.1626715,
              -19.9518137
            ],
            [
              -40.1629959,
              -19.9519263
            ],
            [
              -40.1634199,
              -19.952093
            ],
            [
              -40.1634878,
              -19.9520925
            ],
            [
              -40.1636742,
              -19.9521372
            ],
            [
              -40.1637391,
              -19.9521712
            ],
            [
              -40.1637839,
              -19.9522111
            ],
            [
              -40.163847,
              -19.9522661
            ],
            [
              -40.1639019,
              -19.9523002
            ],
            [
              -40.1639729,
              -19.9523361
            ],
            [
              -40.1644277,
              -19.9525664
            ],
            [
              -40.1648337,
              -19.9527684
            ],
            [
              -40.1650751,
              -19.9528739
            ],
            [
              -40.1652194,
              -19.9529571
            ],
            [
              -40.1653756,
              -19.9530249
            ],
            [
              -40.1654996,
              -19.9531102
            ],
            [
              -40.165646,
              -19.9532125
            ],
            [
              -40.1659161,
              -19.9533656
            ],
            [
              -40.1661797,
              -19.9534633
            ],
            [
              -40.1663701,
              -19.9534908
            ],
            [
              -40.1665625,
              -19.9535335
            ],
            [
              -40.1666213,
              -19.9535446
            ],
            [
              -40.166662,
              -19.9535787
            ],
            [
              -40.1666827,
              -19.9536417
            ],
            [
              -40.166669,
              -19.9537164
            ],
            [
              -40.1666433,
              -19.9537873
            ],
            [
              -40.1666437,
              -19.9538504
            ],
            [
              -40.1666481,
              -19.9538887
            ],
            [
              -40.1666849,
              -19.953942
            ],
            [
              -40.166758,
              -19.9540087
            ],
            [
              -40.1668,
              -19.9540189
            ],
            [
              -40.1669277,
              -19.9540463
            ],
            [
              -40.1670669,
              -19.9540702
            ],
            [
              -40.1671883,
              -19.9540838
            ],
            [
              -40.167264,
              -19.9540642
            ],
            [
              -40.1673244,
              -19.9540207
            ],
            [
              -40.1674248,
              -19.9539245
            ],
            [
              -40.1675251,
              -19.9538043
            ],
            [
              -40.1677263,
              -19.9536643
            ],
            [
              -40.1678631,
              -19.9535641
            ],
            [
              -40.1692426,
              -19.9539336
            ],
            [
              -40.1691911,
              -19.9562271
            ],
            [
              -40.1693327,
              -19.9567089
            ],
            [
              -40.1692291,
              -19.9569083
            ],
            [
              -40.1690676,
              -19.9571744
            ],
            [
              -40.1690947,
              -19.9576821
            ],
            [
              -40.1693539,
              -19.9588963
            ],
            [
              -40.1693899,
              -19.9590651
            ],
            [
              -40.1694025,
              -19.9591243
            ],
            [
              -40.1688032,
              -19.9599729
            ],
            [
              -40.168108,
              -19.9606058
            ],
            [
              -40.1677937,
              -19.9608654
            ],
            [
              -40.1677795,
              -19.9609125
            ],
            [
              -40.1661359,
              -19.9618309
            ],
            [
              -40.165694,
              -19.9620878
            ],
            [
              -40.1653408,
              -19.9623035
            ],
            [
              -40.1653052,
              -19.9622866
            ],
            [
              -40.1651756,
              -19.9622543
            ],
            [
              -40.1648793,
              -19.9622017
            ],
            [
              -40.1644802,
              -19.9621523
            ],
            [
              -40.1641562,
              -19.9620991
            ],
            [
              -40.1638771,
              -19.9620635
            ],
            [
              -40.1638185,
              -19.9620527
            ],
            [
              -40.1637693,
              -19.9620527
            ],
            [
              -40.1637298,
              -19.9620573
            ],
            [
              -40.1634027,
              -19.9621397
            ],
            [
              -40.1631807,
              -19.9622056
            ],
            [
              -40.1630929,
              -19.9622394
            ],
            [
              -40.1628989,
              -19.9623207
            ],
            [
              -40.1625786,
              -19.9624661
            ],
            [
              -40.1625216,
              -19.9624971
            ],
            [
              -40.1623083,
              -19.9626469
            ],
            [
              -40.1621925,
              -19.9627136
            ],
            [
              -40.1620612,
              -19.9627831
            ],
            [
              -40.1617361,
              -19.9628883
            ],
            [
              -40.1616454,
              -19.9628957
            ],
            [
              -40.1614766,
              -19.9628976
            ],
            [
              -40.1613444,
              -19.9628886
            ],
            [
              -40.1611891,
              -19.9628659
            ],
            [
              -40.1606286,
              -19.9627189
            ],
            [
              -40.1606929,
              -19.9626206
            ],
            [
              -40.1607334,
              -19.9625301
            ],
            [
              -40.1607508,
              -19.9624725
            ],
            [
              -40.1607547,
              -19.9624067
            ],
            [
              -40.16075,
              -19.9622596
            ],
            [
              -40.1607404,
              -19.9621929
            ],
            [
              -40.1607221,
              -19.9621427
            ],
            [
              -40.160697,
              -19.9620906
            ],
            [
              -40.160643,
              -19.9620094
            ],
            [
              -40.1605438,
              -19.9618751
            ],
            [
              -40.1604753,
              -19.961803
            ],
            [
              -40.1602921,
              -19.9616698
            ],
            [
              -40.1602448,
              -19.9616305
            ],
            [
              -40.1602033,
              -19.9616041
            ],
            [
              -40.1601049,
              -19.9615502
            ],
            [
              -40.1599718,
              -19.9615019
            ],
            [
              -40.1597953,
              -19.9614189
            ],
            [
              -40.1597432,
              -19.9613888
            ],
            [
              -40.1596892,
              -19.9613496
            ],
            [
              -40.1596661,
              -19.9613295
            ],
            [
              -40.1596314,
              -19.9612902
            ],
            [
              -40.159589,
              -19.9612291
            ],
            [
              -40.1595109,
              -19.9611003
            ],
            [
              -40.1594338,
              -19.960914
            ],
            [
              -40.1594126,
              -19.9608519
            ],
            [
              -40.1593963,
              -19.9607405
            ],
            [
              -40.1593887,
              -19.9604235
            ],
            [
              -40.1593945,
              -19.9602819
            ],
            [
              -40.1594515,
              -19.9600042
            ],
            [
              -40.159504,
              -19.9598091
            ],
            [
              -40.156478,
              -19.9596974
            ],
            [
              -40.1536376,
              -19.9594449
            ],
            [
              -40.1520148,
              -19.9593118
            ],
            [
              -40.1517291,
              -19.959334
            ],
            [
              -40.1515224,
              -19.9592965
            ],
            [
              -40.1512656,
              -19.9591946
            ],
            [
              -40.1512212,
              -19.9594183
            ],
            [
              -40.1512055,
              -19.9610428
            ],
            [
              -40.1512838,
              -19.9627574
            ],
            [
              -40.1513149,
              -19.9630395
            ],
            [
              -40.1512812,
              -19.9630633
            ],
            [
              -40.1511809,
              -19.9631339
            ],
            [
              -40.1507539,
              -19.9637019
            ],
            [
              -40.1504584,
              -19.9639518
            ],
            [
              -40.150029,
              -19.9644441
            ],
            [
              -40.1497338,
              -19.9648117
            ],
            [
              -40.1496619,
              -19.964869
            ],
            [
              -40.1495971,
              -19.9649109
            ],
            [
              -40.1495794,
              -19.9649218
            ],
            [
              -40.1494987,
              -19.9649373
            ],
            [
              -40.149392,
              -19.9649383
            ],
            [
              -40.1492863,
              -19.9649612
            ],
            [
              -40.1492249,
              -19.9649857
            ],
            [
              -40.1491356,
              -19.9650367
            ],
            [
              -40.1490819,
              -19.9650768
            ],
            [
              -40.1489581,
              -19.9651578
            ],
            [
              -40.1488833,
              -19.9652115
            ],
            [
              -40.1488276,
              -19.9652443
            ],
            [
              -40.1487325,
              -19.9652789
            ],
            [
              -40.1486999,
              -19.9652862
            ],
            [
              -40.1485827,
              -19.9652882
            ],
            [
              -40.1481302,
              -19.9652502
            ],
            [
              -40.1476454,
              -19.965257
            ],
            [
              -40.1474151,
              -19.9652836
            ],
            [
              -40.1473255,
              -19.9653046
            ],
            [
              -40.1471994,
              -19.9653539
            ],
            [
              -40.1471032,
              -19.9654133
            ],
            [
              -40.1470763,
              -19.9654452
            ],
            [
              -40.1470571,
              -19.965478
            ],
            [
              -40.1469842,
              -19.9656194
            ]
          ]
        ]
      },
      "id": "relation/1915816"
    },
    {
      "type": "Feature",
      "properties": {
        "@id": "relation/1915818",
        "admin_level": "10",
        "boundary": "administrative",
        "name": "Santa Luzia",
        "place": "suburb",
        "source": "IBGE",
        "type": "boundary"
      },
      "geometry": {
        "type": "Polygon",
        "coordinates": [
          [
            [
              -40.2853426,
              -19.8336509
            ],
            [
              -40.2853034,
              -19.8336724
            ],
            [
              -40.2819812,
              -19.8353708
            ],
            [
              -40.2815171,
              -19.8352293
            ],
            [
              -40.2817911,
              -19.8346138
            ],
            [
              -40.2822708,
              -19.8347711
            ],
            [
              -40.2824031,
              -19.8347091
            ],
            [
              -40.282419,
              -19.8345813
            ],
            [
              -40.2818693,
              -19.8333372
            ],
            [
              -40.2815562,
              -19.8321488
            ],
            [
              -40.281476,
              -19.8321229
            ],
            [
              -40.2815586,
              -19.8320112
            ],
            [
              -40.2817887,
              -19.8317129
            ],
            [
              -40.2818086,
              -19.8316135
            ],
            [
              -40.2817774,
              -19.8315027
            ],
            [
              -40.282206,
              -19.831176
            ],
            [
              -40.2826247,
              -19.8308556
            ],
            [
              -40.2832349,
              -19.8314075
            ],
            [
              -40.2833308,
              -19.8317754
            ],
            [
              -40.2838696,
              -19.8315644
            ],
            [
              -40.2840581,
              -19.8321266
            ],
            [
              -40.2840866,
              -19.8322845
            ],
            [
              -40.2840927,
              -19.8324992
            ],
            [
              -40.2840775,
              -19.8325795
            ],
            [
              -40.284057,
              -19.8326587
            ],
            [
              -40.2840313,
              -19.8327366
            ],
            [
              -40.2840006,
              -19.8328128
            ],
            [
              -40.2839649,
              -19.8328871
            ],
            [
              -40.2839245,
              -19.8329591
            ],
            [
              -40.2839231,
              -19.8330105
            ],
            [
              -40.2839293,
              -19.8330615
            ],
            [
              -40.2839428,
              -19.8331113
            ],
            [
              -40.2839635,
              -19.8331589
            ],
            [
              -40.2839908,
              -19.8332033
            ],
            [
              -40.2840244,
              -19.8332437
            ],
            [
              -40.2840719,
              -19.8332862
            ],
            [
              -40.2841236,
              -19.8333242
            ],
            [
              -40.2841789,
              -19.8333573
            ],
            [
              -40.2842373,
              -19.8333851
            ],
            [
              -40.2842983,
              -19.8334074
            ],
            [
              -40.2843613,
              -19.8334241
            ],
            [
              -40.2845452,
              -19.8334556
            ],
            [
              -40.2847281,
              -19.8334923
            ],
            [
              -40.2849096,
              -19.8335344
            ],
            [
              -40.2850898,
              -19.8335816
            ],
            [
              -40.2853049,
              -19.8336395
            ],
            [
              -40.2853237,
              -19.8336452
            ],
            [
              -40.2853426,
              -19.8336509
            ]
          ]
        ]
      },
      "id": "relation/1915818"
    },
    {
      "type": "Feature",
      "properties": {
        "@id": "relation/1915819",
        "admin_level": "10",
        "boundary": "administrative",
        "name": "Sauaçu",
        "place": "suburb",
        "source": "IBGE",
        "type": "boundary"
      },
      "geometry": {
        "type": "Polygon",
        "coordinates": [
          [
            [
              -40.2636489,
              -19.8382107
            ],
            [
              -40.2643085,
              -19.8369974
            ],
            [
              -40.266587,
              -19.8381807
            ],
            [
              -40.2669395,
              -19.8378302
            ],
            [
              -40.26712,
              -19.8376196
            ],
            [
              -40.267502,
              -19.837174
            ],
            [
              -40.2670368,
              -19.8368443
            ],
            [
              -40.2675673,
              -19.8361769
            ],
            [
              -40.2689913,
              -19.83712
            ],
            [
              -40.2669941,
              -19.8400214
            ],
            [
              -40.2636489,
              -19.8382107
            ]
          ]
        ]
      },
      "id": "relation/1915819"
    },
    {
      "type": "Feature",
      "properties": {
        "@id": "relation/1915821",
        "admin_level": "10",
        "boundary": "administrative",
        "name": "Sauê",
        "place": "suburb",
        "source": "IBGE",
        "type": "boundary"
      },
      "geometry": {
        "type": "Polygon",
        "coordinates": [
          [
            [
              -40.1150404,
              -19.9203426
            ],
            [
              -40.1152101,
              -19.9202905
            ],
            [
              -40.1153978,
              -19.9202455
            ],
            [
              -40.1154654,
              -19.9202553
            ],
            [
              -40.1155498,
              -19.9203151
            ],
            [
              -40.1155772,
              -19.9203221
            ],
            [
              -40.1156003,
              -19.9203202
            ],
            [
              -40.1157438,
              -19.9202174
            ],
            [
              -40.1158126,
              -19.9201746
            ],
            [
              -40.1159303,
              -19.9201409
            ],
            [
              -40.1159756,
              -19.9201363
            ],
            [
              -40.116039,
              -19.9201469
            ],
            [
              -40.1160736,
              -19.9201919
            ],
            [
              -40.116092,
              -19.920237
            ],
            [
              -40.1161279,
              -19.9204196
            ],
            [
              -40.1161445,
              -19.9204558
            ],
            [
              -40.1161721,
              -19.9204847
            ],
            [
              -40.1162608,
              -19.9205541
            ],
            [
              -40.1164042,
              -19.9207096
            ],
            [
              -40.1164626,
              -19.9207349
            ],
            [
              -40.1165157,
              -19.9207481
            ],
            [
              -40.1165508,
              -19.9207501
            ],
            [
              -40.1165816,
              -19.9207473
            ],
            [
              -40.1166387,
              -19.9207337
            ],
            [
              -40.1167042,
              -19.9206982
            ],
            [
              -40.1167465,
              -19.9206516
            ],
            [
              -40.116771,
              -19.9206133
            ],
            [
              -40.1168015,
              -19.9205862
            ],
            [
              -40.1168372,
              -19.920568
            ],
            [
              -40.1168714,
              -19.9205587
            ],
            [
              -40.1169038,
              -19.9205551
            ],
            [
              -40.1170502,
              -19.9205713
            ],
            [
              -40.1171169,
              -19.9205738
            ],
            [
              -40.1171562,
              -19.920571
            ],
            [
              -40.1171775,
              -19.9205651
            ],
            [
              -40.117214,
              -19.9205339
            ],
            [
              -40.1172325,
              -19.9205037
            ],
            [
              -40.117228,
              -19.9204803
            ],
            [
              -40.1172034,
              -19.9204061
            ],
            [
              -40.1171979,
              -19.9203665
            ],
            [
              -40.1172128,
              -19.9203194
            ],
            [
              -40.1172451,
              -19.9202931
            ],
            [
              -40.1172861,
              -19.9202926
            ],
            [
              -40.1173606,
              -19.9203056
            ],
            [
              -40.1174635,
              -19.920332
            ],
            [
              -40.117579,
              -19.9203493
            ],
            [
              -40.1176235,
              -19.9203456
            ],
            [
              -40.1176592,
              -19.9203298
            ],
            [
              -40.1176881,
              -19.9203109
            ],
            [
              -40.1177295,
              -19.9202562
            ],
            [
              -40.1177561,
              -19.920179
            ],
            [
              -40.1177515,
              -19.9201418
            ],
            [
              -40.1177265,
              -19.9201194
            ],
            [
              -40.1176888,
              -19.920106
            ],
            [
              -40.1175315,
              -19.9201134
            ],
            [
              -40.1174573,
              -19.920128
            ],
            [
              -40.1174384,
              -19.9201218
            ],
            [
              -40.1174332,
              -19.9201161
            ],
            [
              -40.1174244,
              -19.9200903
            ],
            [
              -40.117426,
              -19.9200741
            ],
            [
              -40.1174717,
              -19.9199417
            ],
            [
              -40.1175223,
              -19.9198577
            ],
            [
              -40.1175943,
              -19.9197873
            ],
            [
              -40.117612,
              -19.9197652
            ],
            [
              -40.1176466,
              -19.9197155
            ],
            [
              -40.117665,
              -19.9196699
            ],
            [
              -40.1176752,
              -19.9195719
            ],
            [
              -40.1176765,
              -19.9194391
            ],
            [
              -40.1176848,
              -19.9194155
            ],
            [
              -40.1177119,
              -19.9193901
            ],
            [
              -40.1177802,
              -19.9193707
            ],
            [
              -40.1179057,
              -19.9193523
            ],
            [
              -40.1179577,
              -19.919334
            ],
            [
              -40.1179847,
              -19.9193013
            ],
            [
              -40.1180048,
              -19.9192606
            ],
            [
              -40.1180104,
              -19.9192103
            ],
            [
              -40.1180065,
              -19.9191683
            ],
            [
              -40.1179887,
              -19.9190891
            ],
            [
              -40.1179918,
              -19.9190527
            ],
            [
              -40.1180035,
              -19.919025
            ],
            [
              -40.1180264,
              -19.9190053
            ],
            [
              -40.1180605,
              -19.9189944
            ],
            [
              -40.1184183,
              -19.9189459
            ],
            [
              -40.1185966,
              -19.91891
            ],
            [
              -40.1187606,
              -19.9188879
            ],
            [
              -40.1187921,
              -19.9188746
            ],
            [
              -40.1188115,
              -19.9188517
            ],
            [
              -40.1188283,
              -19.91882
            ],
            [
              -40.1188356,
              -19.9187729
            ],
            [
              -40.1188367,
              -19.9187098
            ],
            [
              -40.1188271,
              -19.9185973
            ],
            [
              -40.1188264,
              -19.9184362
            ],
            [
              -40.1188326,
              -19.918369
            ],
            [
              -40.1188466,
              -19.9183032
            ],
            [
              -40.1188734,
              -19.9182495
            ],
            [
              -40.1189107,
              -19.918211
            ],
            [
              -40.1189413,
              -19.9181969
            ],
            [
              -40.1189738,
              -19.9181917
            ],
            [
              -40.1190028,
              -19.918193
            ],
            [
              -40.1190277,
              -19.9181992
            ],
            [
              -40.1190544,
              -19.9182159
            ],
            [
              -40.1190717,
              -19.9182384
            ],
            [
              -40.1191047,
              -19.9182931
            ],
            [
              -40.1191527,
              -19.918397
            ],
            [
              -40.1191785,
              -19.9184186
            ],
            [
              -40.1192299,
              -19.9184301
            ],
            [
              -40.1192829,
              -19.9184223
            ],
            [
              -40.1193228,
              -19.9183903
            ],
            [
              -40.1193717,
              -19.9183225
            ],
            [
              -40.1194125,
              -19.9182929
            ],
            [
              -40.1195372,
              -19.9181863
            ],
            [
              -40.1196239,
              -19.9181384
            ],
            [
              -40.1197024,
              -19.9181189
            ],
            [
              -40.120066,
              -19.9180533
            ],
            [
              -40.1201557,
              -19.9180467
            ],
            [
              -40.1202523,
              -19.9180464
            ],
            [
              -40.1203395,
              -19.9180406
            ],
            [
              -40.120423,
              -19.9180146
            ],
            [
              -40.1204826,
              -19.9179799
            ],
            [
              -40.1205259,
              -19.9179495
            ],
            [
              -40.1206021,
              -19.9178733
            ],
            [
              -40.1206879,
              -19.9178141
            ],
            [
              -40.1207432,
              -19.9177819
            ],
            [
              -40.1208157,
              -19.9177641
            ],
            [
              -40.120901,
              -19.9177454
            ],
            [
              -40.1209582,
              -19.917739
            ],
            [
              -40.121019,
              -19.917744
            ],
            [
              -40.1210636,
              -19.9177557
            ],
            [
              -40.1210971,
              -19.9177723
            ],
            [
              -40.1211224,
              -19.9178336
            ],
            [
              -40.1211291,
              -19.9179047
            ],
            [
              -40.1211086,
              -19.9180879
            ],
            [
              -40.1211144,
              -19.9181567
            ],
            [
              -40.1211289,
              -19.9182423
            ],
            [
              -40.1211499,
              -19.9182963
            ],
            [
              -40.121201,
              -19.9183711
            ],
            [
              -40.1212769,
              -19.9184374
            ],
            [
              -40.1215408,
              -19.9185851
            ],
            [
              -40.1215924,
              -19.9186185
            ],
            [
              -40.1216252,
              -19.9186481
            ],
            [
              -40.1216746,
              -19.9187245
            ],
            [
              -40.1216982,
              -19.9187744
            ],
            [
              -40.1217353,
              -19.9189019
            ],
            [
              -40.1217528,
              -19.918947
            ],
            [
              -40.1217823,
              -19.918988
            ],
            [
              -40.121833,
              -19.9190182
            ],
            [
              -40.1218906,
              -19.9190451
            ],
            [
              -40.1220525,
              -19.9190854
            ],
            [
              -40.1220903,
              -19.9190995
            ],
            [
              -40.1221427,
              -19.9191297
            ],
            [
              -40.1222099,
              -19.9191792
            ],
            [
              -40.1222489,
              -19.9192354
            ],
            [
              -40.122256,
              -19.9192645
            ],
            [
              -40.1222555,
              -19.9192961
            ],
            [
              -40.1222433,
              -19.9193674
            ],
            [
              -40.1222403,
              -19.9194136
            ],
            [
              -40.1222432,
              -19.9194508
            ],
            [
              -40.1222539,
              -19.9194944
            ],
            [
              -40.1222687,
              -19.919521
            ],
            [
              -40.1223065,
              -19.919544
            ],
            [
              -40.1223496,
              -19.9195792
            ],
            [
              -40.1223961,
              -19.9196086
            ],
            [
              -40.1224416,
              -19.9196292
            ],
            [
              -40.1225018,
              -19.919669
            ],
            [
              -40.1225406,
              -19.9197074
            ],
            [
              -40.1225632,
              -19.919746
            ],
            [
              -40.1225781,
              -19.9197855
            ],
            [
              -40.1225941,
              -19.9198477
            ],
            [
              -40.1225887,
              -19.9199959
            ],
            [
              -40.1225927,
              -19.9200566
            ],
            [
              -40.1225992,
              -19.9201107
            ],
            [
              -40.1226107,
              -19.9201527
            ],
            [
              -40.1226228,
              -19.9201696
            ],
            [
              -40.1226444,
              -19.9201871
            ],
            [
              -40.1226744,
              -19.9202046
            ],
            [
              -40.1227088,
              -19.9202156
            ],
            [
              -40.1227561,
              -19.9202258
            ],
            [
              -40.1226674,
              -19.9203887
            ],
            [
              -40.1224915,
              -19.9206844
            ],
            [
              -40.1224053,
              -19.9210848
            ],
            [
              -40.1224184,
              -19.9212643
            ],
            [
              -40.1191618,
              -19.9260383
            ],
            [
              -40.1212658,
              -19.9268759
            ],
            [
              -40.1177573,
              -19.9310024
            ],
            [
              -40.1175401,
              -19.9309217
            ],
            [
              -40.1174514,
              -19.930881
            ],
            [
              -40.1174194,
              -19.9308663
            ],
            [
              -40.1172772,
              -19.9308461
            ],
            [
              -40.1171884,
              -19.9308543
            ],
            [
              -40.1170323,
              -19.9309281
            ],
            [
              -40.1169057,
              -19.9310033
            ],
            [
              -40.1168337,
              -19.9311011
            ],
            [
              -40.116792,
              -19.931193
            ],
            [
              -40.1168109,
              -19.9312959
            ],
            [
              -40.1168355,
              -19.931353
            ],
            [
              -40.116824,
              -19.931439
            ],
            [
              -40.1167275,
              -19.9315026
            ],
            [
              -40.1165883,
              -19.9315034
            ],
            [
              -40.116479,
              -19.9314526
            ],
            [
              -40.116388,
              -19.931436
            ],
            [
              -40.1161767,
              -19.9315175
            ],
            [
              -40.1161099,
              -19.9314893
            ],
            [
              -40.1160776,
              -19.9314562
            ],
            [
              -40.1161034,
              -19.9314314
            ],
            [
              -40.1161608,
              -19.9313909
            ],
            [
              -40.1162211,
              -19.9313418
            ],
            [
              -40.1162967,
              -19.9313069
            ],
            [
              -40.11636,
              -19.9312548
            ],
            [
              -40.1164293,
              -19.9311798
            ],
            [
              -40.1165615,
              -19.9311429
            ],
            [
              -40.1166577,
              -19.9310335
            ],
            [
              -40.1167233,
              -19.9309014
            ],
            [
              -40.1167589,
              -19.9307981
            ],
            [
              -40.1167761,
              -19.9306548
            ],
            [
              -40.1167538,
              -19.930551
            ],
            [
              -40.1167247,
              -19.9304124
            ],
            [
              -40.1165932,
              -19.9301401
            ],
            [
              -40.116435,
              -19.9298702
            ],
            [
              -40.1163358,
              -19.9296483
            ],
            [
              -40.1162499,
              -19.9294038
            ],
            [
              -40.1161373,
              -19.9291213
            ],
            [
              -40.1160246,
              -19.9289272
            ],
            [
              -40.1157779,
              -19.9285363
            ],
            [
              -40.1155579,
              -19.928269
            ],
            [
              -40.1152951,
              -19.9280471
            ],
            [
              -40.1146084,
              -19.9275075
            ],
            [
              -40.1138681,
              -19.9270839
            ],
            [
              -40.113278,
              -19.926751
            ],
            [
              -40.1127577,
              -19.9264383
            ],
            [
              -40.1122373,
              -19.9261105
            ],
            [
              -40.1116902,
              -19.9257625
            ],
            [
              -40.1111966,
              -19.9254547
            ],
            [
              -40.1111323,
              -19.9254146
            ],
            [
              -40.1108587,
              -19.9252582
            ],
            [
              -40.1105529,
              -19.925112
            ],
            [
              -40.110231,
              -19.9250061
            ],
            [
              -40.1099467,
              -19.9249304
            ],
            [
              -40.1096946,
              -19.9248144
            ],
            [
              -40.1093996,
              -19.9246581
            ],
            [
              -40.1090348,
              -19.9243908
            ],
            [
              -40.1085573,
              -19.924068
            ],
            [
              -40.1081979,
              -19.9238562
            ],
            [
              -40.10786,
              -19.9236645
            ],
            [
              -40.107463,
              -19.9235031
            ],
            [
              -40.1067013,
              -19.9232258
            ],
            [
              -40.1061755,
              -19.9230492
            ],
            [
              -40.1049713,
              -19.9224816
            ],
            [
              -40.1046676,
              -19.9223385
            ],
            [
              -40.1044623,
              -19.9222512
            ],
            [
              -40.1043301,
              -19.9221983
            ],
            [
              -40.104212,
              -19.922193
            ],
            [
              -40.1040968,
              -19.9221851
            ],
            [
              -40.1040405,
              -19.9221402
            ],
            [
              -40.1039618,
              -19.9220873
            ],
            [
              -40.1037819,
              -19.9220186
            ],
            [
              -40.1035626,
              -19.9219551
            ],
            [
              -40.1033668,
              -19.921949
            ],
            [
              -40.103263,
              -19.9219058
            ],
            [
              -40.1032264,
              -19.9218283
            ],
            [
              -40.1031548,
              -19.9217516
            ],
            [
              -40.1030852,
              -19.92169
            ],
            [
              -40.1030037,
              -19.9216301
            ],
            [
              -40.1029076,
              -19.9215738
            ],
            [
              -40.1028093,
              -19.9215284
            ],
            [
              -40.1027136,
              -19.9214861
            ],
            [
              -40.1025505,
              -19.9214226
            ],
            [
              -40.1024437,
              -19.9213856
            ],
            [
              -40.1023312,
              -19.9213565
            ],
            [
              -40.1021878,
              -19.9212931
            ],
            [
              -40.102081,
              -19.9212191
            ],
            [
              -40.1019961,
              -19.9211417
            ],
            [
              -40.1019245,
              -19.9210333
            ],
            [
              -40.1018427,
              -19.920917
            ],
            [
              -40.1017834,
              -19.9208071
            ],
            [
              -40.1017058,
              -19.9206875
            ],
            [
              -40.1016292,
              -19.9206082
            ],
            [
              -40.1015273,
              -19.9204897
            ],
            [
              -40.1014254,
              -19.9203888
            ],
            [
              -40.1013261,
              -19.9202754
            ],
            [
              -40.1012591,
              -19.9201947
            ],
            [
              -40.1011625,
              -19.9201089
            ],
            [
              -40.1010579,
              -19.9200232
            ],
            [
              -40.1009613,
              -19.9199475
            ],
            [
              -40.1008192,
              -19.9198416
            ],
            [
              -40.1007012,
              -19.919766
            ],
            [
              -40.1005,
              -19.9196601
            ],
            [
              -40.1003096,
              -19.9195113
            ],
            [
              -40.1001406,
              -19.9194028
            ],
            [
              -40.1000118,
              -19.919302
            ],
            [
              -40.0999045,
              -19.9192137
            ],
            [
              -40.0998107,
              -19.919133
            ],
            [
              -40.0997329,
              -19.9190372
            ],
            [
              -40.0996122,
              -19.9189363
            ],
            [
              -40.0995183,
              -19.9188405
            ],
            [
              -40.0994003,
              -19.9187144
            ],
            [
              -40.0996264,
              -19.9185857
            ],
            [
              -40.1074764,
              -19.9174361
            ],
            [
              -40.107535,
              -19.9177609
            ],
            [
              -40.1093154,
              -19.9169631
            ],
            [
              -40.1116021,
              -19.91554
            ],
            [
              -40.1147332,
              -19.9202482
            ],
            [
              -40.1148024,
              -19.9203823
            ],
            [
              -40.1148706,
              -19.9203736
            ],
            [
              -40.1150404,
              -19.9203426
            ]
          ]
        ]
      },
      "id": "relation/1915821"
    },
    {
      "type": "Feature",
      "properties": {
        "@id": "relation/1915822",
        "admin_level": "10",
        "boundary": "administrative",
        "name": "Segato",
        "place": "suburb",
        "source": "IBGE",
        "type": "boundary"
      },
      "geometry": {
        "type": "Polygon",
        "coordinates": [
          [
            [
              -40.2663934,
              -19.8248986
            ],
            [
              -40.266838,
              -19.8241752
            ],
            [
              -40.2674618,
              -19.8244041
            ],
            [
              -40.2687132,
              -19.8249783
            ],
            [
              -40.2693955,
              -19.8253952
            ],
            [
              -40.2710294,
              -19.8261846
            ],
            [
              -40.2723564,
              -19.8268369
            ],
            [
              -40.2722315,
              -19.8277012
            ],
            [
              -40.2715127,
              -19.8277772
            ],
            [
              -40.2714936,
              -19.827705
            ],
            [
              -40.2708988,
              -19.8277163
            ],
            [
              -40.2707961,
              -19.8276708
            ],
            [
              -40.2703772,
              -19.8281877
            ],
            [
              -40.2702588,
              -19.8283456
            ],
            [
              -40.2702018,
              -19.8284158
            ],
            [
              -40.2701009,
              -19.8284904
            ],
            [
              -40.2698969,
              -19.8286264
            ],
            [
              -40.269761,
              -19.8287667
            ],
            [
              -40.2696564,
              -19.8289184
            ],
            [
              -40.269625,
              -19.8289641
            ],
            [
              -40.2691613,
              -19.8286953
            ],
            [
              -40.2694979,
              -19.8284099
            ],
            [
              -40.2687879,
              -19.8276099
            ],
            [
              -40.2684605,
              -19.827291
            ],
            [
              -40.2681813,
              -19.8269444
            ],
            [
              -40.2663934,
              -19.8248986
            ]
          ]
        ]
      },
      "id": "relation/1915822"
    },
    {
      "type": "Feature",
      "properties": {
        "@id": "relation/1915823",
        "admin_level": "10",
        "boundary": "administrative",
        "name": "São Clemente",
        "place": "suburb",
        "source": "IBGE",
        "type": "boundary"
      },
      "geometry": {
        "type": "Polygon",
        "coordinates": [
          [
            [
              -40.2652698,
              -19.8354104
            ],
            [
              -40.2660034,
              -19.8359334
            ],
            [
              -40.2660655,
              -19.836207
            ],
            [
              -40.2666076,
              -19.8365531
            ],
            [
              -40.2662966,
              -19.8369948
            ],
            [
              -40.2665032,
              -19.837061
            ],
            [
              -40.2665801,
              -19.8371254
            ],
            [
              -40.2666356,
              -19.8372422
            ],
            [
              -40.2666555,
              -19.8373643
            ],
            [
              -40.2667094,
              -19.8375489
            ],
            [
              -40.2667606,
              -19.8376342
            ],
            [
              -40.2669395,
              -19.8378302
            ],
            [
              -40.266587,
              -19.8381807
            ],
            [
              -40.2643085,
              -19.8369974
            ],
            [
              -40.2636489,
              -19.8382107
            ],
            [
              -40.2628553,
              -19.8378456
            ],
            [
              -40.2629468,
              -19.8372646
            ],
            [
              -40.263023,
              -19.8366007
            ],
            [
              -40.2630272,
              -19.8363834
            ],
            [
              -40.2630272,
              -19.8361629
            ],
            [
              -40.2629899,
              -19.8357144
            ],
            [
              -40.2630098,
              -19.8354502
            ],
            [
              -40.2630372,
              -19.835383
            ],
            [
              -40.2632465,
              -19.8351338
            ],
            [
              -40.2633759,
              -19.8349985
            ],
            [
              -40.2635181,
              -19.8348497
            ],
            [
              -40.2636327,
              -19.8346853
            ],
            [
              -40.2636651,
              -19.8346155
            ],
            [
              -40.2637698,
              -19.8343539
            ],
            [
              -40.2639623,
              -19.8344919
            ],
            [
              -40.2642075,
              -19.8346655
            ],
            [
              -40.2644575,
              -19.8348223
            ],
            [
              -40.2649907,
              -19.835226
            ],
            [
              -40.2652698,
              -19.8354104
            ]
          ]
        ]
      },
      "id": "relation/1915823"
    },
    {
      "type": "Feature",
      "properties": {
        "@id": "relation/1915824",
        "admin_level": "10",
        "boundary": "administrative",
        "name": "São Francisco",
        "place": "suburb",
        "source": "IBGE",
        "type": "boundary"
      },
      "geometry": {
        "type": "Polygon",
        "coordinates": [
          [
            [
              -40.1469842,
              -19.9656194
            ],
            [
              -40.1470571,
              -19.965478
            ],
            [
              -40.1470763,
              -19.9654452
            ],
            [
              -40.1471032,
              -19.9654133
            ],
            [
              -40.1471994,
              -19.9653539
            ],
            [
              -40.1473255,
              -19.9653046
            ],
            [
              -40.1474151,
              -19.9652836
            ],
            [
              -40.1476454,
              -19.965257
            ],
            [
              -40.1481302,
              -19.9652502
            ],
            [
              -40.1485827,
              -19.9652882
            ],
            [
              -40.1486999,
              -19.9652862
            ],
            [
              -40.1487325,
              -19.9652789
            ],
            [
              -40.1488276,
              -19.9652443
            ],
            [
              -40.1488833,
              -19.9652115
            ],
            [
              -40.1489581,
              -19.9651578
            ],
            [
              -40.1490819,
              -19.9650768
            ],
            [
              -40.1491356,
              -19.9650367
            ],
            [
              -40.1492249,
              -19.9649857
            ],
            [
              -40.1492863,
              -19.9649612
            ],
            [
              -40.149392,
              -19.9649383
            ],
            [
              -40.1494987,
              -19.9649373
            ],
            [
              -40.1495794,
              -19.9649218
            ],
            [
              -40.1495971,
              -19.9649109
            ],
            [
              -40.1496619,
              -19.964869
            ],
            [
              -40.1497338,
              -19.9648117
            ],
            [
              -40.150029,
              -19.9644441
            ],
            [
              -40.1504584,
              -19.9639518
            ],
            [
              -40.1507539,
              -19.9637019
            ],
            [
              -40.1511809,
              -19.9631339
            ],
            [
              -40.1512812,
              -19.9630633
            ],
            [
              -40.1513149,
              -19.9630395
            ],
            [
              -40.1512838,
              -19.9627574
            ],
            [
              -40.1512055,
              -19.9610428
            ],
            [
              -40.1512212,
              -19.9594183
            ],
            [
              -40.1512656,
              -19.9591946
            ],
            [
              -40.1515224,
              -19.9592965
            ],
            [
              -40.1517291,
              -19.959334
            ],
            [
              -40.1520148,
              -19.9593118
            ],
            [
              -40.1536376,
              -19.9594449
            ],
            [
              -40.156478,
              -19.9596974
            ],
            [
              -40.159504,
              -19.9598091
            ],
            [
              -40.1594515,
              -19.9600042
            ],
            [
              -40.1593945,
              -19.9602819
            ],
            [
              -40.1593887,
              -19.9604235
            ],
            [
              -40.1593963,
              -19.9607405
            ],
            [
              -40.1594126,
              -19.9608519
            ],
            [
              -40.1594338,
              -19.960914
            ],
            [
              -40.1595109,
              -19.9611003
            ],
            [
              -40.159589,
              -19.9612291
            ],
            [
              -40.1596314,
              -19.9612902
            ],
            [
              -40.1596661,
              -19.9613295
            ],
            [
              -40.1596892,
              -19.9613496
            ],
            [
              -40.1597432,
              -19.9613888
            ],
            [
              -40.1597953,
              -19.9614189
            ],
            [
              -40.1599718,
              -19.9615019
            ],
            [
              -40.1601049,
              -19.9615502
            ],
            [
              -40.1602033,
              -19.9616041
            ],
            [
              -40.1602448,
              -19.9616305
            ],
            [
              -40.1602921,
              -19.9616698
            ],
            [
              -40.1604753,
              -19.961803
            ],
            [
              -40.1605438,
              -19.9618751
            ],
            [
              -40.160643,
              -19.9620094
            ],
            [
              -40.160697,
              -19.9620906
            ],
            [
              -40.1607221,
              -19.9621427
            ],
            [
              -40.1607404,
              -19.9621929
            ],
            [
              -40.16075,
              -19.9622596
            ],
            [
              -40.1607547,
              -19.9624067
            ],
            [
              -40.1607508,
              -19.9624725
            ],
            [
              -40.1607334,
              -19.9625301
            ],
            [
              -40.1606929,
              -19.9626206
            ],
            [
              -40.1606286,
              -19.9627189
            ],
            [
              -40.1611891,
              -19.9628659
            ],
            [
              -40.1613444,
              -19.9628886
            ],
            [
              -40.1614766,
              -19.9628976
            ],
            [
              -40.1616454,
              -19.9628957
            ],
            [
              -40.1617361,
              -19.9628883
            ],
            [
              -40.1620612,
              -19.9627831
            ],
            [
              -40.1621925,
              -19.9627136
            ],
            [
              -40.1623083,
              -19.9626469
            ],
            [
              -40.1625216,
              -19.9624971
            ],
            [
              -40.1625786,
              -19.9624661
            ],
            [
              -40.1628989,
              -19.9623207
            ],
            [
              -40.1630929,
              -19.9622394
            ],
            [
              -40.1631807,
              -19.9622056
            ],
            [
              -40.1634027,
              -19.9621397
            ],
            [
              -40.1637298,
              -19.9620573
            ],
            [
              -40.1637693,
              -19.9620527
            ],
            [
              -40.1638185,
              -19.9620527
            ],
            [
              -40.1638771,
              -19.9620635
            ],
            [
              -40.1641562,
              -19.9620991
            ],
            [
              -40.1644802,
              -19.9621523
            ],
            [
              -40.1648793,
              -19.9622017
            ],
            [
              -40.1651756,
              -19.9622543
            ],
            [
              -40.1653052,
              -19.9622866
            ],
            [
              -40.1653408,
              -19.9623035
            ],
            [
              -40.1642845,
              -19.9630813
            ],
            [
              -40.1624292,
              -19.9643395
            ],
            [
              -40.1580023,
              -19.9673937
            ],
            [
              -40.1562568,
              -19.9686158
            ],
            [
              -40.1552529,
              -19.9688613
            ],
            [
              -40.1543663,
              -19.9690167
            ],
            [
              -40.1542263,
              -19.9690412
            ],
            [
              -40.1541818,
              -19.969049
            ],
            [
              -40.1541412,
              -19.9690281
            ],
            [
              -40.1540719,
              -19.9689926
            ],
            [
              -40.1533693,
              -19.9690854
            ],
            [
              -40.1532565,
              -19.9691001
            ],
            [
              -40.1532095,
              -19.9691009
            ],
            [
              -40.1531673,
              -19.9690953
            ],
            [
              -40.1531155,
              -19.9690761
            ],
            [
              -40.1530657,
              -19.9690524
            ],
            [
              -40.1530035,
              -19.9690033
            ],
            [
              -40.1529558,
              -19.9689389
            ],
            [
              -40.1528946,
              -19.9688762
            ],
            [
              -40.1528524,
              -19.9688471
            ],
            [
              -40.1527173,
              -19.9687969
            ],
            [
              -40.1526108,
              -19.9687966
            ],
            [
              -40.1520434,
              -19.9688639
            ],
            [
              -40.1519848,
              -19.9688655
            ],
            [
              -40.1516372,
              -19.9689108
            ],
            [
              -40.1515614,
              -19.9689088
            ],
            [
              -40.1515269,
              -19.9689005
            ],
            [
              -40.1514637,
              -19.9688777
            ],
            [
              -40.1514387,
              -19.968864
            ],
            [
              -40.1513852,
              -19.9688177
            ],
            [
              -40.1513699,
              -19.9687995
            ],
            [
              -40.1513346,
              -19.9687396
            ],
            [
              -40.1513203,
              -19.9687015
            ],
            [
              -40.1513129,
              -19.9686471
            ],
            [
              -40.1513085,
              -19.9685257
            ],
            [
              -40.1512964,
              -19.9684124
            ],
            [
              -40.1512756,
              -19.9683208
            ],
            [
              -40.1512338,
              -19.9682201
            ],
            [
              -40.1511879,
              -19.9681738
            ],
            [
              -40.1511228,
              -19.9681193
            ],
            [
              -40.1510424,
              -19.9680611
            ],
            [
              -40.1509131,
              -19.9679927
            ],
            [
              -40.1507684,
              -19.9679307
            ],
            [
              -40.1506803,
              -19.9678888
            ],
            [
              -40.1505079,
              -19.9677714
            ],
            [
              -40.1502937,
              -19.9675833
            ],
            [
              -40.1501867,
              -19.9674435
            ],
            [
              -40.1501475,
              -19.9674008
            ],
            [
              -40.1501073,
              -19.9673717
            ],
            [
              -40.1500546,
              -19.967348
            ],
            [
              -40.1500201,
              -19.967337
            ],
            [
              -40.1499654,
              -19.9673323
            ],
            [
              -40.1499097,
              -19.9673322
            ],
            [
              -40.1494999,
              -19.9673473
            ],
            [
              -40.1493636,
              -19.967347
            ],
            [
              -40.1492561,
              -19.9673412
            ],
            [
              -40.1491233,
              -19.9673191
            ],
            [
              -40.1489501,
              -19.9672777
            ],
            [
              -40.1488501,
              -19.967241
            ],
            [
              -40.1487779,
              -19.9672254
            ],
            [
              -40.1486961,
              -19.9672161
            ],
            [
              -40.1486325,
              -19.9672159
            ],
            [
              -40.1485689,
              -19.967223
            ],
            [
              -40.1485033,
              -19.9672455
            ],
            [
              -40.1484106,
              -19.9672907
            ],
            [
              -40.1483372,
              -19.967335
            ],
            [
              -40.1478401,
              -19.9676774
            ],
            [
              -40.1477933,
              -19.9676219
            ],
            [
              -40.1477542,
              -19.9675801
            ],
            [
              -40.1477064,
              -19.9675428
            ],
            [
              -40.1475897,
              -19.96746
            ],
            [
              -40.1474662,
              -19.9673854
            ],
            [
              -40.1472335,
              -19.9672778
            ],
            [
              -40.1468734,
              -19.9671314
            ],
            [
              -40.1465237,
              -19.9669892
            ],
            [
              -40.1467799,
              -19.9663125
            ],
            [
              -40.1468654,
              -19.9660133
            ],
            [
              -40.1469641,
              -19.9656677
            ],
            [
              -40.1469842,
              -19.9656194
            ]
          ]
        ]
      },
      "id": "relation/1915824"
    },
    {
      "type": "Feature",
      "properties": {
        "@id": "relation/1915825",
        "admin_level": "10",
        "boundary": "administrative",
        "name": "São José",
        "place": "suburb",
        "source": "IBGE",
        "type": "boundary"
      },
      "geometry": {
        "type": "Polygon",
        "coordinates": [
          [
            [
              -40.1980107,
              -19.5904033
            ],
            [
              -40.1991542,
              -19.5915349
            ],
            [
              -40.200429,
              -19.5923491
            ],
            [
              -40.2012723,
              -19.5935142
            ],
            [
              -40.2020498,
              -19.5948064
            ],
            [
              -40.2029218,
              -19.5953385
            ],
            [
              -40.2029617,
              -19.5953581
            ],
            [
              -40.2033949,
              -19.5960688
            ],
            [
              -40.2034774,
              -19.5961919
            ],
            [
              -40.20362,
              -19.596361
            ],
            [
              -40.2040217,
              -19.5970229
            ],
            [
              -40.2055205,
              -19.5992172
            ],
            [
              -40.2102051,
              -19.6088069
            ],
            [
              -40.2101867,
              -19.6088099
            ],
            [
              -40.210178,
              -19.6088115
            ],
            [
              -40.2101598,
              -19.6088156
            ],
            [
              -40.2101419,
              -19.6088209
            ],
            [
              -40.2101244,
              -19.6088273
            ],
            [
              -40.2101074,
              -19.6088347
            ],
            [
              -40.210091,
              -19.6088432
            ],
            [
              -40.2100752,
              -19.6088527
            ],
            [
              -40.21006,
              -19.6088631
            ],
            [
              -40.2100456,
              -19.6088744
            ],
            [
              -40.2100321,
              -19.6088867
            ],
            [
              -40.2100194,
              -19.6088997
            ],
            [
              -40.2100137,
              -19.6089061
            ],
            [
              -40.2099717,
              -19.6089551
            ],
            [
              -40.2099657,
              -19.6089624
            ],
            [
              -40.2099549,
              -19.6089769
            ],
            [
              -40.2099451,
              -19.6089921
            ],
            [
              -40.2099364,
              -19.6090078
            ],
            [
              -40.2099288,
              -19.609024
            ],
            [
              -40.2099223,
              -19.6090406
            ],
            [
              -40.209917,
              -19.6090576
            ],
            [
              -40.2099129,
              -19.6090749
            ],
            [
              -40.20991,
              -19.6090925
            ],
            [
              -40.2099083,
              -19.6091101
            ],
            [
              -40.2099078,
              -19.6091278
            ],
            [
              -40.2099081,
              -19.6091649
            ],
            [
              -40.2099053,
              -19.6091753
            ],
            [
              -40.2098929,
              -19.6091968
            ],
            [
              -40.2098865,
              -19.6092086
            ],
            [
              -40.2098789,
              -19.6092248
            ],
            [
              -40.2098725,
              -19.6092414
            ],
            [
              -40.2098671,
              -19.6092584
            ],
            [
              -40.209863,
              -19.6092757
            ],
            [
              -40.2098601,
              -19.6092932
            ],
            [
              -40.2098584,
              -19.6093109
            ],
            [
              -40.209858,
              -19.6093193
            ],
            [
              -40.209856,
              -19.6093878
            ],
            [
              -40.2098438,
              -19.6094737
            ],
            [
              -40.2098433,
              -19.6094766
            ],
            [
              -40.2098416,
              -19.6094943
            ],
            [
              -40.2098412,
              -19.609512
            ],
            [
              -40.2098419,
              -19.6095298
            ],
            [
              -40.2098431,
              -19.6095419
            ],
            [
              -40.2098528,
              -19.6096192
            ],
            [
              -40.2098535,
              -19.6096246
            ],
            [
              -40.2098567,
              -19.6096421
            ],
            [
              -40.2098611,
              -19.6096594
            ],
            [
              -40.2098666,
              -19.6096763
            ],
            [
              -40.2098734,
              -19.6096929
            ],
            [
              -40.2098812,
              -19.609709
            ],
            [
              -40.2098901,
              -19.6097246
            ],
            [
              -40.2098924,
              -19.6097282
            ],
            [
              -40.2098693,
              -19.6097385
            ],
            [
              -40.2098643,
              -19.6097409
            ],
            [
              -40.2097696,
              -19.6097855
            ],
            [
              -40.2097039,
              -19.6097946
            ],
            [
              -40.2096876,
              -19.6097973
            ],
            [
              -40.2096694,
              -19.6098015
            ],
            [
              -40.2096515,
              -19.6098068
            ],
            [
              -40.209634,
              -19.6098131
            ],
            [
              -40.209617,
              -19.6098206
            ],
            [
              -40.2096006,
              -19.609829
            ],
            [
              -40.2095848,
              -19.6098385
            ],
            [
              -40.2094492,
              -19.6099272
            ],
            [
              -40.209436,
              -19.6099364
            ],
            [
              -40.2094216,
              -19.6099477
            ],
            [
              -40.209408,
              -19.60996
            ],
            [
              -40.2093953,
              -19.609973
            ],
            [
              -40.2093836,
              -19.6099868
            ],
            [
              -40.2093728,
              -19.6100013
            ],
            [
              -40.2093654,
              -19.6100125
            ],
            [
              -40.2093176,
              -19.6100891
            ],
            [
              -40.2093129,
              -19.610097
            ],
            [
              -40.2092871,
              -19.6101418
            ],
            [
              -40.209276,
              -19.6101503
            ],
            [
              -40.2092656,
              -19.6101586
            ],
            [
              -40.209252,
              -19.6101709
            ],
            [
              -40.2092464,
              -19.6101765
            ],
            [
              -40.2091557,
              -19.6102687
            ],
            [
              -40.2091487,
              -19.6102761
            ],
            [
              -40.209143,
              -19.6102826
            ],
            [
              -40.2090684,
              -19.6103696
            ],
            [
              -40.2090593,
              -19.6103809
            ],
            [
              -40.2089688,
              -19.6104986
            ],
            [
              -40.2089611,
              -19.6105092
            ],
            [
              -40.2089513,
              -19.6105243
            ],
            [
              -40.2089346,
              -19.610553
            ],
            [
              -40.2088981,
              -19.6106158
            ],
            [
              -40.2056914,
              -19.6065521
            ],
            [
              -40.2043625,
              -19.6048181
            ],
            [
              -40.204153,
              -19.6045053
            ],
            [
              -40.2025571,
              -19.6051738
            ],
            [
              -40.2018953,
              -19.6054333
            ],
            [
              -40.202012,
              -19.605031
            ],
            [
              -40.202037,
              -19.6046817
            ],
            [
              -40.2019793,
              -19.6043504
            ],
            [
              -40.2018848,
              -19.6040194
            ],
            [
              -40.2017946,
              -19.603779
            ],
            [
              -40.201899,
              -19.6035504
            ],
            [
              -40.2021086,
              -19.6031836
            ],
            [
              -40.2022895,
              -19.6027835
            ],
            [
              -40.2023341,
              -19.6025954
            ],
            [
              -40.202266,
              -19.6024786
            ],
            [
              -40.2020523,
              -19.6022721
            ],
            [
              -40.2019098,
              -19.6021457
            ],
            [
              -40.2018274,
              -19.6020021
            ],
            [
              -40.2018156,
              -19.6018446
            ],
            [
              -40.2018212,
              -19.6016502
            ],
            [
              -40.2018168,
              -19.6015295
            ],
            [
              -40.2017276,
              -19.6014262
            ],
            [
              -40.2014965,
              -19.6012635
            ],
            [
              -40.2011699,
              -19.6011114
            ],
            [
              -40.2008291,
              -19.6009461
            ],
            [
              -40.2005346,
              -19.6008307
            ],
            [
              -40.2003856,
              -19.6007714
            ],
            [
              -40.2001725,
              -19.6006454
            ],
            [
              -40.1998046,
              -19.6006412
            ],
            [
              -40.1995499,
              -19.6006529
            ],
            [
              -40.1991158,
              -19.6007832
            ],
            [
              -40.1988221,
              -19.6007717
            ],
            [
              -40.1986379,
              -19.600726
            ],
            [
              -40.1985557,
              -19.6006193
            ],
            [
              -40.1985687,
              -19.600465
            ],
            [
              -40.1986101,
              -19.6003273
            ],
            [
              -40.1986165,
              -19.6002233
            ],
            [
              -40.1985376,
              -19.6000864
            ],
            [
              -40.1983843,
              -19.5999165
            ],
            [
              -40.1982272,
              -19.5997197
            ],
            [
              -40.1980499,
              -19.5996606
            ],
            [
              -40.1978392,
              -19.5994038
            ],
            [
              -40.1977094,
              -19.5990628
            ],
            [
              -40.1975608,
              -19.598581
            ],
            [
              -40.1975031,
              -19.5984272
            ],
            [
              -40.1974627,
              -19.5982364
            ],
            [
              -40.1974292,
              -19.598012
            ],
            [
              -40.1974984,
              -19.5978003
            ],
            [
              -40.1975257,
              -19.5976694
            ],
            [
              -40.1974824,
              -19.5975457
            ],
            [
              -40.1974173,
              -19.5973517
            ],
            [
              -40.1973486,
              -19.597151
            ],
            [
              -40.1971851,
              -19.5970482
            ],
            [
              -40.197188,
              -19.5969576
            ],
            [
              -40.1972755,
              -19.5968364
            ],
            [
              -40.1972992,
              -19.5966921
            ],
            [
              -40.1972734,
              -19.5965447
            ],
            [
              -40.1972116,
              -19.5963205
            ],
            [
              -40.1970971,
              -19.5961537
            ],
            [
              -40.1968948,
              -19.5960578
            ],
            [
              -40.196649,
              -19.5958281
            ],
            [
              -40.1965598,
              -19.5957215
            ],
            [
              -40.1964913,
              -19.5955476
            ],
            [
              -40.1965431,
              -19.5953763
            ],
            [
              -40.1966092,
              -19.595225
            ],
            [
              -40.1965875,
              -19.5951131
            ],
            [
              -40.1965158,
              -19.5950278
            ],
            [
              -40.1963664,
              -19.5949182
            ],
            [
              -40.1962382,
              -19.5948017
            ],
            [
              -40.1961519,
              -19.5946112
            ],
            [
              -40.1960976,
              -19.5944473
            ],
            [
              -40.1960438,
              -19.5943471
            ],
            [
              -40.195959,
              -19.5943477
            ],
            [
              -40.1958388,
              -19.5943619
            ],
            [
              -40.19575,
              -19.5943189
            ],
            [
              -40.1957317,
              -19.5942251
            ],
            [
              -40.1957835,
              -19.5940605
            ],
            [
              -40.1957822,
              -19.5938795
            ],
            [
              -40.1956712,
              -19.5937026
            ],
            [
              -40.1955923,
              -19.5935522
            ],
            [
              -40.1954783,
              -19.5934424
            ],
            [
              -40.1952722,
              -19.593313
            ],
            [
              -40.195084,
              -19.5932137
            ],
            [
              -40.1948289,
              -19.593155
            ],
            [
              -40.1946625,
              -19.5931427
            ],
            [
              -40.194525,
              -19.5931973
            ],
            [
              -40.1944339,
              -19.5933219
            ],
            [
              -40.194375,
              -19.5934866
            ],
            [
              -40.194312,
              -19.5935741
            ],
            [
              -40.1941952,
              -19.5935716
            ],
            [
              -40.1940853,
              -19.5935388
            ],
            [
              -40.1939468,
              -19.5934559
            ],
            [
              -40.1938578,
              -19.5933827
            ],
            [
              -40.1936768,
              -19.5933035
            ],
            [
              -40.1935249,
              -19.5933212
            ],
            [
              -40.1934405,
              -19.5933855
            ],
            [
              -40.193345,
              -19.5933962
            ],
            [
              -40.1932067,
              -19.5933502
            ],
            [
              -40.193093,
              -19.5932805
            ],
            [
              -40.1929301,
              -19.5932481
            ],
            [
              -40.1927676,
              -19.5932726
            ],
            [
              -40.1925099,
              -19.5933481
            ],
            [
              -40.1923503,
              -19.5932921
            ],
            [
              -40.1922429,
              -19.5931152
            ],
            [
              -40.1922093,
              -19.5928807
            ],
            [
              -40.192112,
              -19.5926299
            ],
            [
              -40.1920115,
              -19.5924328
            ],
            [
              -40.1917663,
              -19.5922735
            ],
            [
              -40.1915532,
              -19.5921643
            ],
            [
              -40.1911347,
              -19.5920095
            ],
            [
              -40.1909711,
              -19.5918899
            ],
            [
              -40.1909066,
              -19.5917797
            ],
            [
              -40.1908415,
              -19.591579
            ],
            [
              -40.1908255,
              -19.5913311
            ],
            [
              -40.1908029,
              -19.5911368
            ],
            [
              -40.1908469,
              -19.5908716
            ],
            [
              -40.1908808,
              -19.5906669
            ],
            [
              -40.1909115,
              -19.5905192
            ],
            [
              -40.1908747,
              -19.5903183
            ],
            [
              -40.1907838,
              -19.5899904
            ],
            [
              -40.1906586,
              -19.5897935
            ],
            [
              -40.1904663,
              -19.5896137
            ],
            [
              -40.1908081,
              -19.5895999
            ],
            [
              -40.1909152,
              -19.5895955
            ],
            [
              -40.1910478,
              -19.5895753
            ],
            [
              -40.1911583,
              -19.5895373
            ],
            [
              -40.1913256,
              -19.5894617
            ],
            [
              -40.1914137,
              -19.5893759
            ],
            [
              -40.1914604,
              -19.589322
            ],
            [
              -40.1915388,
              -19.5892944
            ],
            [
              -40.1917022,
              -19.5892515
            ],
            [
              -40.1918242,
              -19.5892417
            ],
            [
              -40.192042,
              -19.5892233
            ],
            [
              -40.1922377,
              -19.5891204
            ],
            [
              -40.1923032,
              -19.5890325
            ],
            [
              -40.1923366,
              -19.5889875
            ],
            [
              -40.1923855,
              -19.5889774
            ],
            [
              -40.1924359,
              -19.588967
            ],
            [
              -40.1925352,
              -19.5889465
            ],
            [
              -40.1926302,
              -19.5889268
            ],
            [
              -40.1928132,
              -19.5889008
            ],
            [
              -40.1930174,
              -19.5889094
            ],
            [
              -40.1931322,
              -19.5888689
            ],
            [
              -40.1931737,
              -19.5888191
            ],
            [
              -40.1931001,
              -19.5887749
            ],
            [
              -40.1930265,
              -19.5887357
            ],
            [
              -40.1929267,
              -19.5886818
            ],
            [
              -40.192942,
              -19.5886321
            ],
            [
              -40.1930462,
              -19.5885669
            ],
            [
              -40.1931612,
              -19.5885414
            ],
            [
              -40.1933135,
              -19.5886048
            ],
            [
              -40.193461,
              -19.5887428
            ],
            [
              -40.1936878,
              -19.5889694
            ],
            [
              -40.1937412,
              -19.5891229
            ],
            [
              -40.193737,
              -19.5892618
            ],
            [
              -40.1937575,
              -19.5894769
            ],
            [
              -40.1937769,
              -19.589708
            ],
            [
              -40.1937778,
              -19.589827
            ],
            [
              -40.1938208,
              -19.5899756
            ],
            [
              -40.1939263,
              -19.590084
            ],
            [
              -40.1941042,
              -19.5900828
            ],
            [
              -40.1942973,
              -19.5900071
            ],
            [
              -40.1945163,
              -19.5898965
            ],
            [
              -40.1947464,
              -19.589754
            ],
            [
              -40.195002,
              -19.5897445
            ],
            [
              -40.1951121,
              -19.5897686
            ],
            [
              -40.1952432,
              -19.5898024
            ],
            [
              -40.1953799,
              -19.5898859
            ],
            [
              -40.1955009,
              -19.5899694
            ],
            [
              -40.1956273,
              -19.5900727
            ],
            [
              -40.1957278,
              -19.5901992
            ],
            [
              -40.1957965,
              -19.5903097
            ],
            [
              -40.1959128,
              -19.5904627
            ],
            [
              -40.1960603,
              -19.5905957
            ],
            [
              -40.1962962,
              -19.5906437
            ],
            [
              -40.196552,
              -19.5905527
            ],
            [
              -40.1967656,
              -19.5904223
            ],
            [
              -40.1969291,
              -19.590235
            ],
            [
              -40.1970177,
              -19.5901903
            ],
            [
              -40.1971062,
              -19.5901457
            ],
            [
              -40.1972031,
              -19.5901276
            ],
            [
              -40.1973411,
              -19.5901018
            ],
            [
              -40.1975764,
              -19.5901079
            ],
            [
              -40.1977715,
              -19.5901528
            ],
            [
              -40.1979384,
              -19.5902401
            ],
            [
              -40.1980107,
              -19.5904033
            ]
          ]
        ]
      },
      "id": "relation/1915825"
    },
    {
      "type": "Feature",
      "properties": {
        "@id": "relation/1915826",
        "admin_level": "10",
        "boundary": "administrative",
        "name": "São Marcos",
        "place": "suburb",
        "source": "IBGE",
        "type": "boundary"
      },
      "geometry": {
        "type": "Polygon",
        "coordinates": [
          [
            [
              -40.2689918,
              -19.7988856
            ],
            [
              -40.2699229,
              -19.7986048
            ],
            [
              -40.2748123,
              -19.7971301
            ],
            [
              -40.2749079,
              -19.7966777
            ],
            [
              -40.2749857,
              -19.7964408
            ],
            [
              -40.2750199,
              -19.7963435
            ],
            [
              -40.2750316,
              -19.79631
            ],
            [
              -40.2751801,
              -19.7959989
            ],
            [
              -40.2754488,
              -19.7955075
            ],
            [
              -40.2756326,
              -19.795253
            ],
            [
              -40.2757599,
              -19.795108
            ],
            [
              -40.2758939,
              -19.7950145
            ],
            [
              -40.2760007,
              -19.7949133
            ],
            [
              -40.2763822,
              -19.7961377
            ],
            [
              -40.277715,
              -19.8003651
            ],
            [
              -40.2758505,
              -19.8012763
            ],
            [
              -40.2758613,
              -19.8013925
            ],
            [
              -40.2758676,
              -19.8017965
            ],
            [
              -40.2758487,
              -19.8022509
            ],
            [
              -40.2758203,
              -19.8025381
            ],
            [
              -40.2757793,
              -19.8028126
            ],
            [
              -40.2756657,
              -19.8032828
            ],
            [
              -40.2756461,
              -19.8034008
            ],
            [
              -40.2746925,
              -19.8041448
            ],
            [
              -40.2740111,
              -19.8046931
            ],
            [
              -40.2738116,
              -19.8047529
            ],
            [
              -40.2734818,
              -19.8048517
            ],
            [
              -40.2734867,
              -19.8050954
            ],
            [
              -40.2735008,
              -19.8053111
            ],
            [
              -40.2735114,
              -19.8055373
            ],
            [
              -40.2735008,
              -19.8058626
            ],
            [
              -40.2734535,
              -19.8060598
            ],
            [
              -40.2732547,
              -19.8058977
            ],
            [
              -40.27303,
              -19.8057493
            ],
            [
              -40.2718352,
              -19.8052949
            ],
            [
              -40.2716268,
              -19.8052419
            ],
            [
              -40.2712635,
              -19.8053056
            ],
            [
              -40.2709474,
              -19.8053371
            ],
            [
              -40.2705903,
              -19.8053141
            ],
            [
              -40.2697132,
              -19.8053953
            ],
            [
              -40.2678538,
              -19.805584
            ],
            [
              -40.2676632,
              -19.8053381
            ],
            [
              -40.2711451,
              -19.8025409
            ],
            [
              -40.2702543,
              -19.8010167
            ],
            [
              -40.2689918,
              -19.7988856
            ]
          ]
        ]
      },
      "id": "relation/1915826"
    },
    {
      "type": "Feature",
      "properties": {
        "@id": "relation/1915827",
        "admin_level": "10",
        "boundary": "administrative",
        "name": "Vila Nova",
        "place": "suburb",
        "source": "IBGE",
        "type": "boundary"
      },
      "geometry": {
        "type": "Polygon",
        "coordinates": [
          [
            [
              -40.2735489,
              -19.8187176
            ],
            [
              -40.273437,
              -19.8185908
            ],
            [
              -40.2729841,
              -19.8181672
            ],
            [
              -40.2728247,
              -19.8179743
            ],
            [
              -40.2727639,
              -19.817861
            ],
            [
              -40.2727261,
              -19.8177268
            ],
            [
              -40.2727052,
              -19.8176031
            ],
            [
              -40.2726926,
              -19.8173892
            ],
            [
              -40.2727198,
              -19.8170453
            ],
            [
              -40.2727618,
              -19.8165945
            ],
            [
              -40.2723718,
              -19.8165819
            ],
            [
              -40.2723864,
              -19.8164037
            ],
            [
              -40.2723969,
              -19.8161814
            ],
            [
              -40.2723864,
              -19.8158878
            ],
            [
              -40.2723333,
              -19.8158823
            ],
            [
              -40.2721851,
              -19.8158669
            ],
            [
              -40.2720069,
              -19.8158794
            ],
            [
              -40.2718789,
              -19.8159036
            ],
            [
              -40.2714323,
              -19.8158941
            ],
            [
              -40.2709815,
              -19.8159528
            ],
            [
              -40.2707802,
              -19.8159969
            ],
            [
              -40.2704992,
              -19.8161227
            ],
            [
              -40.2703545,
              -19.8162275
            ],
            [
              -40.2702811,
              -19.8162946
            ],
            [
              -40.2658244,
              -19.8111025
            ],
            [
              -40.2654835,
              -19.8105889
            ],
            [
              -40.2673274,
              -19.8083085
            ],
            [
              -40.2678327,
              -19.8087289
            ],
            [
              -40.2692681,
              -19.8098249
            ],
            [
              -40.2698786,
              -19.8104946
            ],
            [
              -40.2716588,
              -19.8102331
            ],
            [
              -40.27149,
              -19.8093792
            ],
            [
              -40.2739281,
              -19.8091399
            ],
            [
              -40.273995,
              -19.8091966
            ],
            [
              -40.2740796,
              -19.8092697
            ],
            [
              -40.2742442,
              -19.8092942
            ],
            [
              -40.2743684,
              -19.8095436
            ],
            [
              -40.2749844,
              -19.8105897
            ],
            [
              -40.2749302,
              -19.8114536
            ],
            [
              -40.2749422,
              -19.8115575
            ],
            [
              -40.2749562,
              -19.811578
            ],
            [
              -40.2757158,
              -19.8126894
            ],
            [
              -40.276925,
              -19.8145586
            ],
            [
              -40.2769666,
              -19.814612
            ],
            [
              -40.2778475,
              -19.8162991
            ],
            [
              -40.2775497,
              -19.8165379
            ],
            [
              -40.2769294,
              -19.8168874
            ],
            [
              -40.2759294,
              -19.8175626
            ],
            [
              -40.2757273,
              -19.8177953
            ],
            [
              -40.2755202,
              -19.8180613
            ],
            [
              -40.2754844,
              -19.8181687
            ],
            [
              -40.2754255,
              -19.8183221
            ],
            [
              -40.2753335,
              -19.8184551
            ],
            [
              -40.2751212,
              -19.8187441
            ],
            [
              -40.2750266,
              -19.8188848
            ],
            [
              -40.2747654,
              -19.8190502
            ],
            [
              -40.2742612,
              -19.8193752
            ],
            [
              -40.2736966,
              -19.8187876
            ],
            [
              -40.2735489,
              -19.8187176
            ]
          ]
        ]
      },
      "id": "relation/1915827"
    },
    {
      "type": "Feature",
      "properties": {
        "@id": "relation/1915829",
        "admin_level": "10",
        "boundary": "administrative",
        "name": "Vila Rica",
        "place": "suburb",
        "source": "IBGE",
        "type": "boundary"
      },
      "geometry": {
        "type": "Polygon",
        "coordinates": [
          [
            [
              -40.2856585,
              -19.8181799
            ],
            [
              -40.2843412,
              -19.8192292
            ],
            [
              -40.2842551,
              -19.8191356
            ],
            [
              -40.2836111,
              -19.8195549
            ],
            [
              -40.2836531,
              -19.8196297
            ],
            [
              -40.2836097,
              -19.8196751
            ],
            [
              -40.2831289,
              -19.8200485
            ],
            [
              -40.2825509,
              -19.8204884
            ],
            [
              -40.2804718,
              -19.8221372
            ],
            [
              -40.2799788,
              -19.82153
            ],
            [
              -40.2788897,
              -19.8222538
            ],
            [
              -40.2776366,
              -19.8223053
            ],
            [
              -40.2776121,
              -19.8222462
            ],
            [
              -40.2775877,
              -19.8221871
            ],
            [
              -40.277492,
              -19.821956
            ],
            [
              -40.2773653,
              -19.8216502
            ],
            [
              -40.2771325,
              -19.8209285
            ],
            [
              -40.2766949,
              -19.8199203
            ],
            [
              -40.2760142,
              -19.820253
            ],
            [
              -40.2747654,
              -19.8190502
            ],
            [
              -40.2750266,
              -19.8188848
            ],
            [
              -40.2751212,
              -19.8187441
            ],
            [
              -40.2753335,
              -19.8184551
            ],
            [
              -40.2754255,
              -19.8183221
            ],
            [
              -40.2754844,
              -19.8181687
            ],
            [
              -40.2755202,
              -19.8180613
            ],
            [
              -40.2757273,
              -19.8177953
            ],
            [
              -40.2759294,
              -19.8175626
            ],
            [
              -40.2769294,
              -19.8168874
            ],
            [
              -40.2775497,
              -19.8165379
            ],
            [
              -40.2778475,
              -19.8162991
            ],
            [
              -40.2769666,
              -19.814612
            ],
            [
              -40.2775381,
              -19.8143733
            ],
            [
              -40.2782723,
              -19.8141281
            ],
            [
              -40.2786075,
              -19.8142975
            ],
            [
              -40.2787134,
              -19.8143941
            ],
            [
              -40.2789717,
              -19.8147971
            ],
            [
              -40.278431,
              -19.8147841
            ],
            [
              -40.2791434,
              -19.8157724
            ],
            [
              -40.2792178,
              -19.8158861
            ],
            [
              -40.2795529,
              -19.8163312
            ],
            [
              -40.2796888,
              -19.8160775
            ],
            [
              -40.2798583,
              -19.8156635
            ],
            [
              -40.2800068,
              -19.8155292
            ],
            [
              -40.2801305,
              -19.8154479
            ],
            [
              -40.2802048,
              -19.8154125
            ],
            [
              -40.2803329,
              -19.8153731
            ],
            [
              -40.2804346,
              -19.8153418
            ],
            [
              -40.2806025,
              -19.8153418
            ],
            [
              -40.2811328,
              -19.8152906
            ],
            [
              -40.2813568,
              -19.8152474
            ],
            [
              -40.2820587,
              -19.815107
            ],
            [
              -40.2821613,
              -19.8150584
            ],
            [
              -40.2828712,
              -19.8145402
            ],
            [
              -40.2829307,
              -19.8144947
            ],
            [
              -40.2830155,
              -19.8144628
            ],
            [
              -40.2831264,
              -19.8144441
            ],
            [
              -40.2832398,
              -19.8144298
            ],
            [
              -40.283391,
              -19.814422
            ],
            [
              -40.2834412,
              -19.8145053
            ],
            [
              -40.2842251,
              -19.8158043
            ],
            [
              -40.2856585,
              -19.8181799
            ]
          ]
        ]
      },
      "id": "relation/1915829"
    },
    {
      "type": "Feature",
      "properties": {
        "@id": "relation/1915830",
        "admin_level": "10",
        "boundary": "administrative",
        "name": "Vila do Riacho",
        "place": "suburb",
        "source": "IBGE",
        "type": "boundary"
      },
      "geometry": {
        "type": "Polygon",
        "coordinates": [
          [
            [
              -40.0405357,
              -19.7433718
            ],
            [
              -40.040635,
              -19.7433905
            ],
            [
              -40.0408304,
              -19.7434552
            ],
            [
              -40.0411296,
              -19.743611
            ],
            [
              -40.0412974,
              -19.7437094
            ],
            [
              -40.0414095,
              -19.7437634
            ],
            [
              -40.041738,
              -19.7438526
            ],
            [
              -40.0421314,
              -19.7439715
            ],
            [
              -40.0421851,
              -19.7439783
            ],
            [
              -40.0422193,
              -19.74398
            ],
            [
              -40.042271,
              -19.7439659
            ],
            [
              -40.0424536,
              -19.7438867
            ],
            [
              -40.0428003,
              -19.7437302
            ],
            [
              -40.043649,
              -19.743324
            ],
            [
              -40.0437026,
              -19.7433138
            ],
            [
              -40.0437303,
              -19.7433181
            ],
            [
              -40.0437535,
              -19.7433321
            ],
            [
              -40.0438451,
              -19.7434014
            ],
            [
              -40.0440315,
              -19.7434919
            ],
            [
              -40.0441473,
              -19.743538
            ],
            [
              -40.0457548,
              -19.7439653
            ],
            [
              -40.0464426,
              -19.7441237
            ],
            [
              -40.0469592,
              -19.744251
            ],
            [
              -40.047023,
              -19.7442622
            ],
            [
              -40.0470841,
              -19.7442655
            ],
            [
              -40.0471395,
              -19.7442601
            ],
            [
              -40.0473378,
              -19.7442019
            ],
            [
              -40.0474516,
              -19.7441513
            ],
            [
              -40.0477173,
              -19.7440433
            ],
            [
              -40.0478403,
              -19.7439892
            ],
            [
              -40.0480703,
              -19.7438801
            ],
            [
              -40.0501061,
              -19.7467774
            ],
            [
              -40.0507001,
              -19.7502717
            ],
            [
              -40.0507875,
              -19.7520713
            ],
            [
              -40.0453888,
              -19.7540281
            ],
            [
              -40.045329,
              -19.7538259
            ],
            [
              -40.0444889,
              -19.7542434
            ],
            [
              -40.0443882,
              -19.7541352
            ],
            [
              -40.0443743,
              -19.7541221
            ],
            [
              -40.0442201,
              -19.7539961
            ],
            [
              -40.044213,
              -19.7539906
            ],
            [
              -40.0441974,
              -19.7539809
            ],
            [
              -40.0441891,
              -19.7539768
            ],
            [
              -40.0441767,
              -19.7539717
            ],
            [
              -40.0439747,
              -19.753901
            ],
            [
              -40.0439587,
              -19.7538979
            ],
            [
              -40.0437689,
              -19.7538723
            ],
            [
              -40.0435878,
              -19.753825
            ],
            [
              -40.0434091,
              -19.7537519
            ],
            [
              -40.0434,
              -19.7537483
            ],
            [
              -40.0432273,
              -19.7536837
            ],
            [
              -40.0430527,
              -19.7535945
            ],
            [
              -40.0428978,
              -19.7534814
            ],
            [
              -40.0428151,
              -19.7533739
            ],
            [
              -40.042786,
              -19.753225
            ],
            [
              -40.0427833,
              -19.7532139
            ],
            [
              -40.0427771,
              -19.7531971
            ],
            [
              -40.0427687,
              -19.7531813
            ],
            [
              -40.0427583,
              -19.7531666
            ],
            [
              -40.0427458,
              -19.7531533
            ],
            [
              -40.0427317,
              -19.7531417
            ],
            [
              -40.042716,
              -19.753132
            ],
            [
              -40.0427014,
              -19.7531251
            ],
            [
              -40.0425255,
              -19.753054
            ],
            [
              -40.0425145,
              -19.7530501
            ],
            [
              -40.0424964,
              -19.7530456
            ],
            [
              -40.0424778,
              -19.7530434
            ],
            [
              -40.0424591,
              -19.7530435
            ],
            [
              -40.0424446,
              -19.7530452
            ],
            [
              -40.0422822,
              -19.7530722
            ],
            [
              -40.042269,
              -19.7530749
            ],
            [
              -40.0422513,
              -19.7530807
            ],
            [
              -40.0422346,
              -19.7530887
            ],
            [
              -40.0422191,
              -19.7530986
            ],
            [
              -40.0422051,
              -19.7531104
            ],
            [
              -40.0421928,
              -19.7531238
            ],
            [
              -40.0421825,
              -19.7531386
            ],
            [
              -40.0421735,
              -19.7531565
            ],
            [
              -40.0416923,
              -19.7534398
            ],
            [
              -40.0415842,
              -19.7534765
            ],
            [
              -40.0415006,
              -19.7535049
            ],
            [
              -40.0412578,
              -19.7536559
            ],
            [
              -40.0411311,
              -19.7534077
            ],
            [
              -40.0402548,
              -19.751819
            ],
            [
              -40.0401836,
              -19.7516824
            ],
            [
              -40.0401468,
              -19.7516118
            ],
            [
              -40.0395253,
              -19.7504196
            ],
            [
              -40.0391887,
              -19.7497854
            ],
            [
              -40.0390412,
              -19.7494714
            ],
            [
              -40.0389495,
              -19.7492161
            ],
            [
              -40.0388713,
              -19.7489083
            ],
            [
              -40.0388632,
              -19.7487247
            ],
            [
              -40.0388614,
              -19.7484493
            ],
            [
              -40.0389789,
              -19.7473401
            ],
            [
              -40.0390444,
              -19.7468841
            ],
            [
              -40.0391435,
              -19.7460335
            ],
            [
              -40.0391547,
              -19.7459377
            ],
            [
              -40.0392,
              -19.7455484
            ],
            [
              -40.0392533,
              -19.7447806
            ],
            [
              -40.0392651,
              -19.7444723
            ],
            [
              -40.0392567,
              -19.7442427
            ],
            [
              -40.0392343,
              -19.7439805
            ],
            [
              -40.039186,
              -19.7438244
            ],
            [
              -40.0392307,
              -19.7438108
            ],
            [
              -40.039359,
              -19.7437745
            ],
            [
              -40.0394432,
              -19.7437438
            ],
            [
              -40.0397355,
              -19.7436747
            ],
            [
              -40.0399145,
              -19.7436233
            ],
            [
              -40.0400754,
              -19.7435693
            ],
            [
              -40.0403857,
              -19.7434243
            ],
            [
              -40.0404499,
              -19.7433979
            ],
            [
              -40.0405149,
              -19.7433778
            ],
            [
              -40.0405357,
              -19.7433718
            ]
          ]
        ]
      },
      "id": "relation/1915830"
    },
    {
      "type": "Feature",
      "properties": {
        "@id": "relation/14645832",
        "admin_level": "10",
        "boundary": "administrative",
        "name": "Solar Bitti",
        "place": "suburb",
        "source": "IBGE;local knowledge;survey",
        "type": "boundary"
      },
      "geometry": {
        "type": "Polygon",
        "coordinates": [
          [
            [
              -40.2718126,
              -19.8431967
            ],
            [
              -40.2717487,
              -19.8430284
            ],
            [
              -40.271677,
              -19.8427304
            ],
            [
              -40.2710896,
              -19.8402134
            ],
            [
              -40.2706808,
              -19.8385615
            ],
            [
              -40.2704347,
              -19.8375871
            ],
            [
              -40.2701306,
              -19.8361904
            ],
            [
              -40.2701299,
              -19.8361801
            ],
            [
              -40.2701263,
              -19.8361257
            ],
            [
              -40.2727255,
              -19.8362821
            ],
            [
              -40.2728183,
              -19.8362877
            ],
            [
              -40.2730636,
              -19.8363035
            ],
            [
              -40.273212,
              -19.8363141
            ],
            [
              -40.2732304,
              -19.8376093
            ],
            [
              -40.2728941,
              -19.8376817
            ],
            [
              -40.273193,
              -19.8389842
            ],
            [
              -40.2737674,
              -19.838859
            ],
            [
              -40.2740803,
              -19.8401747
            ],
            [
              -40.2757685,
              -19.839821
            ],
            [
              -40.2761234,
              -19.8413058
            ],
            [
              -40.2731637,
              -19.8419588
            ],
            [
              -40.2731922,
              -19.8427676
            ],
            [
              -40.2728243,
              -19.8427485
            ],
            [
              -40.2729576,
              -19.8443908
            ],
            [
              -40.2733964,
              -19.8448701
            ],
            [
              -40.2733646,
              -19.8449134
            ],
            [
              -40.2726072,
              -19.8444806
            ],
            [
              -40.2721365,
              -19.8443009
            ],
            [
              -40.27157,
              -19.8441102
            ],
            [
              -40.2717562,
              -19.8436875
            ],
            [
              -40.2718174,
              -19.8434768
            ],
            [
              -40.2718126,
              -19.8431967
            ]
          ]
        ]
      },
      "id": "relation/14645832"
    },
    {
      "type": "Feature",
      "properties": {
        "@id": "relation/14697063",
        "admin_level": "10",
        "boundary": "administrative",
        "name": "Residencial Vale Verde",
        "place": "suburb",
        "source": "aerial imagery",
        "type": "boundary"
      },
      "geometry": {
        "type": "Polygon",
        "coordinates": [
          [
            [
              -40.27157,
              -19.8441102
            ],
            [
              -40.2721365,
              -19.8443009
            ],
            [
              -40.2726072,
              -19.8444806
            ],
            [
              -40.2733646,
              -19.8449134
            ],
            [
              -40.2737334,
              -19.8452305
            ],
            [
              -40.2744174,
              -19.8461984
            ],
            [
              -40.2745653,
              -19.8470678
            ],
            [
              -40.2747368,
              -19.8473086
            ],
            [
              -40.2754955,
              -19.8483738
            ],
            [
              -40.276524,
              -19.8500142
            ],
            [
              -40.2769997,
              -19.8509358
            ],
            [
              -40.2770566,
              -19.8520141
            ],
            [
              -40.2767424,
              -19.8517386
            ],
            [
              -40.2753055,
              -19.8510628
            ],
            [
              -40.2746119,
              -19.8505835
            ],
            [
              -40.2741199,
              -19.8501807
            ],
            [
              -40.2736324,
              -19.8494955
            ],
            [
              -40.2731192,
              -19.8488996
            ],
            [
              -40.2723017,
              -19.8487864
            ],
            [
              -40.2716292,
              -19.8487464
            ],
            [
              -40.2708648,
              -19.8491959
            ],
            [
              -40.2707161,
              -19.8499781
            ],
            [
              -40.2707232,
              -19.8512298
            ],
            [
              -40.2714346,
              -19.8521885
            ],
            [
              -40.2718416,
              -19.8528443
            ],
            [
              -40.2717956,
              -19.8532504
            ],
            [
              -40.271477,
              -19.8535534
            ],
            [
              -40.2711337,
              -19.8536166
            ],
            [
              -40.2676264,
              -19.8531173
            ],
            [
              -40.267092,
              -19.8529775
            ],
            [
              -40.2666885,
              -19.8527345
            ],
            [
              -40.266462,
              -19.8522385
            ],
            [
              -40.2664655,
              -19.8519389
            ],
            [
              -40.2663381,
              -19.8512731
            ],
            [
              -40.2664018,
              -19.8509735
            ],
            [
              -40.2674194,
              -19.8498132
            ],
            [
              -40.2688004,
              -19.8482436
            ],
            [
              -40.2696623,
              -19.8473235
            ],
            [
              -40.270168,
              -19.8467369
            ],
            [
              -40.2703875,
              -19.8464473
            ],
            [
              -40.2704821,
              -19.8462822
            ],
            [
              -40.2710864,
              -19.845129
            ],
            [
              -40.271542,
              -19.8441739
            ],
            [
              -40.27157,
              -19.8441102
            ]
          ]
        ]
      },
      "id": "relation/14697063"
    },
    {
      "type": "Feature",
      "properties": {
        "@id": "relation/14697084",
        "admin_level": "10",
        "boundary": "administrative",
        "name": "Nova Conquista",
        "place": "suburb",
        "source": "aerial imagery",
        "type": "boundary"
      },
      "geometry": {
        "type": "Polygon",
        "coordinates": [
          [
            [
              -40.2368705,
              -19.8327156
            ],
            [
              -40.2329372,
              -19.8287856
            ],
            [
              -40.230078,
              -19.8229887
            ],
            [
              -40.2279829,
              -19.8199743
            ],
            [
              -40.227798,
              -19.8187105
            ],
            [
              -40.2267998,
              -19.8169366
            ],
            [
              -40.22468,
              -19.8158119
            ],
            [
              -40.2241254,
              -19.8147452
            ],
            [
              -40.2253994,
              -19.8148052
            ],
            [
              -40.2345907,
              -19.8171292
            ],
            [
              -40.2382149,
              -19.8180615
            ],
            [
              -40.2414072,
              -19.8188906
            ],
            [
              -40.2421681,
              -19.8190504
            ],
            [
              -40.2429998,
              -19.8191137
            ],
            [
              -40.2452968,
              -19.8191436
            ],
            [
              -40.24604,
              -19.8193234
            ],
            [
              -40.2465957,
              -19.8196364
            ],
            [
              -40.2479052,
              -19.8209183
            ],
            [
              -40.2485245,
              -19.8212279
            ],
            [
              -40.2490625,
              -19.8212446
            ],
            [
              -40.250871,
              -19.8207285
            ],
            [
              -40.2521345,
              -19.8205654
            ],
            [
              -40.2533237,
              -19.8205088
            ],
            [
              -40.2561267,
              -19.8204122
            ],
            [
              -40.2570823,
              -19.8206153
            ],
            [
              -40.2580273,
              -19.8211913
            ],
            [
              -40.259089,
              -19.8220004
            ],
            [
              -40.2597119,
              -19.82236
            ],
            [
              -40.2606463,
              -19.822663
            ],
            [
              -40.26085,
              -19.8226957
            ],
            [
              -40.2608392,
              -19.8228158
            ],
            [
              -40.2607821,
              -19.822986
            ],
            [
              -40.2607001,
              -19.8231723
            ],
            [
              -40.2605345,
              -19.8233473
            ],
            [
              -40.2603604,
              -19.8235026
            ],
            [
              -40.260099,
              -19.8237059
            ],
            [
              -40.2598955,
              -19.8238377
            ],
            [
              -40.2595508,
              -19.8240845
            ],
            [
              -40.2592371,
              -19.8243292
            ],
            [
              -40.2590639,
              -19.8244779
            ],
            [
              -40.2588722,
              -19.8246242
            ],
            [
              -40.2587147,
              -19.8247428
            ],
            [
              -40.2586147,
              -19.8247985
            ],
            [
              -40.2585425,
              -19.8248553
            ],
            [
              -40.2583782,
              -19.8249502
            ],
            [
              -40.2582548,
              -19.8250486
            ],
            [
              -40.2581258,
              -19.8251082
            ],
            [
              -40.2580457,
              -19.8251625
            ],
            [
              -40.2580064,
              -19.8252103
            ],
            [
              -40.2579631,
              -19.8252356
            ],
            [
              -40.257884,
              -19.8252574
            ],
            [
              -40.2578182,
              -19.8252941
            ],
            [
              -40.2577499,
              -19.8253384
            ],
            [
              -40.2577025,
              -19.8253587
            ],
            [
              -40.2576457,
              -19.8253616
            ],
            [
              -40.2576108,
              -19.8253675
            ],
            [
              -40.2575758,
              -19.8253733
            ],
            [
              -40.2574985,
              -19.8254539
            ],
            [
              -40.25745,
              -19.8255005
            ],
            [
              -40.2573646,
              -19.8255511
            ],
            [
              -40.2572699,
              -19.8256055
            ],
            [
              -40.2571518,
              -19.8257001
            ],
            [
              -40.2571177,
              -19.825729
            ],
            [
              -40.2570505,
              -19.8257495
            ],
            [
              -40.2569701,
              -19.8257801
            ],
            [
              -40.2569098,
              -19.8258342
            ],
            [
              -40.2568654,
              -19.8258933
            ],
            [
              -40.2567878,
              -19.8259364
            ],
            [
              -40.2566972,
              -19.826007
            ],
            [
              -40.2565006,
              -19.8261971
            ],
            [
              -40.2564049,
              -19.8262915
            ],
            [
              -40.2563093,
              -19.8264034
            ],
            [
              -40.256227,
              -19.8265165
            ],
            [
              -40.2561627,
              -19.826567
            ],
            [
              -40.2560435,
              -19.826689
            ],
            [
              -40.2550327,
              -19.8274874
            ],
            [
              -40.2549247,
              -19.8275286
            ],
            [
              -40.2548064,
              -19.8276014
            ],
            [
              -40.2547139,
              -19.8275871
            ],
            [
              -40.2545486,
              -19.8275645
            ],
            [
              -40.2544191,
              -19.8275604
            ],
            [
              -40.2542051,
              -19.8275532
            ],
            [
              -40.2540971,
              -19.8275494
            ],
            [
              -40.253999,
              -19.8275459
            ],
            [
              -40.2539501,
              -19.8275475
            ],
            [
              -40.2539018,
              -19.8275202
            ],
            [
              -40.2537834,
              -19.8274668
            ],
            [
              -40.2535634,
              -19.8273344
            ],
            [
              -40.2533334,
              -19.827218
            ],
            [
              -40.2530935,
              -19.8271336
            ],
            [
              -40.252773,
              -19.8270848
            ],
            [
              -40.2525016,
              -19.8269916
            ],
            [
              -40.2524456,
              -19.827129
            ],
            [
              -40.2524808,
              -19.8271572
            ],
            [
              -40.2527774,
              -19.8272519
            ],
            [
              -40.2532445,
              -19.8274665
            ],
            [
              -40.2533549,
              -19.8275391
            ],
            [
              -40.2539419,
              -19.8279493
            ],
            [
              -40.2543092,
              -19.8282154
            ],
            [
              -40.2542892,
              -19.8282394
            ],
            [
              -40.2542626,
              -19.8282711
            ],
            [
              -40.2541527,
              -19.8284028
            ],
            [
              -40.2542038,
              -19.8285561
            ],
            [
              -40.2542752,
              -19.8287699
            ],
            [
              -40.254245,
              -19.8293946
            ],
            [
              -40.2541465,
              -19.8300706
            ],
            [
              -40.2542121,
              -19.8302293
            ],
            [
              -40.2542396,
              -19.8304371
            ],
            [
              -40.2542553,
              -19.8305564
            ],
            [
              -40.2543161,
              -19.83063
            ],
            [
              -40.2544833,
              -19.8308491
            ],
            [
              -40.2545099,
              -19.8309419
            ],
            [
              -40.2545821,
              -19.8312449
            ],
            [
              -40.2545678,
              -19.8313943
            ],
            [
              -40.2543961,
              -19.8316036
            ],
            [
              -40.2542886,
              -19.8317488
            ],
            [
              -40.2536683,
              -19.8314127
            ],
            [
              -40.2531692,
              -19.8312662
            ],
            [
              -40.2525676,
              -19.8313328
            ],
            [
              -40.2516403,
              -19.8318455
            ],
            [
              -40.2499981,
              -19.8330108
            ],
            [
              -40.2493717,
              -19.8331506
            ],
            [
              -40.2487629,
              -19.833064
            ],
            [
              -40.2470323,
              -19.8318921
            ],
            [
              -40.2432486,
              -19.8342646
            ],
            [
              -40.2411802,
              -19.8350919
            ],
            [
              -40.2368705,
              -19.8327156
            ]
          ]
        ]
      },
      "id": "relation/14697084"
    },
    {
      "type": "Feature",
      "properties": {
        "@id": "relation/15086090",
        "admin_level": "10",
        "boundary": "administrative",
        "name": "Novo Irajá",
        "type": "boundary"
      },
      "geometry": {
        "type": "Polygon",
        "coordinates": [
          [
            [
              -40.23512,
              -19.9007357
            ],
            [
              -40.2360427,
              -19.9015831
            ],
            [
              -40.2346908,
              -19.9030358
            ],
            [
              -40.2361929,
              -19.9057595
            ],
            [
              -40.2305924,
              -19.9073332
            ],
            [
              -40.2283608,
              -19.9045893
            ],
            [
              -40.2239834,
              -19.9050534
            ],
            [
              -40.221151,
              -19.9069297
            ],
            [
              -40.2205073,
              -19.906042
            ],
            [
              -40.2208506,
              -19.9045893
            ],
            [
              -40.2229535,
              -19.9032174
            ],
            [
              -40.2172886,
              -19.895288
            ],
            [
              -40.2213227,
              -19.8935729
            ],
            [
              -40.2234255,
              -19.8953687
            ],
            [
              -40.2294122,
              -19.8987786
            ],
            [
              -40.23512,
              -19.9007357
            ]
          ]
        ]
      },
      "id": "relation/15086090"
    },
    {
      "type": "Feature",
      "properties": {
        "@id": "relation/15259697",
        "admin_level": "10",
        "boundary": "administrative",
        "name": "Royal Carden",
        "place": "suburb",
        "source": "IBGE",
        "type": "boundary"
      },
      "geometry": {
        "type": "Polygon",
        "coordinates": [
          [
            [
              -40.2598476,
              -19.8109507
            ],
            [
              -40.2592253,
              -19.8113746
            ],
            [
              -40.2578413,
              -19.8099716
            ],
            [
              -40.2569937,
              -19.8088612
            ],
            [
              -40.2562105,
              -19.8082859
            ],
            [
              -40.2553951,
              -19.8077307
            ],
            [
              -40.2577984,
              -19.8057421
            ],
            [
              -40.2606523,
              -19.8084575
            ],
            [
              -40.2602124,
              -19.8099211
            ],
            [
              -40.2598476,
              -19.8109507
            ]
          ]
        ]
      },
      "id": "relation/15259697"
    },
    {
      "type": "Feature",
      "properties": {
        "@id": "relation/15259702",
        "admin_level": "10",
        "boundary": "administrative",
        "name": "Morada Park",
        "place": "suburb",
        "source": "IBGE",
        "type": "boundary"
      },
      "geometry": {
        "type": "Polygon",
        "coordinates": [
          [
            [
              -40.2532581,
              -19.8206027
            ],
            [
              -40.2532359,
              -19.820884
            ],
            [
              -40.2532802,
              -19.8210612
            ],
            [
              -40.2533356,
              -19.8216343
            ],
            [
              -40.253679,
              -19.8218114
            ],
            [
              -40.2539891,
              -19.8221761
            ],
            [
              -40.254842,
              -19.8231556
            ],
            [
              -40.2534021,
              -19.8239996
            ],
            [
              -40.2538784,
              -19.8256356
            ],
            [
              -40.2538341,
              -19.8261045
            ],
            [
              -40.253391,
              -19.826365
            ],
            [
              -40.2526489,
              -19.8268651
            ],
            [
              -40.2523277,
              -19.8268234
            ],
            [
              -40.2520508,
              -19.8264066
            ],
            [
              -40.2517406,
              -19.8253855
            ],
            [
              -40.2522501,
              -19.8245102
            ],
            [
              -40.2515523,
              -19.8239579
            ],
            [
              -40.2513086,
              -19.8236662
            ],
            [
              -40.2505997,
              -19.823885
            ],
            [
              -40.2504668,
              -19.8234057
            ],
            [
              -40.2505001,
              -19.822968
            ],
            [
              -40.2485063,
              -19.8215613
            ],
            [
              -40.2485617,
              -19.8213112
            ],
            [
              -40.2490601,
              -19.8213217
            ],
            [
              -40.2500902,
              -19.8210507
            ],
            [
              -40.2520286,
              -19.8206443
            ],
            [
              -40.2532581,
              -19.8206027
            ]
          ]
        ]
      },
      "id": "relation/15259702"
    },
    {
      "type": "Feature",
      "properties": {
        "@id": "relation/15349240",
        "admin_level": "10",
        "boundary": "administrative",
        "name": "Vila Santi",
        "place": "suburb",
        "source": "IBGE",
        "type": "boundary"
      },
      "geometry": {
        "type": "Polygon",
        "coordinates": [
          [
            [
              -40.2730276,
              -19.7908357
            ],
            [
              -40.2735417,
              -19.7912398
            ],
            [
              -40.2741055,
              -19.7916829
            ],
            [
              -40.2751996,
              -19.7925429
            ],
            [
              -40.275389,
              -19.793144
            ],
            [
              -40.2755918,
              -19.7937302
            ],
            [
              -40.2760007,
              -19.7949133
            ],
            [
              -40.2757599,
              -19.795108
            ],
            [
              -40.2754488,
              -19.7955075
            ],
            [
              -40.2750199,
              -19.7963435
            ],
            [
              -40.2748123,
              -19.7971301
            ],
            [
              -40.2699229,
              -19.7986048
            ],
            [
              -40.2697773,
              -19.7976172
            ],
            [
              -40.2692014,
              -19.7968669
            ],
            [
              -40.2691571,
              -19.7964708
            ],
            [
              -40.2695558,
              -19.7959602
            ],
            [
              -40.2693454,
              -19.7955433
            ],
            [
              -40.2695004,
              -19.7953349
            ],
            [
              -40.2698216,
              -19.7948763
            ],
            [
              -40.269866,
              -19.794449
            ],
            [
              -40.2694672,
              -19.793511
            ],
            [
              -40.2690906,
              -19.7929065
            ],
            [
              -40.2700764,
              -19.7925418
            ],
            [
              -40.2709182,
              -19.7917705
            ],
            [
              -40.2716825,
              -19.7915725
            ],
            [
              -40.2720197,
              -19.7914224
            ],
            [
              -40.2725021,
              -19.7912077
            ],
            [
              -40.2730276,
              -19.7908357
            ]
          ]
        ]
      },
      "id": "relation/15349240"
    },
    {
      "type": "Feature",
      "properties": {
        "@id": "relation/15481777",
        "admin_level": "10",
        "boundary": "administrative",
        "name": "Ribeirão de Cima",
        "place": "suburb",
        "source": "IBGE",
        "type": "boundary"
      },
      "geometry": {
        "type": "Polygon",
        "coordinates": [
          [
            [
              -40.342946,
              -19.7040988
            ],
            [
              -40.3426628,
              -19.7009252
            ],
            [
              -40.3591637,
              -19.7010869
            ],
            [
              -40.3584985,
              -19.7028646
            ],
            [
              -40.3578548,
              -19.7050867
            ],
            [
              -40.3587775,
              -19.7065412
            ],
            [
              -40.3572754,
              -19.7087835
            ],
            [
              -40.3583912,
              -19.7095309
            ],
            [
              -40.3571252,
              -19.7112076
            ],
            [
              -40.3560094,
              -19.7105409
            ],
            [
              -40.3550868,
              -19.7101773
            ],
            [
              -40.353692,
              -19.7100359
            ],
            [
              -40.3531556,
              -19.7097733
            ],
            [
              -40.3527264,
              -19.7100763
            ],
            [
              -40.35219,
              -19.7105611
            ],
            [
              -40.3522044,
              -19.7112772
            ],
            [
              -40.3520113,
              -19.7117569
            ],
            [
              -40.3516573,
              -19.7125397
            ],
            [
              -40.3513032,
              -19.7130548
            ],
            [
              -40.3510511,
              -19.7136204
            ],
            [
              -40.3509223,
              -19.7137214
            ],
            [
              -40.3507882,
              -19.7139386
            ],
            [
              -40.3507775,
              -19.7142264
            ],
            [
              -40.3506756,
              -19.7147365
            ],
            [
              -40.3505036,
              -19.7152209
            ],
            [
              -40.3504205,
              -19.7154036
            ],
            [
              -40.3503511,
              -19.7154588
            ],
            [
              -40.3502371,
              -19.7155284
            ],
            [
              -40.3496933,
              -19.7158518
            ],
            [
              -40.3490217,
              -19.7162636
            ],
            [
              -40.3488183,
              -19.7164826
            ],
            [
              -40.3485764,
              -19.7168176
            ],
            [
              -40.3484547,
              -19.7170366
            ],
            [
              -40.3481667,
              -19.7175427
            ],
            [
              -40.3480573,
              -19.7177327
            ],
            [
              -40.348045,
              -19.7181329
            ],
            [
              -40.347975,
              -19.7182345
            ],
            [
              -40.3474202,
              -19.717817
            ],
            [
              -40.3460322,
              -19.7171457
            ],
            [
              -40.3449914,
              -19.7168701
            ],
            [
              -40.3438043,
              -19.7168013
            ],
            [
              -40.3430481,
              -19.7168548
            ],
            [
              -40.3430533,
              -19.7163201
            ],
            [
              -40.342946,
              -19.7040988
            ]
          ]
        ]
      },
      "id": "relation/15481777"
    },
    {
      "type": "Feature",
      "properties": {
        "@id": "relation/15481912",
        "admin_level": "10",
        "boundary": "administrative",
        "name": "Ribeirão do Meio",
        "place": "suburb",
        "source": "IBGE",
        "type": "boundary"
      },
      "geometry": {
        "type": "Polygon",
        "coordinates": [
          [
            [
              -40.3424055,
              -19.7009106
            ],
            [
              -40.342587,
              -19.7009194
            ],
            [
              -40.3428874,
              -19.7041062
            ],
            [
              -40.3428982,
              -19.7052879
            ],
            [
              -40.3429357,
              -19.7079343
            ],
            [
              -40.3429411,
              -19.7106866
            ],
            [
              -40.3429733,
              -19.7135803
            ],
            [
              -40.342984,
              -19.7157366
            ],
            [
              -40.3430054,
              -19.7168527
            ],
            [
              -40.3424553,
              -19.7169239
            ],
            [
              -40.3412597,
              -19.7170821
            ],
            [
              -40.3391302,
              -19.7173283
            ],
            [
              -40.3376358,
              -19.7170997
            ],
            [
              -40.3365711,
              -19.7163611
            ],
            [
              -40.3359733,
              -19.7154819
            ],
            [
              -40.3350954,
              -19.7138817
            ],
            [
              -40.3342548,
              -19.7110328
            ],
            [
              -40.3333208,
              -19.7068299
            ],
            [
              -40.3327043,
              -19.7053878
            ],
            [
              -40.3321438,
              -19.7045219
            ],
            [
              -40.3312372,
              -19.703729
            ],
            [
              -40.3302609,
              -19.7031028
            ],
            [
              -40.3293704,
              -19.7027897
            ],
            [
              -40.3280025,
              -19.7025776
            ],
            [
              -40.3262698,
              -19.7024109
            ],
            [
              -40.3238826,
              -19.7021988
            ],
            [
              -40.3223371,
              -19.7020692
            ],
            [
              -40.3223789,
              -19.7006831
            ],
            [
              -40.3223925,
              -19.6996035
            ],
            [
              -40.3424055,
              -19.7009106
            ]
          ]
        ]
      },
      "id": "relation/15481912"
    },
    {
      "type": "Feature",
      "properties": {
        "@id": "relation/15481920",
        "admin_level": "10",
        "boundary": "administrative",
        "name": "Ribeirão de Baixo",
        "place": "suburb",
        "source": "IBGE",
        "type": "boundary"
      },
      "geometry": {
        "type": "Polygon",
        "coordinates": [
          [
            [
              -40.3223382,
              -19.6996016
            ],
            [
              -40.3223568,
              -19.7004704
            ],
            [
              -40.3223335,
              -19.7014398
            ],
            [
              -40.3223065,
              -19.702095
            ],
            [
              -40.319668,
              -19.7018664
            ],
            [
              -40.3178373,
              -19.7017257
            ],
            [
              -40.3161842,
              -19.7015498
            ],
            [
              -40.3140126,
              -19.7013476
            ],
            [
              -40.313012,
              -19.7012474
            ],
            [
              -40.3131015,
              -19.6994332
            ],
            [
              -40.3152155,
              -19.6996705
            ],
            [
              -40.3183703,
              -19.6997241
            ],
            [
              -40.3217528,
              -19.6997088
            ],
            [
              -40.3223382,
              -19.6996016
            ]
          ]
        ]
      },
      "id": "relation/15481920"
    }
  ]
}