{
  "type": "FeatureCollection",
  "generator": "overpass-turbo",
  "copyright": "The data included in this document is from www.openstreetmap.org. The data is made available under ODbL.",
  "timestamp": "2025-10-02T15:07:16Z",
  "features": [
    {
      "type": "Feature",
      "properties": {
        "@id": "relation/11304739",
        "admin_level": "10",
        "boundary": "administrative",
        "name": "João Paulo II",
        "type": "boundary"
      },
      "geometry": {
        "type": "Polygon",
        "coordinates": [
          [
            [
              -40.500636,
              -9.4706232
            ],
            [
              -40.5005796,
              -9.4707502
            ],
            [
              -40.500523,
              -9.47086
            ],
            [
              -40.5004925,
              -9.4709328
            ],
            [
              -40.5003027,
              -9.4714884
            ],
            [
              -40.5000881,
              -9.4720836
            ],
            [
              -40.5000325,
              -9.4722344
            ],
            [
              -40.4999848,
              -9.4723773
            ],
            [
              -40.4999359,
              -9.4725433
            ],
            [
              -40.4998219,
              -9.4731194
            ],
            [
              -40.4997656,
              -9.4734554
            ],
            [
              -40.4996985,
              -9.4737239
            ],
            [
              -40.4996341,
              -9.4739647
            ],
            [
              -40.4995725,
              -9.4743331
            ],
            [
              -40.4995188,
              -9.4746009
            ],
            [
              -40.4994223,
              -9.4751102
            ],
            [
              -40.4993907,
              -9.4752465
            ],
            [
              -40.4993666,
              -9.475386
            ],
            [
              -40.4993609,
              -9.4754515
            ],
            [
              -40.4993565,
              -9.4755468
            ],
            [
              -40.4992774,
              -9.4761738
            ],
            [
              -40.499209,
              -9.4768206
            ],
            [
              -40.4991021,
              -9.4774696
            ],
            [
              -40.4990718,
              -9.4776553
            ],
            [
              -40.499046,
              -9.4778048
            ],
            [
              -40.499024,
              -9.4779595
            ],
            [
              -40.4990005,
              -9.4782201
            ],
            [
              -40.498981,
              -9.4784252
            ],
            [
              -40.4989569,
              -9.4785839
            ],
            [
              -40.498914,
              -9.4790217
            ],
            [
              -40.4988469,
              -9.4794715
            ],
            [
              -40.4987473,
              -9.4800824
            ],
            [
              -40.4986197,
              -9.4809327
            ],
            [
              -40.4985291,
              -9.4815496
            ],
            [
              -40.4979631,
              -9.4814239
            ],
            [
              -40.497546,
              -9.4813155
            ],
            [
              -40.4970445,
              -9.4811752
            ],
            [
              -40.4966931,
              -9.4810721
            ],
            [
              -40.496441,
              -9.4810033
            ],
            [
              -40.4960909,
              -9.4809213
            ],
            [
              -40.4960065,
              -9.4808955
            ],
            [
              -40.4958938,
              -9.4808737
            ],
            [
              -40.4957879,
              -9.4808611
            ],
            [
              -40.4957141,
              -9.480863
            ],
            [
              -40.4956631,
              -9.4808644
            ],
            [
              -40.4954754,
              -9.480875
            ],
            [
              -40.495356,
              -9.4808935
            ],
            [
              -40.4952373,
              -9.4809087
            ],
            [
              -40.4952048,
              -9.4809097
            ],
            [
              -40.4951507,
              -9.4808993
            ],
            [
              -40.4951004,
              -9.4808846
            ],
            [
              -40.495393,
              -9.4786096
            ],
            [
              -40.4954177,
              -9.4784106
            ],
            [
              -40.4954942,
              -9.4778352
            ],
            [
              -40.4952182,
              -9.4777892
            ],
            [
              -40.4949939,
              -9.4777638
            ],
            [
              -40.49489,
              -9.4777618
            ],
            [
              -40.4949837,
              -9.4772699
            ],
            [
              -40.49535,
              -9.4773279
            ],
            [
              -40.4954204,
              -9.4769066
            ],
            [
              -40.4956806,
              -9.47556
            ],
            [
              -40.4958113,
              -9.4749098
            ],
            [
              -40.4959032,
              -9.4746777
            ],
            [
              -40.4953554,
              -9.4745348
            ],
            [
              -40.4945896,
              -9.4743331
            ],
            [
              -40.4947572,
              -9.4739422
            ],
            [
              -40.4943891,
              -9.4738178
            ],
            [
              -40.4941946,
              -9.4737358
            ],
            [
              -40.4940243,
              -9.4736472
            ],
            [
              -40.4938594,
              -9.4735533
            ],
            [
              -40.4936823,
              -9.4734475
            ],
            [
              -40.4934838,
              -9.4733416
            ],
            [
              -40.4933363,
              -9.4732556
            ],
            [
              -40.4929689,
              -9.4730572
            ],
            [
              -40.4926617,
              -9.4728879
            ],
            [
              -40.4923349,
              -9.4726776
            ],
            [
              -40.4919945,
              -9.4724805
            ],
            [
              -40.4916422,
              -9.4722856
            ],
            [
              -40.4914486,
              -9.4721662
            ],
            [
              -40.4913514,
              -9.4720003
            ],
            [
              -40.4909183,
              -9.4712331
            ],
            [
              -40.4907067,
              -9.4710707
            ],
            [
              -40.4906742,
              -9.4710452
            ],
            [
              -40.4906125,
              -9.4710207
            ],
            [
              -40.4905736,
              -9.4710115
            ],
            [
              -40.4905317,
              -9.4710105
            ],
            [
              -40.4904603,
              -9.4710108
            ],
            [
              -40.4903325,
              -9.4710099
            ],
            [
              -40.491326,
              -9.4705783
            ],
            [
              -40.4921488,
              -9.470237
            ],
            [
              -40.492587,
              -9.4700448
            ],
            [
              -40.4926282,
              -9.470018
            ],
            [
              -40.4934087,
              -9.4696853
            ],
            [
              -40.4936488,
              -9.4695756
            ],
            [
              -40.4942644,
              -9.4693123
            ],
            [
              -40.4954875,
              -9.4687819
            ],
            [
              -40.4957718,
              -9.4686641
            ],
            [
              -40.4960775,
              -9.4685166
            ],
            [
              -40.4962422,
              -9.4684244
            ],
            [
              -40.4962888,
              -9.4683757
            ],
            [
              -40.4963551,
              -9.4683215
            ],
            [
              -40.4965201,
              -9.4682474
            ],
            [
              -40.4985016,
              -9.467338
            ],
            [
              -40.4988214,
              -9.4671786
            ],
            [
              -40.4999426,
              -9.4666984
            ],
            [
              -40.5011,
              -9.4661534
            ],
            [
              -40.5011134,
              -9.4662103
            ],
            [
              -40.5011355,
              -9.4662711
            ],
            [
              -40.5011483,
              -9.4663406
            ],
            [
              -40.5011563,
              -9.4663869
            ],
            [
              -40.5011563,
              -9.4664444
            ],
            [
              -40.5011375,
              -9.4665502
            ],
            [
              -40.5011255,
              -9.4666184
            ],
            [
              -40.5010906,
              -9.4671362
            ],
            [
              -40.5010812,
              -9.4674233
            ],
            [
              -40.501024,
              -9.4681107
            ],
            [
              -40.5009632,
              -9.4686721
            ],
            [
              -40.5009323,
              -9.4691152
            ],
            [
              -40.5009229,
              -9.4692978
            ],
            [
              -40.5008871,
              -9.4695919
            ],
            [
              -40.5008465,
              -9.4700121
            ],
            [
              -40.5007875,
              -9.4703785
            ],
            [
              -40.5007365,
              -9.4706398
            ],
            [
              -40.500636,
              -9.4706232
            ]
          ]
        ]
      },
      "id": "relation/11304739"
    },
    {
      "type": "Feature",
      "properties": {
        "@id": "relation/11305068",
        "admin_level": "10",
        "boundary": "administrative",
        "name": "Antônio Guilherminio",
        "type": "boundary"
      },
      "geometry": {
        "type": "Polygon",
        "coordinates": [
          [
            [
              -40.4957647,
              -9.4609215
            ],
            [
              -40.4957781,
              -9.4608818
            ],
            [
              -40.4957926,
              -9.4608491
            ],
            [
              -40.4959394,
              -9.4606067
            ],
            [
              -40.4961812,
              -9.4602141
            ],
            [
              -40.4964277,
              -9.4598124
            ],
            [
              -40.4965511,
              -9.4595706
            ],
            [
              -40.4977356,
              -9.4599626
            ],
            [
              -40.498445,
              -9.460301
            ],
            [
              -40.4986781,
              -9.4598469
            ],
            [
              -40.4989064,
              -9.4593997
            ],
            [
              -40.4992908,
              -9.4586918
            ],
            [
              -40.4994632,
              -9.4582936
            ],
            [
              -40.4998836,
              -9.457447
            ],
            [
              -40.5001614,
              -9.4568888
            ],
            [
              -40.5001947,
              -9.4568219
            ],
            [
              -40.5004375,
              -9.4563708
            ],
            [
              -40.5006413,
              -9.4559792
            ],
            [
              -40.5008036,
              -9.4556274
            ],
            [
              -40.5008535,
              -9.4555199
            ],
            [
              -40.5008703,
              -9.4554997
            ],
            [
              -40.5008824,
              -9.4554881
            ],
            [
              -40.5009089,
              -9.4554805
            ],
            [
              -40.5009454,
              -9.4554825
            ],
            [
              -40.5009783,
              -9.4554934
            ],
            [
              -40.5010292,
              -9.4555119
            ],
            [
              -40.5010966,
              -9.4555374
            ],
            [
              -40.5013521,
              -9.4556333
            ],
            [
              -40.5016049,
              -9.4550082
            ],
            [
              -40.5016471,
              -9.4549123
            ],
            [
              -40.5016611,
              -9.4549024
            ],
            [
              -40.5016797,
              -9.4548958
            ],
            [
              -40.5017065,
              -9.4548956
            ],
            [
              -40.501734,
              -9.4549044
            ],
            [
              -40.501766,
              -9.454917
            ],
            [
              -40.5018208,
              -9.4549411
            ],
            [
              -40.5018946,
              -9.4549785
            ],
            [
              -40.5020161,
              -9.455029
            ],
            [
              -40.5024092,
              -9.455167
            ],
            [
              -40.5024391,
              -9.4551835
            ],
            [
              -40.5024629,
              -9.4552024
            ],
            [
              -40.5024766,
              -9.4552321
            ],
            [
              -40.50248,
              -9.4552675
            ],
            [
              -40.5024733,
              -9.4553376
            ],
            [
              -40.5024498,
              -9.4554898
            ],
            [
              -40.5022593,
              -9.456578
            ],
            [
              -40.5027223,
              -9.4566419
            ],
            [
              -40.5032028,
              -9.4566962
            ],
            [
              -40.503923,
              -9.4567425
            ],
            [
              -40.5039807,
              -9.4569066
            ],
            [
              -40.5040611,
              -9.4571659
            ],
            [
              -40.5041362,
              -9.4574357
            ],
            [
              -40.5041778,
              -9.4576302
            ],
            [
              -40.5041979,
              -9.4578128
            ],
            [
              -40.5042087,
              -9.4581713
            ],
            [
              -40.5047773,
              -9.4581064
            ],
            [
              -40.5049396,
              -9.459211
            ],
            [
              -40.5049489,
              -9.4592977
            ],
            [
              -40.504953,
              -9.4594181
            ],
            [
              -40.5049469,
              -9.459467
            ],
            [
              -40.5049329,
              -9.4594994
            ],
            [
              -40.5049121,
              -9.4595292
            ],
            [
              -40.5077046,
              -9.4635022
            ],
            [
              -40.5076727,
              -9.4635163
            ],
            [
              -40.5073777,
              -9.4636347
            ],
            [
              -40.5070464,
              -9.4637749
            ],
            [
              -40.5060822,
              -9.4642141
            ],
            [
              -40.5053674,
              -9.4645104
            ],
            [
              -40.5052131,
              -9.4645761
            ],
            [
              -40.5050817,
              -9.4646321
            ],
            [
              -40.5045493,
              -9.4648954
            ],
            [
              -40.5042891,
              -9.4650164
            ],
            [
              -40.5040263,
              -9.4651388
            ],
            [
              -40.5037527,
              -9.4652578
            ],
            [
              -40.5036722,
              -9.465062
            ],
            [
              -40.5017585,
              -9.4658729
            ],
            [
              -40.5013897,
              -9.4660277
            ],
            [
              -40.5011,
              -9.4661534
            ],
            [
              -40.4999426,
              -9.4666984
            ],
            [
              -40.4988214,
              -9.4671786
            ],
            [
              -40.4986531,
              -9.4668485
            ],
            [
              -40.4985043,
              -9.4665484
            ],
            [
              -40.4984429,
              -9.4664279
            ],
            [
              -40.4983447,
              -9.4662255
            ],
            [
              -40.4982468,
              -9.4660509
            ],
            [
              -40.4981871,
              -9.4659576
            ],
            [
              -40.4980778,
              -9.4658485
            ],
            [
              -40.497994,
              -9.4657836
            ],
            [
              -40.4979088,
              -9.4657307
            ],
            [
              -40.4978309,
              -9.4656871
            ],
            [
              -40.4975088,
              -9.4655055
            ],
            [
              -40.4972523,
              -9.4653901
            ],
            [
              -40.4968058,
              -9.4651434
            ],
            [
              -40.4960996,
              -9.4647895
            ],
            [
              -40.4960279,
              -9.4647485
            ],
            [
              -40.4951334,
              -9.4643245
            ],
            [
              -40.4943435,
              -9.4639442
            ],
            [
              -40.494038,
              -9.4638007
            ],
            [
              -40.4948763,
              -9.462085
            ],
            [
              -40.4953269,
              -9.4612542
            ],
            [
              -40.4955898,
              -9.4613283
            ],
            [
              -40.4957647,
              -9.4609215
            ]
          ]
        ]
      },
      "id": "relation/11305068"
    },
    {
      "type": "Feature",
      "properties": {
        "@id": "relation/11305082",
        "admin_level": "10",
        "boundary": "administrative",
        "name": "Vila Nova Fé",
        "type": "boundary"
      },
      "geometry": {
        "type": "Polygon",
        "coordinates": [
          [
            [
              -40.492647,
              -9.4665873
            ],
            [
              -40.4930332,
              -9.4658372
            ],
            [
              -40.4933994,
              -9.4651361
            ],
            [
              -40.4936032,
              -9.4647234
            ],
            [
              -40.4937641,
              -9.4644019
            ],
            [
              -40.4939452,
              -9.4640368
            ],
            [
              -40.494038,
              -9.4638007
            ],
            [
              -40.4943435,
              -9.4639442
            ],
            [
              -40.4951334,
              -9.4643245
            ],
            [
              -40.4960279,
              -9.4647485
            ],
            [
              -40.4960996,
              -9.4647895
            ],
            [
              -40.4968058,
              -9.4651434
            ],
            [
              -40.4972523,
              -9.4653901
            ],
            [
              -40.4975088,
              -9.4655055
            ],
            [
              -40.4978309,
              -9.4656871
            ],
            [
              -40.4979088,
              -9.4657307
            ],
            [
              -40.497994,
              -9.4657836
            ],
            [
              -40.4980778,
              -9.4658485
            ],
            [
              -40.4981871,
              -9.4659576
            ],
            [
              -40.4982468,
              -9.4660509
            ],
            [
              -40.4983447,
              -9.4662255
            ],
            [
              -40.4984429,
              -9.4664279
            ],
            [
              -40.4985043,
              -9.4665484
            ],
            [
              -40.4986531,
              -9.4668485
            ],
            [
              -40.4988214,
              -9.4671786
            ],
            [
              -40.4985016,
              -9.467338
            ],
            [
              -40.4965201,
              -9.4682474
            ],
            [
              -40.4963551,
              -9.4683215
            ],
            [
              -40.4962888,
              -9.4683757
            ],
            [
              -40.4962422,
              -9.4684244
            ],
            [
              -40.4960775,
              -9.4685166
            ],
            [
              -40.4957718,
              -9.4686641
            ],
            [
              -40.4954875,
              -9.4687819
            ],
            [
              -40.4942644,
              -9.4693123
            ],
            [
              -40.4936488,
              -9.4695756
            ],
            [
              -40.4934087,
              -9.4696853
            ],
            [
              -40.4926282,
              -9.470018
            ],
            [
              -40.492587,
              -9.4700448
            ],
            [
              -40.4921488,
              -9.470237
            ],
            [
              -40.491326,
              -9.4705783
            ],
            [
              -40.4903325,
              -9.4710099
            ],
            [
              -40.4902359,
              -9.4710512
            ],
            [
              -40.4901303,
              -9.4710937
            ],
            [
              -40.4900922,
              -9.4709209
            ],
            [
              -40.4900949,
              -9.4707542
            ],
            [
              -40.4901432,
              -9.4701576
            ],
            [
              -40.4901767,
              -9.4699658
            ],
            [
              -40.4902384,
              -9.469651
            ],
            [
              -40.4902665,
              -9.4693639
            ],
            [
              -40.4903021,
              -9.4689697
            ],
            [
              -40.4903188,
              -9.4685636
            ],
            [
              -40.4903497,
              -9.468209
            ],
            [
              -40.4904288,
              -9.4679934
            ],
            [
              -40.4904778,
              -9.4679382
            ],
            [
              -40.490524,
              -9.4678506
            ],
            [
              -40.4905374,
              -9.4677342
            ],
            [
              -40.4905401,
              -9.4676217
            ],
            [
              -40.4905522,
              -9.4674656
            ],
            [
              -40.4905508,
              -9.4673003
            ],
            [
              -40.4905991,
              -9.467162
            ],
            [
              -40.4907466,
              -9.4669021
            ],
            [
              -40.4910658,
              -9.4662691
            ],
            [
              -40.4911893,
              -9.4660429
            ],
            [
              -40.4912482,
              -9.4659351
            ],
            [
              -40.49144,
              -9.4660423
            ],
            [
              -40.4919845,
              -9.4663148
            ],
            [
              -40.4923332,
              -9.4664642
            ],
            [
              -40.492647,
              -9.4665873
            ]
          ]
        ]
      },
      "id": "relation/11305082"
    },
    {
      "type": "Feature",
      "properties": {
        "@id": "relation/11305226",
        "admin_level": "10",
        "boundary": "administrative",
        "name": "VILA TIRADENTES",
        "type": "boundary"
      },
      "geometry": {
        "type": "Polygon",
        "coordinates": [
          [
            [
              -40.4981676,
              -9.4482865
            ],
            [
              -40.4979625,
              -9.4487137
            ],
            [
              -40.4977631,
              -9.4491396
            ],
            [
              -40.4975415,
              -9.449564
            ],
            [
              -40.4973385,
              -9.4499695
            ],
            [
              -40.4971456,
              -9.4503879
            ],
            [
              -40.4969855,
              -9.4507028
            ],
            [
              -40.4969276,
              -9.4508182
            ],
            [
              -40.4967877,
              -9.4510975
            ],
            [
              -40.4967404,
              -9.4511478
            ],
            [
              -40.4967156,
              -9.4511683
            ],
            [
              -40.4966825,
              -9.4511877
            ],
            [
              -40.4966354,
              -9.4512181
            ],
            [
              -40.4962253,
              -9.4511453
            ],
            [
              -40.4959154,
              -9.4510743
            ],
            [
              -40.4955265,
              -9.4509704
            ],
            [
              -40.4949963,
              -9.4507964
            ],
            [
              -40.4945243,
              -9.4506464
            ],
            [
              -40.4941285,
              -9.4505129
            ],
            [
              -40.4939402,
              -9.4504524
            ],
            [
              -40.4938166,
              -9.4504147
            ],
            [
              -40.4937432,
              -9.4503909
            ],
            [
              -40.4938191,
              -9.4501876
            ],
            [
              -40.493913,
              -9.4499614
            ],
            [
              -40.4939975,
              -9.4497815
            ],
            [
              -40.4940739,
              -9.4496254
            ],
            [
              -40.4941463,
              -9.4494918
            ],
            [
              -40.494196,
              -9.4494084
            ],
            [
              -40.4942858,
              -9.4492682
            ],
            [
              -40.4944065,
              -9.4490711
            ],
            [
              -40.4948091,
              -9.448241
            ],
            [
              -40.4952098,
              -9.4474148
            ],
            [
              -40.4954585,
              -9.446972
            ],
            [
              -40.4964905,
              -9.4474966
            ],
            [
              -40.4974096,
              -9.4479234
            ],
            [
              -40.4981676,
              -9.4482865
            ]
          ]
        ]
      },
      "id": "relation/11305226"
    },
    {
      "type": "Feature",
      "properties": {
        "@id": "relation/11315066",
        "admin_level": "10",
        "boundary": "administrative",
        "name": "Bairro nossa senhora da penha",
        "type": "boundary"
      },
      "geometry": {
        "type": "Polygon",
        "coordinates": [
          [
            [
              -40.5126938,
              -9.4185529
            ],
            [
              -40.5125027,
              -9.4184391
            ],
            [
              -40.5123237,
              -9.4182837
            ],
            [
              -40.5119807,
              -9.417934
            ],
            [
              -40.512033,
              -9.417849
            ],
            [
              -40.5120577,
              -9.4178601
            ],
            [
              -40.5125984,
              -9.4180487
            ],
            [
              -40.5132001,
              -9.4182315
            ],
            [
              -40.5137599,
              -9.418431
            ],
            [
              -40.5142404,
              -9.4185621
            ],
            [
              -40.5143169,
              -9.4188391
            ],
            [
              -40.514385,
              -9.4188496
            ],
            [
              -40.5144312,
              -9.418876
            ],
            [
              -40.5144788,
              -9.4189075
            ],
            [
              -40.5145345,
              -9.4189432
            ],
            [
              -40.5146196,
              -9.4189948
            ],
            [
              -40.5146988,
              -9.4190464
            ],
            [
              -40.5148228,
              -9.4191522
            ],
            [
              -40.5149636,
              -9.4192567
            ],
            [
              -40.5151098,
              -9.4193771
            ],
            [
              -40.5153499,
              -9.419571
            ],
            [
              -40.515716,
              -9.4198508
            ],
            [
              -40.5160828,
              -9.420073
            ],
            [
              -40.5164033,
              -9.4202576
            ],
            [
              -40.5166534,
              -9.4204011
            ],
            [
              -40.5168204,
              -9.4204759
            ],
            [
              -40.5169248,
              -9.4205136
            ],
            [
              -40.5168767,
              -9.4205837
            ],
            [
              -40.5168298,
              -9.4206257
            ],
            [
              -40.5167215,
              -9.4206839
            ],
            [
              -40.5164167,
              -9.4208377
            ],
            [
              -40.5163141,
              -9.4208695
            ],
            [
              -40.5161961,
              -9.4208827
            ],
            [
              -40.5160754,
              -9.4208887
            ],
            [
              -40.5159225,
              -9.4209112
            ],
            [
              -40.5158038,
              -9.4209409
            ],
            [
              -40.5156952,
              -9.420982
            ],
            [
              -40.5156362,
              -9.4209962
            ],
            [
              -40.5155976,
              -9.4210021
            ],
            [
              -40.5155447,
              -9.4209955
            ],
            [
              -40.5155071,
              -9.4209836
            ],
            [
              -40.5154552,
              -9.4209542
            ],
            [
              -40.515313,
              -9.4208907
            ],
            [
              -40.5146357,
              -9.4211619
            ],
            [
              -40.5145539,
              -9.4211897
            ],
            [
              -40.5144869,
              -9.4212006
            ],
            [
              -40.5144326,
              -9.4212055
            ],
            [
              -40.5144127,
              -9.4212049
            ],
            [
              -40.5143994,
              -9.4212032
            ],
            [
              -40.5143879,
              -9.4212003
            ],
            [
              -40.5143816,
              -9.4211982
            ],
            [
              -40.5143302,
              -9.4210925
            ],
            [
              -40.5136601,
              -9.4212915
            ],
            [
              -40.5134067,
              -9.4213536
            ],
            [
              -40.5129406,
              -9.4214688
            ],
            [
              -40.5127669,
              -9.4208556
            ],
            [
              -40.5126415,
              -9.4204078
            ],
            [
              -40.512602,
              -9.4202854
            ],
            [
              -40.512559,
              -9.4201895
            ],
            [
              -40.5125279,
              -9.4201405
            ],
            [
              -40.5124883,
              -9.4200849
            ],
            [
              -40.5122861,
              -9.4198713
            ],
            [
              -40.5121406,
              -9.419735
            ],
            [
              -40.512089,
              -9.4196768
            ],
            [
              -40.5120729,
              -9.4196252
            ],
            [
              -40.5120762,
              -9.4195558
            ],
            [
              -40.5121369,
              -9.4194363
            ],
            [
              -40.5126938,
              -9.4185529
            ]
          ]
        ]
      },
      "id": "relation/11315066"
    },
    {
      "type": "Feature",
      "properties": {
        "@id": "relation/11315160",
        "admin_level": "10",
        "boundary": "administrative",
        "name": "Bairro Centro",
        "type": "boundary"
      },
      "geometry": {
        "type": "Polygon",
        "coordinates": [
          [
            [
              -40.503454,
              -9.4149712
            ],
            [
              -40.503298,
              -9.4149212
            ],
            [
              -40.5031009,
              -9.414859
            ],
            [
              -40.5029896,
              -9.4148319
            ],
            [
              -40.5028769,
              -9.4148239
            ],
            [
              -40.5027509,
              -9.4148418
            ],
            [
              -40.5020971,
              -9.4150224
            ],
            [
              -40.5016666,
              -9.4151408
            ],
            [
              -40.501039,
              -9.4152751
            ],
            [
              -40.5000375,
              -9.4155347
            ],
            [
              -40.5000177,
              -9.4154844
            ],
            [
              -40.4999995,
              -9.4154461
            ],
            [
              -40.4999004,
              -9.4152314
            ],
            [
              -40.499775,
              -9.4149245
            ],
            [
              -40.4996127,
              -9.4145315
            ],
            [
              -40.4994531,
              -9.4141538
            ],
            [
              -40.4970096,
              -9.4149073
            ],
            [
              -40.4968788,
              -9.4146281
            ],
            [
              -40.4966857,
              -9.4142577
            ],
            [
              -40.4965134,
              -9.4139467
            ],
            [
              -40.4963733,
              -9.4136649
            ],
            [
              -40.4962432,
              -9.4134149
            ],
            [
              -40.4960032,
              -9.4136272
            ],
            [
              -40.4959444,
              -9.4135305
            ],
            [
              -40.4956944,
              -9.4131194
            ],
            [
              -40.4954415,
              -9.4126564
            ],
            [
              -40.495566,
              -9.412643
            ],
            [
              -40.4960222,
              -9.4125566
            ],
            [
              -40.4961426,
              -9.4125395
            ],
            [
              -40.496502,
              -9.4124237
            ],
            [
              -40.4970627,
              -9.4122429
            ],
            [
              -40.4985009,
              -9.4117624
            ],
            [
              -40.5002933,
              -9.4111326
            ],
            [
              -40.5007875,
              -9.4109709
            ],
            [
              -40.5008874,
              -9.4109374
            ],
            [
              -40.501332,
              -9.4107767
            ],
            [
              -40.5016143,
              -9.4106908
            ],
            [
              -40.5017175,
              -9.4106703
            ],
            [
              -40.5021373,
              -9.4105361
            ],
            [
              -40.5023446,
              -9.4104755
            ],
            [
              -40.5032838,
              -9.4101869
            ],
            [
              -40.5046718,
              -9.4097738
            ],
            [
              -40.5049974,
              -9.4096733
            ],
            [
              -40.5050548,
              -9.4099828
            ],
            [
              -40.5050598,
              -9.4099985
            ],
            [
              -40.5051741,
              -9.4104974
            ],
            [
              -40.5052739,
              -9.4109958
            ],
            [
              -40.505371,
              -9.4114474
            ],
            [
              -40.5054591,
              -9.4117485
            ],
            [
              -40.5054885,
              -9.4118504
            ],
            [
              -40.5055971,
              -9.4122549
            ],
            [
              -40.5057316,
              -9.4127881
            ],
            [
              -40.5057858,
              -9.4129723
            ],
            [
              -40.5058417,
              -9.4132181
            ],
            [
              -40.5059123,
              -9.4136059
            ],
            [
              -40.5059897,
              -9.4140288
            ],
            [
              -40.506089,
              -9.4145518
            ],
            [
              -40.505692,
              -9.4146063
            ],
            [
              -40.5045614,
              -9.4147783
            ],
            [
              -40.5038861,
              -9.4148987
            ],
            [
              -40.5037388,
              -9.4149234
            ],
            [
              -40.503454,
              -9.4149712
            ]
          ]
        ]
      },
      "id": "relation/11315160"
    },
    {
      "type": "Feature",
      "properties": {
        "@id": "relation/11316916",
        "admin_level": "10",
        "boundary": "administrative",
        "name": "Bairro Alagadiço",
        "type": "boundary"
      },
      "geometry": {
        "type": "Polygon",
        "coordinates": [
          [
            [
              -40.5009545,
              -9.4179714
            ],
            [
              -40.50093,
              -9.4178877
            ],
            [
              -40.5009194,
              -9.4178559
            ],
            [
              -40.5007634,
              -9.4174204
            ],
            [
              -40.5006772,
              -9.4171737
            ],
            [
              -40.5005957,
              -9.4169573
            ],
            [
              -40.500479,
              -9.4166391
            ],
            [
              -40.500464,
              -9.4165991
            ],
            [
              -40.5003597,
              -9.4163354
            ],
            [
              -40.5003382,
              -9.4162767
            ],
            [
              -40.5001974,
              -9.4159412
            ],
            [
              -40.500178,
              -9.4158876
            ],
            [
              -40.5000375,
              -9.4155347
            ],
            [
              -40.501039,
              -9.4152751
            ],
            [
              -40.5016666,
              -9.4151408
            ],
            [
              -40.5020971,
              -9.4150224
            ],
            [
              -40.5027509,
              -9.4148418
            ],
            [
              -40.5028769,
              -9.4148239
            ],
            [
              -40.5029896,
              -9.4148319
            ],
            [
              -40.5031009,
              -9.414859
            ],
            [
              -40.503298,
              -9.4149212
            ],
            [
              -40.503454,
              -9.4149712
            ],
            [
              -40.5037388,
              -9.4149234
            ],
            [
              -40.5038861,
              -9.4148987
            ],
            [
              -40.5045614,
              -9.4147783
            ],
            [
              -40.505692,
              -9.4146063
            ],
            [
              -40.506089,
              -9.4145518
            ],
            [
              -40.5062405,
              -9.415027
            ],
            [
              -40.5063449,
              -9.4152833
            ],
            [
              -40.5063718,
              -9.4153591
            ],
            [
              -40.5064713,
              -9.4157457
            ],
            [
              -40.5065833,
              -9.4162002
            ],
            [
              -40.5066485,
              -9.4164846
            ],
            [
              -40.5067024,
              -9.4167277
            ],
            [
              -40.5067628,
              -9.4169944
            ],
            [
              -40.5069204,
              -9.4176877
            ],
            [
              -40.5070377,
              -9.4182572
            ],
            [
              -40.507096,
              -9.418531
            ],
            [
              -40.506219,
              -9.4187791
            ],
            [
              -40.5054949,
              -9.4189977
            ],
            [
              -40.5049503,
              -9.4191549
            ],
            [
              -40.5046295,
              -9.4192592
            ],
            [
              -40.5031962,
              -9.4196946
            ],
            [
              -40.5028501,
              -9.4198124
            ],
            [
              -40.5015466,
              -9.4201881
            ],
            [
              -40.5012669,
              -9.4202007
            ],
            [
              -40.5013058,
              -9.4199831
            ],
            [
              -40.50133,
              -9.4197998
            ],
            [
              -40.5013441,
              -9.4195994
            ],
            [
              -40.5013481,
              -9.4194102
            ],
            [
              -40.5013394,
              -9.4192164
            ],
            [
              -40.5013119,
              -9.4189319
            ],
            [
              -40.501277,
              -9.4187513
            ],
            [
              -40.5012139,
              -9.418539
            ],
            [
              -40.5010577,
              -9.4181554
            ],
            [
              -40.5009545,
              -9.4179714
            ]
          ]
        ]
      },
      "id": "relation/11316916"
    },
    {
      "type": "Feature",
      "properties": {
        "@id": "relation/11316939",
        "admin_level": "10",
        "boundary": "administrative",
        "name": "Bairro Alto Maravilha",
        "type": "boundary"
      },
      "geometry": {
        "type": "Polygon",
        "coordinates": [
          [
            [
              -40.5003604,
              -9.4246169
            ],
            [
              -40.5003684,
              -9.4244066
            ],
            [
              -40.5007495,
              -9.4228199
            ],
            [
              -40.5007808,
              -9.4226708
            ],
            [
              -40.5009565,
              -9.4218928
            ],
            [
              -40.5010684,
              -9.421371
            ],
            [
              -40.5011597,
              -9.4208497
            ],
            [
              -40.5011905,
              -9.4206533
            ],
            [
              -40.5012026,
              -9.4205764
            ],
            [
              -40.5012669,
              -9.4202007
            ],
            [
              -40.5015466,
              -9.4201881
            ],
            [
              -40.5028501,
              -9.4198124
            ],
            [
              -40.5031962,
              -9.4196946
            ],
            [
              -40.5046295,
              -9.4192592
            ],
            [
              -40.5049503,
              -9.4191549
            ],
            [
              -40.5054949,
              -9.4189977
            ],
            [
              -40.506219,
              -9.4187791
            ],
            [
              -40.507096,
              -9.418531
            ],
            [
              -40.5071463,
              -9.4188678
            ],
            [
              -40.5071638,
              -9.418967
            ],
            [
              -40.5071879,
              -9.4191231
            ],
            [
              -40.5072154,
              -9.4193533
            ],
            [
              -40.5072528,
              -9.4196632
            ],
            [
              -40.5072642,
              -9.4198916
            ],
            [
              -40.5072681,
              -9.4200423
            ],
            [
              -40.5072506,
              -9.420304
            ],
            [
              -40.5072091,
              -9.4206296
            ],
            [
              -40.5071497,
              -9.4209105
            ],
            [
              -40.5070458,
              -9.4215429
            ],
            [
              -40.5069593,
              -9.4220827
            ],
            [
              -40.5069036,
              -9.4223129
            ],
            [
              -40.5066837,
              -9.4228474
            ],
            [
              -40.5064543,
              -9.4234566
            ],
            [
              -40.5064087,
              -9.4233263
            ],
            [
              -40.506331,
              -9.4233495
            ],
            [
              -40.5063256,
              -9.4235116
            ],
            [
              -40.5063175,
              -9.4235942
            ],
            [
              -40.5063068,
              -9.4236591
            ],
            [
              -40.50628,
              -9.4237358
            ],
            [
              -40.5062042,
              -9.4238866
            ],
            [
              -40.5060406,
              -9.4241215
            ],
            [
              -40.5059347,
              -9.4242432
            ],
            [
              -40.505824,
              -9.4243536
            ],
            [
              -40.5056986,
              -9.424441
            ],
            [
              -40.5055739,
              -9.4244912
            ],
            [
              -40.5054639,
              -9.4245144
            ],
            [
              -40.5046512,
              -9.424566
            ],
            [
              -40.5044802,
              -9.4245838
            ],
            [
              -40.5043813,
              -9.4246606
            ],
            [
              -40.5042462,
              -9.4247492
            ],
            [
              -40.5041798,
              -9.4247704
            ],
            [
              -40.5040819,
              -9.4247836
            ],
            [
              -40.5039894,
              -9.4247816
            ],
            [
              -40.5039277,
              -9.4247628
            ],
            [
              -40.5038791,
              -9.4247324
            ],
            [
              -40.5038003,
              -9.4246454
            ],
            [
              -40.5037386,
              -9.4245138
            ],
            [
              -40.5036447,
              -9.424263
            ],
            [
              -40.5028763,
              -9.4244846
            ],
            [
              -40.5023546,
              -9.4246315
            ],
            [
              -40.5023117,
              -9.4246356
            ],
            [
              -40.5022755,
              -9.4246391
            ],
            [
              -40.5022278,
              -9.4246338
            ],
            [
              -40.5021789,
              -9.4246202
            ],
            [
              -40.502148,
              -9.4245987
            ],
            [
              -40.5020092,
              -9.4243768
            ],
            [
              -40.5018282,
              -9.4244152
            ],
            [
              -40.5014949,
              -9.4244793
            ],
            [
              -40.501389,
              -9.4244859
            ],
            [
              -40.5013038,
              -9.4244701
            ],
            [
              -40.5011744,
              -9.424441
            ],
            [
              -40.5010758,
              -9.4244158
            ],
            [
              -40.5009779,
              -9.4244039
            ],
            [
              -40.50087,
              -9.4244092
            ],
            [
              -40.5007761,
              -9.4244251
            ],
            [
              -40.5006722,
              -9.4244588
            ],
            [
              -40.500591,
              -9.4244807
            ],
            [
              -40.5005354,
              -9.4244893
            ],
            [
              -40.5004455,
              -9.4245422
            ],
            [
              -40.5003604,
              -9.4246169
            ]
          ]
        ]
      },
      "id": "relation/11316939"
    },
    {
      "type": "Feature",
      "properties": {
        "@id": "relation/11316956",
        "admin_level": "10",
        "boundary": "administrative",
        "name": "Bairro Lomanto Juinior",
        "type": "boundary"
      },
      "geometry": {
        "type": "Polygon",
        "coordinates": [
          [
            [
              -40.4967662,
              -9.4272907
            ],
            [
              -40.4966542,
              -9.4272958
            ],
            [
              -40.4964408,
              -9.4273007
            ],
            [
              -40.4963075,
              -9.4272742
            ],
            [
              -40.4962896,
              -9.4272616
            ],
            [
              -40.4962617,
              -9.427242
            ],
            [
              -40.4962064,
              -9.4271804
            ],
            [
              -40.4961698,
              -9.4271036
            ],
            [
              -40.4961392,
              -9.4270029
            ],
            [
              -40.4960655,
              -9.4267
            ],
            [
              -40.4960427,
              -9.4266166
            ],
            [
              -40.4959754,
              -9.4262542
            ],
            [
              -40.4958613,
              -9.4257885
            ],
            [
              -40.4958013,
              -9.4255047
            ],
            [
              -40.4957852,
              -9.4253323
            ],
            [
              -40.4957838,
              -9.4252698
            ],
            [
              -40.4957966,
              -9.425164
            ],
            [
              -40.4958445,
              -9.4249811
            ],
            [
              -40.4958643,
              -9.4249245
            ],
            [
              -40.4959267,
              -9.4247773
            ],
            [
              -40.4960152,
              -9.4246206
            ],
            [
              -40.4960648,
              -9.4245316
            ],
            [
              -40.4966004,
              -9.4243494
            ],
            [
              -40.4978039,
              -9.4238693
            ],
            [
              -40.4980805,
              -9.4237591
            ],
            [
              -40.4985754,
              -9.4235746
            ],
            [
              -40.4995443,
              -9.4231709
            ],
            [
              -40.5005092,
              -9.4227529
            ],
            [
              -40.50047,
              -9.4228952
            ],
            [
              -40.500436,
              -9.4230188
            ],
            [
              -40.5003391,
              -9.4235005
            ],
            [
              -40.5001377,
              -9.4244555
            ],
            [
              -40.5000459,
              -9.4249556
            ],
            [
              -40.4999505,
              -9.42542
            ],
            [
              -40.4997925,
              -9.4260707
            ],
            [
              -40.4996612,
              -9.4265667
            ],
            [
              -40.4994967,
              -9.4272276
            ],
            [
              -40.4967662,
              -9.4272907
            ]
          ]
        ]
      },
      "id": "relation/11316956"
    },
    {
      "type": "Feature",
      "properties": {
        "@id": "relation/11318911",
        "admin_level": "10",
        "boundary": "administrative",
        "name": "Bairro Angari",
        "type": "boundary"
      },
      "geometry": {
        "type": "Polygon",
        "coordinates": [
          [
            [
              -40.4954415,
              -9.4126564
            ],
            [
              -40.4951281,
              -9.4126712
            ],
            [
              -40.494369,
              -9.4127507
            ],
            [
              -40.4943542,
              -9.4125437
            ],
            [
              -40.4942979,
              -9.4123981
            ],
            [
              -40.4942899,
              -9.4123544
            ],
            [
              -40.4942858,
              -9.4123095
            ],
            [
              -40.4942966,
              -9.4122698
            ],
            [
              -40.4943147,
              -9.4122347
            ],
            [
              -40.4943609,
              -9.4122016
            ],
            [
              -40.4944521,
              -9.4121917
            ],
            [
              -40.4945594,
              -9.4121838
            ],
            [
              -40.4950159,
              -9.4121659
            ],
            [
              -40.4954782,
              -9.4121449
            ],
            [
              -40.4958979,
              -9.4121468
            ],
            [
              -40.4961264,
              -9.4120331
            ],
            [
              -40.4962427,
              -9.4120256
            ],
            [
              -40.4962533,
              -9.4122177
            ],
            [
              -40.496502,
              -9.4124237
            ],
            [
              -40.4961426,
              -9.4125395
            ],
            [
              -40.4960222,
              -9.4125566
            ],
            [
              -40.495566,
              -9.412643
            ],
            [
              -40.4954415,
              -9.4126564
            ]
          ]
        ]
      },
      "id": "relation/11318911"
    },
    {
      "type": "Feature",
      "properties": {
        "@id": "relation/11322865",
        "admin_level": "10",
        "boundary": "administrative",
        "name": "Pedro raumindo",
        "type": "boundary"
      },
      "geometry": {
        "type": "Polygon",
        "coordinates": [
          [
            [
              -40.5100151,
              -9.4591944
            ],
            [
              -40.5098426,
              -9.4592924
            ],
            [
              -40.5096542,
              -9.4593777
            ],
            [
              -40.5094014,
              -9.4594306
            ],
            [
              -40.509278,
              -9.4594068
            ],
            [
              -40.5091546,
              -9.4593367
            ],
            [
              -40.5090742,
              -9.4592573
            ],
            [
              -40.5090259,
              -9.4591647
            ],
            [
              -40.5089696,
              -9.4589941
            ],
            [
              -40.5089146,
              -9.4588605
            ],
            [
              -40.5087242,
              -9.4583221
            ],
            [
              -40.5085418,
              -9.457777
            ],
            [
              -40.5083755,
              -9.4572849
            ],
            [
              -40.5082682,
              -9.4568219
            ],
            [
              -40.5083138,
              -9.4565362
            ],
            [
              -40.5083567,
              -9.4562504
            ],
            [
              -40.5085404,
              -9.4552391
            ],
            [
              -40.5085605,
              -9.4543084
            ],
            [
              -40.5085015,
              -9.4536735
            ],
            [
              -40.5084586,
              -9.4533401
            ],
            [
              -40.5084264,
              -9.4530762
            ],
            [
              -40.5083716,
              -9.4524921
            ],
            [
              -40.5082747,
              -9.451845
            ],
            [
              -40.5082641,
              -9.4517829
            ],
            [
              -40.5086141,
              -9.4517264
            ],
            [
              -40.5093321,
              -9.4516624
            ],
            [
              -40.5100642,
              -9.4516262
            ],
            [
              -40.5105347,
              -9.4516021
            ],
            [
              -40.5106241,
              -9.4517295
            ],
            [
              -40.5106271,
              -9.4517493
            ],
            [
              -40.5106351,
              -9.4517834
            ],
            [
              -40.5106538,
              -9.4518318
            ],
            [
              -40.5107894,
              -9.4521852
            ],
            [
              -40.5108498,
              -9.4523744
            ],
            [
              -40.5109262,
              -9.4525781
            ],
            [
              -40.5110362,
              -9.4528982
            ],
            [
              -40.5110557,
              -9.4529558
            ],
            [
              -40.5110892,
              -9.4530266
            ],
            [
              -40.5112065,
              -9.4533269
            ],
            [
              -40.5112508,
              -9.4534565
            ],
            [
              -40.5113165,
              -9.4536629
            ],
            [
              -40.5113997,
              -9.4538891
            ],
            [
              -40.5114453,
              -9.4540134
            ],
            [
              -40.5115418,
              -9.4543084
            ],
            [
              -40.5117041,
              -9.4547199
            ],
            [
              -40.5117993,
              -9.4549963
            ],
            [
              -40.511861,
              -9.4551643
            ],
            [
              -40.5119428,
              -9.4553859
            ],
            [
              -40.5120255,
              -9.4556147
            ],
            [
              -40.512176,
              -9.4560263
            ],
            [
              -40.5122271,
              -9.4561631
            ],
            [
              -40.5123331,
              -9.4565223
            ],
            [
              -40.5124605,
              -9.4568636
            ],
            [
              -40.5125222,
              -9.4570362
            ],
            [
              -40.5125476,
              -9.4571196
            ],
            [
              -40.5126657,
              -9.4574463
            ],
            [
              -40.5126978,
              -9.4575442
            ],
            [
              -40.51277,
              -9.4577428
            ],
            [
              -40.5128104,
              -9.4579005
            ],
            [
              -40.5128607,
              -9.458043
            ],
            [
              -40.5129852,
              -9.4583619
            ],
            [
              -40.513002,
              -9.4584129
            ],
            [
              -40.5130898,
              -9.4586596
            ],
            [
              -40.5131555,
              -9.4588371
            ],
            [
              -40.5132022,
              -9.4589627
            ],
            [
              -40.5132904,
              -9.4592614
            ],
            [
              -40.5133013,
              -9.459285
            ],
            [
              -40.5134475,
              -9.4597193
            ],
            [
              -40.5136333,
              -9.4601701
            ],
            [
              -40.5134536,
              -9.4603149
            ],
            [
              -40.5131055,
              -9.4605385
            ],
            [
              -40.5129983,
              -9.460604
            ],
            [
              -40.5128105,
              -9.460727
            ],
            [
              -40.5124323,
              -9.4610167
            ],
            [
              -40.5122352,
              -9.4611966
            ],
            [
              -40.5121091,
              -9.4613012
            ],
            [
              -40.5119073,
              -9.4614387
            ],
            [
              -40.5118354,
              -9.4614868
            ],
            [
              -40.5116531,
              -9.4616087
            ],
            [
              -40.5112267,
              -9.4618594
            ],
            [
              -40.5109856,
              -9.4613568
            ],
            [
              -40.5108033,
              -9.4609337
            ],
            [
              -40.5106207,
              -9.4605233
            ],
            [
              -40.5104363,
              -9.4601207
            ],
            [
              -40.5102476,
              -9.4597013
            ],
            [
              -40.5100151,
              -9.4591944
            ]
          ]
        ]
      },
      "id": "relation/11322865"
    },
    {
      "type": "Feature",
      "properties": {
        "@id": "relation/11322866",
        "admin_level": "10",
        "boundary": "administrative",
        "name": "Bairro Dom José Rodrigues",
        "type": "boundary"
      },
      "geometry": {
        "type": "Polygon",
        "coordinates": [
          [
            [
              -40.5114855,
              -9.4519564
            ],
            [
              -40.5119224,
              -9.4518763
            ],
            [
              -40.511971,
              -9.4518412
            ],
            [
              -40.5120052,
              -9.4518135
            ],
            [
              -40.5120394,
              -9.4517791
            ],
            [
              -40.5120541,
              -9.4517556
            ],
            [
              -40.5120694,
              -9.4517298
            ],
            [
              -40.5120774,
              -9.4517156
            ],
            [
              -40.5120839,
              -9.4517044
            ],
            [
              -40.5120981,
              -9.4516881
            ],
            [
              -40.5121265,
              -9.4516726
            ],
            [
              -40.5121631,
              -9.4516646
            ],
            [
              -40.512264,
              -9.4516491
            ],
            [
              -40.5123599,
              -9.4516441
            ],
            [
              -40.5128199,
              -9.451619
            ],
            [
              -40.5132088,
              -9.4516044
            ],
            [
              -40.5136232,
              -9.4515899
            ],
            [
              -40.5140089,
              -9.4515967
            ],
            [
              -40.514134,
              -9.451587
            ],
            [
              -40.5143756,
              -9.4515563
            ],
            [
              -40.5145106,
              -9.4515231
            ],
            [
              -40.5146305,
              -9.4515103
            ],
            [
              -40.515021,
              -9.4514816
            ],
            [
              -40.5154099,
              -9.4514597
            ],
            [
              -40.5157969,
              -9.4514304
            ],
            [
              -40.516215,
              -9.4514032
            ],
            [
              -40.5168001,
              -9.451386
            ],
            [
              -40.5181154,
              -9.4513127
            ],
            [
              -40.5178059,
              -9.4521732
            ],
            [
              -40.5176789,
              -9.4525176
            ],
            [
              -40.5176789,
              -9.4532876
            ],
            [
              -40.517874,
              -9.4534881
            ],
            [
              -40.5179933,
              -9.4539427
            ],
            [
              -40.5170943,
              -9.4539776
            ],
            [
              -40.5169478,
              -9.4540544
            ],
            [
              -40.5162378,
              -9.4542709
            ],
            [
              -40.5159264,
              -9.4549132
            ],
            [
              -40.5152327,
              -9.4551436
            ],
            [
              -40.5149637,
              -9.4556464
            ],
            [
              -40.5152539,
              -9.4564493
            ],
            [
              -40.5158627,
              -9.4562468
            ],
            [
              -40.5167114,
              -9.457604
            ],
            [
              -40.5155478,
              -9.4585246
            ],
            [
              -40.5154364,
              -9.4585946
            ],
            [
              -40.5153371,
              -9.4586382
            ],
            [
              -40.5152553,
              -9.4586713
            ],
            [
              -40.5151936,
              -9.4587202
            ],
            [
              -40.5151252,
              -9.4587851
            ],
            [
              -40.5150555,
              -9.4589028
            ],
            [
              -40.5150146,
              -9.4589854
            ],
            [
              -40.5146411,
              -9.4593724
            ],
            [
              -40.5145016,
              -9.4595021
            ],
            [
              -40.51405,
              -9.4598215
            ],
            [
              -40.5136333,
              -9.4601701
            ],
            [
              -40.5134475,
              -9.4597193
            ],
            [
              -40.5133013,
              -9.459285
            ],
            [
              -40.5132904,
              -9.4592614
            ],
            [
              -40.5132022,
              -9.4589627
            ],
            [
              -40.5131555,
              -9.4588371
            ],
            [
              -40.5130898,
              -9.4586596
            ],
            [
              -40.513002,
              -9.4584129
            ],
            [
              -40.5129852,
              -9.4583619
            ],
            [
              -40.5128607,
              -9.458043
            ],
            [
              -40.5128104,
              -9.4579005
            ],
            [
              -40.51277,
              -9.4577428
            ],
            [
              -40.5126978,
              -9.4575442
            ],
            [
              -40.5126657,
              -9.4574463
            ],
            [
              -40.5125476,
              -9.4571196
            ],
            [
              -40.5125222,
              -9.4570362
            ],
            [
              -40.5124605,
              -9.4568636
            ],
            [
              -40.5123331,
              -9.4565223
            ],
            [
              -40.5122271,
              -9.4561631
            ],
            [
              -40.512176,
              -9.4560263
            ],
            [
              -40.5120255,
              -9.4556147
            ],
            [
              -40.5119428,
              -9.4553859
            ],
            [
              -40.511861,
              -9.4551643
            ],
            [
              -40.5117993,
              -9.4549963
            ],
            [
              -40.5117041,
              -9.4547199
            ],
            [
              -40.5115418,
              -9.4543084
            ],
            [
              -40.5114453,
              -9.4540134
            ],
            [
              -40.5113997,
              -9.4538891
            ],
            [
              -40.5113165,
              -9.4536629
            ],
            [
              -40.5112508,
              -9.4534565
            ],
            [
              -40.5112065,
              -9.4533269
            ],
            [
              -40.5110892,
              -9.4530266
            ],
            [
              -40.5110557,
              -9.4529558
            ],
            [
              -40.5110362,
              -9.4528982
            ],
            [
              -40.5109262,
              -9.4525781
            ],
            [
              -40.5108498,
              -9.4523744
            ],
            [
              -40.5107894,
              -9.4521852
            ],
            [
              -40.5106538,
              -9.4518318
            ],
            [
              -40.5106351,
              -9.4517834
            ],
            [
              -40.511371,
              -9.4516841
            ],
            [
              -40.5114855,
              -9.4519564
            ]
          ]
        ]
      },
      "id": "relation/11322866"
    },
    {
      "type": "Feature",
      "properties": {
        "@id": "relation/11322906",
        "admin_level": "10",
        "boundary": "administrative",
        "name": "Bairro Jardim Florida",
        "type": "boundary"
      },
      "geometry": {
        "type": "Polygon",
        "coordinates": [
          [
            [
              -40.5143319,
              -9.4322973
            ],
            [
              -40.5136541,
              -9.4321295
            ],
            [
              -40.5129792,
              -9.4319821
            ],
            [
              -40.5125263,
              -9.4318984
            ],
            [
              -40.5120198,
              -9.4318254
            ],
            [
              -40.5110064,
              -9.4316908
            ],
            [
              -40.5098319,
              -9.4315183
            ],
            [
              -40.5096282,
              -9.4314848
            ],
            [
              -40.5090324,
              -9.4314154
            ],
            [
              -40.5080292,
              -9.431286
            ],
            [
              -40.507929,
              -9.4306694
            ],
            [
              -40.5079106,
              -9.4305429
            ],
            [
              -40.5078432,
              -9.4300996
            ],
            [
              -40.5077778,
              -9.429657
            ],
            [
              -40.5077172,
              -9.4292542
            ],
            [
              -40.5076791,
              -9.4289705
            ],
            [
              -40.5076086,
              -9.4283912
            ],
            [
              -40.5075539,
              -9.428067
            ],
            [
              -40.5075151,
              -9.4278385
            ],
            [
              -40.5074837,
              -9.4276305
            ],
            [
              -40.5074374,
              -9.4272697
            ],
            [
              -40.5073827,
              -9.4267614
            ],
            [
              -40.508696,
              -9.4268019
            ],
            [
              -40.509999,
              -9.4268811
            ],
            [
              -40.510041,
              -9.4262476
            ],
            [
              -40.5103502,
              -9.4262704
            ],
            [
              -40.5112487,
              -9.4263542
            ],
            [
              -40.5113669,
              -9.4264026
            ],
            [
              -40.5113604,
              -9.4265075
            ],
            [
              -40.5113191,
              -9.4269776
            ],
            [
              -40.5116543,
              -9.4270211
            ],
            [
              -40.513303,
              -9.4271436
            ],
            [
              -40.5140109,
              -9.4272106
            ],
            [
              -40.5146465,
              -9.4278322
            ],
            [
              -40.5148691,
              -9.4280534
            ],
            [
              -40.5150837,
              -9.4282148
            ],
            [
              -40.5153532,
              -9.4283749
            ],
            [
              -40.5153398,
              -9.4284305
            ],
            [
              -40.5153237,
              -9.4285151
            ],
            [
              -40.5153009,
              -9.4285985
            ],
            [
              -40.5152433,
              -9.4288128
            ],
            [
              -40.515191,
              -9.4289782
            ],
            [
              -40.515169,
              -9.4290905
            ],
            [
              -40.5151021,
              -9.4293483
            ],
            [
              -40.5150567,
              -9.4295516
            ],
            [
              -40.5149763,
              -9.4298733
            ],
            [
              -40.5149251,
              -9.4300506
            ],
            [
              -40.5148617,
              -9.4303094
            ],
            [
              -40.514789,
              -9.4306455
            ],
            [
              -40.5147417,
              -9.4307997
            ],
            [
              -40.5146365,
              -9.4311625
            ],
            [
              -40.5146142,
              -9.4312394
            ],
            [
              -40.5144787,
              -9.4317066
            ],
            [
              -40.5143528,
              -9.4322019
            ],
            [
              -40.5143319,
              -9.4322973
            ]
          ]
        ]
      },
      "id": "relation/11322906"
    },
    {
      "type": "Feature",
      "properties": {
        "@id": "relation/11322911",
        "admin_level": "10",
        "boundary": "administrative",
        "name": "Bairro Expedito de Almeida Nascimento",
        "type": "boundary"
      },
      "geometry": {
        "type": "Polygon",
        "coordinates": [
          [
            [
              -40.5202446,
              -9.4212805
            ],
            [
              -40.5203962,
              -9.4212937
            ],
            [
              -40.5206641,
              -9.421317
            ],
            [
              -40.5210794,
              -9.4213514
            ],
            [
              -40.5212152,
              -9.4213603
            ],
            [
              -40.5213331,
              -9.4213736
            ],
            [
              -40.5214588,
              -9.421392
            ],
            [
              -40.5218868,
              -9.4214841
            ],
            [
              -40.5222883,
              -9.4215677
            ],
            [
              -40.5221404,
              -9.4221264
            ],
            [
              -40.5220524,
              -9.4224858
            ],
            [
              -40.5219993,
              -9.4226895
            ],
            [
              -40.5218461,
              -9.4233226
            ],
            [
              -40.5217197,
              -9.4238311
            ],
            [
              -40.5216887,
              -9.4239395
            ],
            [
              -40.521561,
              -9.4244822
            ],
            [
              -40.5214382,
              -9.4250513
            ],
            [
              -40.5212523,
              -9.4258255
            ],
            [
              -40.5207917,
              -9.4259123
            ],
            [
              -40.5204621,
              -9.4260051
            ],
            [
              -40.5203848,
              -9.4258771
            ],
            [
              -40.5198675,
              -9.4249668
            ],
            [
              -40.5198526,
              -9.4248974
            ],
            [
              -40.5198453,
              -9.4248054
            ],
            [
              -40.5198439,
              -9.4246275
            ],
            [
              -40.5198155,
              -9.423367
            ],
            [
              -40.519807,
              -9.42294
            ],
            [
              -40.5198044,
              -9.4226331
            ],
            [
              -40.5197909,
              -9.421916
            ],
            [
              -40.5198025,
              -9.4212181
            ],
            [
              -40.5202011,
              -9.4212744
            ],
            [
              -40.5202446,
              -9.4212805
            ]
          ]
        ]
      },
      "id": "relation/11322911"
    },
    {
      "type": "Feature",
      "properties": {
        "@id": "relation/11322930",
        "admin_level": "10",
        "boundary": "administrative",
        "name": "Bairro Country Clube",
        "type": "boundary"
      },
      "geometry": {
        "type": "Polygon",
        "coordinates": [
          [
            [
              -40.5185993,
              -9.4209968
            ],
            [
              -40.5181187,
              -9.4208681
            ],
            [
              -40.5169248,
              -9.4205136
            ],
            [
              -40.5169609,
              -9.4200484
            ],
            [
              -40.5170456,
              -9.4195111
            ],
            [
              -40.5171423,
              -9.4188982
            ],
            [
              -40.5171617,
              -9.4188155
            ],
            [
              -40.5172335,
              -9.4182751
            ],
            [
              -40.5172643,
              -9.418111
            ],
            [
              -40.5173394,
              -9.4176294
            ],
            [
              -40.5173689,
              -9.4174389
            ],
            [
              -40.5174655,
              -9.4169269
            ],
            [
              -40.5175325,
              -9.4163381
            ],
            [
              -40.5175714,
              -9.41601
            ],
            [
              -40.5176143,
              -9.4157613
            ],
            [
              -40.5176532,
              -9.4155681
            ],
            [
              -40.5177109,
              -9.4152069
            ],
            [
              -40.5167332,
              -9.4156793
            ],
            [
              -40.516229,
              -9.4159439
            ],
            [
              -40.5160533,
              -9.4155073
            ],
            [
              -40.5160811,
              -9.4154901
            ],
            [
              -40.5161046,
              -9.4154715
            ],
            [
              -40.51612,
              -9.415454
            ],
            [
              -40.5161331,
              -9.4154358
            ],
            [
              -40.5161435,
              -9.415416
            ],
            [
              -40.5161532,
              -9.4153925
            ],
            [
              -40.5161593,
              -9.4153736
            ],
            [
              -40.5163371,
              -9.4147956
            ],
            [
              -40.5163859,
              -9.4147875
            ],
            [
              -40.5163939,
              -9.4145666
            ],
            [
              -40.516402,
              -9.4142279
            ],
            [
              -40.5164127,
              -9.4141009
            ],
            [
              -40.5164288,
              -9.4136378
            ],
            [
              -40.5168003,
              -9.4136418
            ],
            [
              -40.5179187,
              -9.4136253
            ],
            [
              -40.517957,
              -9.4135518
            ],
            [
              -40.5181025,
              -9.4131698
            ],
            [
              -40.5181967,
              -9.4129518
            ],
            [
              -40.5182048,
              -9.4129356
            ],
            [
              -40.51821,
              -9.4129295
            ],
            [
              -40.5182157,
              -9.4129247
            ],
            [
              -40.5182224,
              -9.412922
            ],
            [
              -40.5182286,
              -9.4129217
            ],
            [
              -40.5182324,
              -9.4129221
            ],
            [
              -40.5187367,
              -9.4131761
            ],
            [
              -40.5195346,
              -9.4137528
            ],
            [
              -40.5199157,
              -9.4139315
            ],
            [
              -40.5206332,
              -9.414257
            ],
            [
              -40.521068,
              -9.4144944
            ],
            [
              -40.5215384,
              -9.4146962
            ],
            [
              -40.521403,
              -9.4152665
            ],
            [
              -40.5212906,
              -9.4157265
            ],
            [
              -40.5212764,
              -9.4158066
            ],
            [
              -40.5211473,
              -9.4163921
            ],
            [
              -40.5210306,
              -9.4170064
            ],
            [
              -40.5207901,
              -9.418146
            ],
            [
              -40.5206569,
              -9.4187921
            ],
            [
              -40.5204389,
              -9.4199223
            ],
            [
              -40.520369,
              -9.4202741
            ],
            [
              -40.5202845,
              -9.4207716
            ],
            [
              -40.5202617,
              -9.4209687
            ],
            [
              -40.5202483,
              -9.4211195
            ],
            [
              -40.5202464,
              -9.4212029
            ],
            [
              -40.5202446,
              -9.4212805
            ],
            [
              -40.5202011,
              -9.4212744
            ],
            [
              -40.5198025,
              -9.4212181
            ],
            [
              -40.5196687,
              -9.4212014
            ],
            [
              -40.5194839,
              -9.4211791
            ],
            [
              -40.5193383,
              -9.4211632
            ],
            [
              -40.5192458,
              -9.4211493
            ],
            [
              -40.5191578,
              -9.4211322
            ],
            [
              -40.5185993,
              -9.4209968
            ]
          ]
        ]
      },
      "id": "relation/11322930"
    },
    {
      "type": "Feature",
      "properties": {
        "@id": "relation/11322952",
        "admin_level": "10",
        "boundary": "administrative",
        "name": "Bairro Maringa",
        "type": "boundary"
      },
      "geometry": {
        "type": "Polygon",
        "coordinates": [
          [
            [
              -40.5160533,
              -9.4155073
            ],
            [
              -40.516229,
              -9.4159439
            ],
            [
              -40.5167332,
              -9.4156793
            ],
            [
              -40.5177109,
              -9.4152069
            ],
            [
              -40.5176532,
              -9.4155681
            ],
            [
              -40.5176143,
              -9.4157613
            ],
            [
              -40.5175714,
              -9.41601
            ],
            [
              -40.5175325,
              -9.4163381
            ],
            [
              -40.5174655,
              -9.4169269
            ],
            [
              -40.5173689,
              -9.4174389
            ],
            [
              -40.5173394,
              -9.4176294
            ],
            [
              -40.5172643,
              -9.418111
            ],
            [
              -40.5172335,
              -9.4182751
            ],
            [
              -40.5171617,
              -9.4188155
            ],
            [
              -40.5171423,
              -9.4188982
            ],
            [
              -40.5170456,
              -9.4195111
            ],
            [
              -40.5169609,
              -9.4200484
            ],
            [
              -40.5169248,
              -9.4205136
            ],
            [
              -40.5168204,
              -9.4204759
            ],
            [
              -40.5166534,
              -9.4204011
            ],
            [
              -40.5164033,
              -9.4202576
            ],
            [
              -40.5160828,
              -9.420073
            ],
            [
              -40.515716,
              -9.4198508
            ],
            [
              -40.5153499,
              -9.419571
            ],
            [
              -40.5151098,
              -9.4193771
            ],
            [
              -40.5149636,
              -9.4192567
            ],
            [
              -40.5148228,
              -9.4191522
            ],
            [
              -40.5146988,
              -9.4190464
            ],
            [
              -40.5146196,
              -9.4189948
            ],
            [
              -40.5145345,
              -9.4189432
            ],
            [
              -40.5144788,
              -9.4189075
            ],
            [
              -40.5144312,
              -9.418876
            ],
            [
              -40.514385,
              -9.4188496
            ],
            [
              -40.5143169,
              -9.4188391
            ],
            [
              -40.5142404,
              -9.4185621
            ],
            [
              -40.5137599,
              -9.418431
            ],
            [
              -40.5132001,
              -9.4182315
            ],
            [
              -40.5125984,
              -9.4180487
            ],
            [
              -40.5120577,
              -9.4178601
            ],
            [
              -40.512033,
              -9.417849
            ],
            [
              -40.5120634,
              -9.4177943
            ],
            [
              -40.5121104,
              -9.4177233
            ],
            [
              -40.5120246,
              -9.4175156
            ],
            [
              -40.5119428,
              -9.4172947
            ],
            [
              -40.5118639,
              -9.4167615
            ],
            [
              -40.5117925,
              -9.4161869
            ],
            [
              -40.5117866,
              -9.4160405
            ],
            [
              -40.5117953,
              -9.415965
            ],
            [
              -40.5118234,
              -9.4158777
            ],
            [
              -40.5118968,
              -9.4156865
            ],
            [
              -40.512089,
              -9.4151891
            ],
            [
              -40.5120555,
              -9.4151348
            ],
            [
              -40.5120179,
              -9.4150826
            ],
            [
              -40.5119669,
              -9.4150389
            ],
            [
              -40.5117758,
              -9.4149489
            ],
            [
              -40.5115358,
              -9.4148702
            ],
            [
              -40.5115532,
              -9.4147551
            ],
            [
              -40.5115633,
              -9.4146837
            ],
            [
              -40.511582,
              -9.4144244
            ],
            [
              -40.5115975,
              -9.4142246
            ],
            [
              -40.5116294,
              -9.4137265
            ],
            [
              -40.5116632,
              -9.413352
            ],
            [
              -40.5119435,
              -9.4133758
            ],
            [
              -40.5122669,
              -9.413414
            ],
            [
              -40.5123223,
              -9.4131496
            ],
            [
              -40.5124511,
              -9.4126164
            ],
            [
              -40.5125724,
              -9.4120931
            ],
            [
              -40.5127076,
              -9.4115444
            ],
            [
              -40.5127415,
              -9.4113974
            ],
            [
              -40.5127367,
              -9.411296
            ],
            [
              -40.5127421,
              -9.4112047
            ],
            [
              -40.5127595,
              -9.4110857
            ],
            [
              -40.5127823,
              -9.4109666
            ],
            [
              -40.5129285,
              -9.4104995
            ],
            [
              -40.5131136,
              -9.4099306
            ],
            [
              -40.5133389,
              -9.409274
            ],
            [
              -40.5161862,
              -9.4111327
            ],
            [
              -40.5167312,
              -9.4116215
            ],
            [
              -40.5172904,
              -9.4123198
            ],
            [
              -40.5182324,
              -9.4129221
            ],
            [
              -40.5182286,
              -9.4129217
            ],
            [
              -40.5182224,
              -9.412922
            ],
            [
              -40.5182157,
              -9.4129247
            ],
            [
              -40.51821,
              -9.4129295
            ],
            [
              -40.5182048,
              -9.4129356
            ],
            [
              -40.5181967,
              -9.4129518
            ],
            [
              -40.5181025,
              -9.4131698
            ],
            [
              -40.517957,
              -9.4135518
            ],
            [
              -40.5179187,
              -9.4136253
            ],
            [
              -40.5168003,
              -9.4136418
            ],
            [
              -40.5164288,
              -9.4136378
            ],
            [
              -40.5164127,
              -9.4141009
            ],
            [
              -40.516402,
              -9.4142279
            ],
            [
              -40.5163939,
              -9.4145666
            ],
            [
              -40.5163859,
              -9.4147875
            ],
            [
              -40.5163371,
              -9.4147956
            ],
            [
              -40.5161593,
              -9.4153736
            ],
            [
              -40.5161532,
              -9.4153925
            ],
            [
              -40.5161435,
              -9.415416
            ],
            [
              -40.5161331,
              -9.4154358
            ],
            [
              -40.51612,
              -9.415454
            ],
            [
              -40.5161046,
              -9.4154715
            ],
            [
              -40.5160811,
              -9.4154901
            ],
            [
              -40.5160533,
              -9.4155073
            ]
          ]
        ]
      },
      "id": "relation/11322952"
    },
    {
      "type": "Feature",
      "properties": {
        "@id": "relation/11322960",
        "admin_level": "10",
        "boundary": "administrative",
        "name": "Bairro Santo Antonio",
        "type": "boundary"
      },
      "geometry": {
        "type": "Polygon",
        "coordinates": [
          [
            [
              -40.5079889,
              -9.4163279
            ],
            [
              -40.5077207,
              -9.4160725
            ],
            [
              -40.5074259,
              -9.4157489
            ],
            [
              -40.5069029,
              -9.4159941
            ],
            [
              -40.506885,
              -9.415925
            ],
            [
              -40.5068389,
              -9.4156932
            ],
            [
              -40.5070719,
              -9.4156277
            ],
            [
              -40.50697,
              -9.4154934
            ],
            [
              -40.5068533,
              -9.4152936
            ],
            [
              -40.506827,
              -9.4152489
            ],
            [
              -40.5067823,
              -9.4152613
            ],
            [
              -40.5067789,
              -9.4152334
            ],
            [
              -40.5067755,
              -9.4151395
            ],
            [
              -40.506766,
              -9.4150601
            ],
            [
              -40.5067532,
              -9.4149689
            ],
            [
              -40.5067205,
              -9.4147975
            ],
            [
              -40.506626,
              -9.4143504
            ],
            [
              -40.5065228,
              -9.413942
            ],
            [
              -40.5064857,
              -9.4138031
            ],
            [
              -40.5064533,
              -9.4136669
            ],
            [
              -40.5063207,
              -9.4130366
            ],
            [
              -40.5062611,
              -9.4127487
            ],
            [
              -40.5062374,
              -9.4126179
            ],
            [
              -40.5062272,
              -9.4125615
            ],
            [
              -40.5061692,
              -9.4122415
            ],
            [
              -40.506085,
              -9.4118999
            ],
            [
              -40.5060433,
              -9.4117108
            ],
            [
              -40.5059807,
              -9.4113689
            ],
            [
              -40.5059565,
              -9.4112539
            ],
            [
              -40.5058465,
              -9.410539
            ],
            [
              -40.5058086,
              -9.4103667
            ],
            [
              -40.5057181,
              -9.4099091
            ],
            [
              -40.5056953,
              -9.409788
            ],
            [
              -40.505694,
              -9.4097821
            ],
            [
              -40.5056134,
              -9.4094649
            ],
            [
              -40.5068817,
              -9.4091224
            ],
            [
              -40.5071802,
              -9.4088751
            ],
            [
              -40.5076764,
              -9.4087663
            ],
            [
              -40.5077015,
              -9.4087621
            ],
            [
              -40.5079633,
              -9.4087021
            ],
            [
              -40.5080906,
              -9.408697
            ],
            [
              -40.5088147,
              -9.408939
            ],
            [
              -40.5094558,
              -9.4088085
            ],
            [
              -40.5094764,
              -9.4088061
            ],
            [
              -40.510055,
              -9.4088279
            ],
            [
              -40.5106558,
              -9.4088533
            ],
            [
              -40.5109764,
              -9.4089333
            ],
            [
              -40.5110229,
              -9.4090334
            ],
            [
              -40.5110561,
              -9.4088375
            ],
            [
              -40.5133389,
              -9.409274
            ],
            [
              -40.5131136,
              -9.4099306
            ],
            [
              -40.5129285,
              -9.4104995
            ],
            [
              -40.5127823,
              -9.4109666
            ],
            [
              -40.5127595,
              -9.4110857
            ],
            [
              -40.5127421,
              -9.4112047
            ],
            [
              -40.5127367,
              -9.411296
            ],
            [
              -40.5127415,
              -9.4113974
            ],
            [
              -40.5127076,
              -9.4115444
            ],
            [
              -40.5125724,
              -9.4120931
            ],
            [
              -40.5124511,
              -9.4126164
            ],
            [
              -40.5123223,
              -9.4131496
            ],
            [
              -40.5122669,
              -9.413414
            ],
            [
              -40.5119435,
              -9.4133758
            ],
            [
              -40.5116632,
              -9.413352
            ],
            [
              -40.5116294,
              -9.4137265
            ],
            [
              -40.5115975,
              -9.4142246
            ],
            [
              -40.511582,
              -9.4144244
            ],
            [
              -40.5115633,
              -9.4146837
            ],
            [
              -40.5115532,
              -9.4147551
            ],
            [
              -40.5115358,
              -9.4148702
            ],
            [
              -40.5117758,
              -9.4149489
            ],
            [
              -40.5119669,
              -9.4150389
            ],
            [
              -40.5120179,
              -9.4150826
            ],
            [
              -40.5120555,
              -9.4151348
            ],
            [
              -40.512089,
              -9.4151891
            ],
            [
              -40.5118968,
              -9.4156865
            ],
            [
              -40.5118234,
              -9.4158777
            ],
            [
              -40.5117953,
              -9.415965
            ],
            [
              -40.5117866,
              -9.4160405
            ],
            [
              -40.5117925,
              -9.4161869
            ],
            [
              -40.5118639,
              -9.4167615
            ],
            [
              -40.5119428,
              -9.4172947
            ],
            [
              -40.5120246,
              -9.4175156
            ],
            [
              -40.5121104,
              -9.4177233
            ],
            [
              -40.5120634,
              -9.4177943
            ],
            [
              -40.512033,
              -9.417849
            ],
            [
              -40.511517,
              -9.417644
            ],
            [
              -40.5110577,
              -9.4174413
            ],
            [
              -40.5109397,
              -9.4173847
            ],
            [
              -40.5108552,
              -9.4173469
            ],
            [
              -40.5107693,
              -9.4173231
            ],
            [
              -40.5106885,
              -9.4173079
            ],
            [
              -40.5105863,
              -9.4172934
            ],
            [
              -40.5104669,
              -9.4172834
            ],
            [
              -40.5101786,
              -9.4172616
            ],
            [
              -40.5097548,
              -9.4172292
            ],
            [
              -40.509618,
              -9.4172207
            ],
            [
              -40.5095402,
              -9.4172166
            ],
            [
              -40.5093055,
              -9.4170174
            ],
            [
              -40.5092075,
              -9.41695
            ],
            [
              -40.5088532,
              -9.4167063
            ],
            [
              -40.5083733,
              -9.4164129
            ],
            [
              -40.5080851,
              -9.4163242
            ],
            [
              -40.5080519,
              -9.4163213
            ],
            [
              -40.5080177,
              -9.4163219
            ],
            [
              -40.5079889,
              -9.4163279
            ]
          ]
        ]
      },
      "id": "relation/11322960"
    },
    {
      "type": "Feature",
      "properties": {
        "@id": "relation/11322968",
        "admin_level": "10",
        "boundary": "administrative",
        "name": "Bairro Mussambe",
        "type": "boundary"
      },
      "geometry": {
        "type": "Polygon",
        "coordinates": [
          [
            [
              -40.5103455,
              -9.4194916
            ],
            [
              -40.5097877,
              -9.4193851
            ],
            [
              -40.5091292,
              -9.4192488
            ],
            [
              -40.5075675,
              -9.4188939
            ],
            [
              -40.5075175,
              -9.418727
            ],
            [
              -40.507489,
              -9.4186424
            ],
            [
              -40.5073648,
              -9.4181234
            ],
            [
              -40.507326,
              -9.4179723
            ],
            [
              -40.5072299,
              -9.4175978
            ],
            [
              -40.5071253,
              -9.417165
            ],
            [
              -40.5070947,
              -9.4170003
            ],
            [
              -40.5070284,
              -9.4166129
            ],
            [
              -40.5069194,
              -9.4160663
            ],
            [
              -40.5069029,
              -9.4159941
            ],
            [
              -40.5074259,
              -9.4157489
            ],
            [
              -40.5077207,
              -9.4160725
            ],
            [
              -40.5079889,
              -9.4163279
            ],
            [
              -40.5080177,
              -9.4163219
            ],
            [
              -40.5080519,
              -9.4163213
            ],
            [
              -40.5080851,
              -9.4163242
            ],
            [
              -40.5083733,
              -9.4164129
            ],
            [
              -40.5088532,
              -9.4167063
            ],
            [
              -40.5092075,
              -9.41695
            ],
            [
              -40.5093055,
              -9.4170174
            ],
            [
              -40.5095402,
              -9.4172166
            ],
            [
              -40.509618,
              -9.4172207
            ],
            [
              -40.5097548,
              -9.4172292
            ],
            [
              -40.5101786,
              -9.4172616
            ],
            [
              -40.5104669,
              -9.4172834
            ],
            [
              -40.5105863,
              -9.4172934
            ],
            [
              -40.5106885,
              -9.4173079
            ],
            [
              -40.5107693,
              -9.4173231
            ],
            [
              -40.5108552,
              -9.4173469
            ],
            [
              -40.5109397,
              -9.4173847
            ],
            [
              -40.5110577,
              -9.4174413
            ],
            [
              -40.511517,
              -9.417644
            ],
            [
              -40.512033,
              -9.417849
            ],
            [
              -40.5119807,
              -9.417934
            ],
            [
              -40.5123237,
              -9.4182837
            ],
            [
              -40.5125027,
              -9.4184391
            ],
            [
              -40.5126938,
              -9.4185529
            ],
            [
              -40.5121369,
              -9.4194363
            ],
            [
              -40.5120762,
              -9.4195558
            ],
            [
              -40.5120729,
              -9.4196252
            ],
            [
              -40.512089,
              -9.4196768
            ],
            [
              -40.5121406,
              -9.419735
            ],
            [
              -40.5120327,
              -9.4198395
            ],
            [
              -40.5116799,
              -9.4201968
            ],
            [
              -40.5111931,
              -9.4206446
            ],
            [
              -40.510769,
              -9.4202258
            ],
            [
              -40.5107371,
              -9.4201934
            ],
            [
              -40.5104632,
              -9.4199153
            ],
            [
              -40.51054,
              -9.4195809
            ],
            [
              -40.5103455,
              -9.4194916
            ]
          ]
        ]
      },
      "id": "relation/11322968"
    },
    {
      "type": "Feature",
      "properties": {
        "@id": "relation/11322988",
        "admin_level": "10",
        "boundary": "administrative",
        "name": "Bairro Monte Castelo",
        "type": "boundary"
      },
      "geometry": {
        "type": "Polygon",
        "coordinates": [
          [
            [
              -40.491552,
              -9.4280382
            ],
            [
              -40.4916432,
              -9.4279846
            ],
            [
              -40.4917035,
              -9.4279601
            ],
            [
              -40.4918695,
              -9.4279165
            ],
            [
              -40.4919785,
              -9.4278826
            ],
            [
              -40.4927605,
              -9.4276758
            ],
            [
              -40.4930145,
              -9.4276228
            ],
            [
              -40.4931318,
              -9.4276175
            ],
            [
              -40.4933243,
              -9.4276334
            ],
            [
              -40.4936359,
              -9.4276514
            ],
            [
              -40.4940846,
              -9.4276711
            ],
            [
              -40.4945607,
              -9.4276962
            ],
            [
              -40.4949125,
              -9.4277036
            ],
            [
              -40.4950612,
              -9.4276985
            ],
            [
              -40.4951366,
              -9.4280055
            ],
            [
              -40.4952383,
              -9.4283881
            ],
            [
              -40.4947394,
              -9.4284274
            ],
            [
              -40.4945769,
              -9.428441
            ],
            [
              -40.4942536,
              -9.4284794
            ],
            [
              -40.4941235,
              -9.4285098
            ],
            [
              -40.4940029,
              -9.428576
            ],
            [
              -40.4938349,
              -9.4287168
            ],
            [
              -40.493848,
              -9.4288553
            ],
            [
              -40.4936899,
              -9.4289063
            ],
            [
              -40.4928937,
              -9.4294811
            ],
            [
              -40.4925692,
              -9.4297827
            ],
            [
              -40.4920825,
              -9.4301399
            ],
            [
              -40.4921001,
              -9.4302982
            ],
            [
              -40.492118,
              -9.4306996
            ],
            [
              -40.4921558,
              -9.4312045
            ],
            [
              -40.4921853,
              -9.4315643
            ],
            [
              -40.492189,
              -9.4315854
            ],
            [
              -40.4921937,
              -9.4316003
            ],
            [
              -40.4922014,
              -9.4316132
            ],
            [
              -40.4922085,
              -9.4316221
            ],
            [
              -40.4922211,
              -9.4316333
            ],
            [
              -40.4919288,
              -9.4315653
            ],
            [
              -40.4919052,
              -9.4315781
            ],
            [
              -40.4918564,
              -9.4316045
            ],
            [
              -40.4918574,
              -9.431936
            ],
            [
              -40.4918504,
              -9.4319879
            ],
            [
              -40.4918504,
              -9.4321599
            ],
            [
              -40.4918852,
              -9.4325224
            ],
            [
              -40.4918433,
              -9.4325773
            ],
            [
              -40.4918232,
              -9.4325975
            ],
            [
              -40.491777,
              -9.432617
            ],
            [
              -40.4917481,
              -9.432623
            ],
            [
              -40.4916579,
              -9.4326263
            ],
            [
              -40.4916552,
              -9.4326938
            ],
            [
              -40.4916532,
              -9.4327301
            ],
            [
              -40.4916439,
              -9.4327679
            ],
            [
              -40.4915925,
              -9.4328465
            ],
            [
              -40.4913925,
              -9.4331526
            ],
            [
              -40.491325,
              -9.4332324
            ],
            [
              -40.4911114,
              -9.4334847
            ],
            [
              -40.4910472,
              -9.4335698
            ],
            [
              -40.4910032,
              -9.4336246
            ],
            [
              -40.4908284,
              -9.4338552
            ],
            [
              -40.4906871,
              -9.4340191
            ],
            [
              -40.4905325,
              -9.4342227
            ],
            [
              -40.4903205,
              -9.434481
            ],
            [
              -40.4901217,
              -9.434747
            ],
            [
              -40.490024,
              -9.4348928
            ],
            [
              -40.489836,
              -9.4352649
            ],
            [
              -40.4894575,
              -9.4348644
            ],
            [
              -40.4892507,
              -9.4346251
            ],
            [
              -40.4889721,
              -9.4343134
            ],
            [
              -40.4886569,
              -9.4339724
            ],
            [
              -40.4885824,
              -9.4338885
            ],
            [
              -40.4885451,
              -9.4338451
            ],
            [
              -40.4885328,
              -9.4338305
            ],
            [
              -40.4883988,
              -9.433714
            ],
            [
              -40.4881893,
              -9.4335684
            ],
            [
              -40.4881108,
              -9.4335098
            ],
            [
              -40.4876867,
              -9.4331229
            ],
            [
              -40.4871819,
              -9.4326372
            ],
            [
              -40.4866836,
              -9.43224
            ],
            [
              -40.4866559,
              -9.4322191
            ],
            [
              -40.4866355,
              -9.4322003
            ],
            [
              -40.4866261,
              -9.4321831
            ],
            [
              -40.4866248,
              -9.4321692
            ],
            [
              -40.4866249,
              -9.4321354
            ],
            [
              -40.4866415,
              -9.4320131
            ],
            [
              -40.4866784,
              -9.4316936
            ],
            [
              -40.486742,
              -9.4312484
            ],
            [
              -40.4868022,
              -9.4308091
            ],
            [
              -40.4868476,
              -9.4303561
            ],
            [
              -40.4868683,
              -9.4302251
            ],
            [
              -40.4869082,
              -9.429922
            ],
            [
              -40.4869756,
              -9.429446
            ],
            [
              -40.4870081,
              -9.4292547
            ],
            [
              -40.4870322,
              -9.4289946
            ],
            [
              -40.4870747,
              -9.4286911
            ],
            [
              -40.4870886,
              -9.4286098
            ],
            [
              -40.4871626,
              -9.4280856
            ],
            [
              -40.488912,
              -9.4281579
            ]
          ]
        ]
      },
      "id": "relation/11322988"
    },
    {
      "type": "Feature",
      "properties": {
        "@id": "relation/11330835",
        "admin_level": "10",
        "boundary": "administrative",
        "name": "Bairro Nossa Senhora das Grotas",
        "type": "boundary"
      },
      "geometry": {
        "type": "Polygon",
        "coordinates": [
          [
            [
              -40.5200725,
              -9.4272032
            ],
            [
              -40.5200959,
              -9.4272682
            ],
            [
              -40.5203956,
              -9.4278983
            ],
            [
              -40.5206231,
              -9.4283376
            ],
            [
              -40.5207196,
              -9.4285296
            ],
            [
              -40.5208347,
              -9.4287586
            ],
            [
              -40.5210528,
              -9.4291924
            ],
            [
              -40.5212339,
              -9.4296356
            ],
            [
              -40.5214185,
              -9.4300884
            ],
            [
              -40.5215693,
              -9.4304136
            ],
            [
              -40.5217245,
              -9.4307704
            ],
            [
              -40.5218858,
              -9.4310672
            ],
            [
              -40.5220225,
              -9.4313728
            ],
            [
              -40.5222565,
              -9.4319066
            ],
            [
              -40.5227048,
              -9.4327771
            ],
            [
              -40.522796,
              -9.4329308
            ],
            [
              -40.5229902,
              -9.4332313
            ],
            [
              -40.523479,
              -9.4341179
            ],
            [
              -40.5236549,
              -9.4343608
            ],
            [
              -40.5237861,
              -9.4344731
            ],
            [
              -40.5237573,
              -9.4345122
            ],
            [
              -40.5237378,
              -9.4345572
            ],
            [
              -40.5237284,
              -9.4346041
            ],
            [
              -40.523428,
              -9.4344895
            ],
            [
              -40.522968,
              -9.4343626
            ],
            [
              -40.5223816,
              -9.4342059
            ],
            [
              -40.5217824,
              -9.4340541
            ],
            [
              -40.5210269,
              -9.4338853
            ],
            [
              -40.5207539,
              -9.433811
            ],
            [
              -40.5206063,
              -9.4337819
            ],
            [
              -40.5204237,
              -9.4337675
            ],
            [
              -40.5202284,
              -9.4337099
            ],
            [
              -40.5200323,
              -9.4336546
            ],
            [
              -40.5198361,
              -9.4335993
            ],
            [
              -40.5191812,
              -9.4334353
            ],
            [
              -40.5174118,
              -9.4330225
            ],
            [
              -40.5157516,
              -9.4326366
            ],
            [
              -40.5148986,
              -9.4324205
            ],
            [
              -40.5143319,
              -9.4322973
            ],
            [
              -40.5143528,
              -9.4322019
            ],
            [
              -40.5144787,
              -9.4317066
            ],
            [
              -40.5146142,
              -9.4312394
            ],
            [
              -40.5146365,
              -9.4311625
            ],
            [
              -40.5147417,
              -9.4307997
            ],
            [
              -40.514789,
              -9.4306455
            ],
            [
              -40.5148617,
              -9.4303094
            ],
            [
              -40.5149251,
              -9.4300506
            ],
            [
              -40.5149763,
              -9.4298733
            ],
            [
              -40.5150567,
              -9.4295516
            ],
            [
              -40.5151021,
              -9.4293483
            ],
            [
              -40.515169,
              -9.4290905
            ],
            [
              -40.515191,
              -9.4289782
            ],
            [
              -40.5152433,
              -9.4288128
            ],
            [
              -40.5153009,
              -9.4285985
            ],
            [
              -40.5153237,
              -9.4285151
            ],
            [
              -40.5153398,
              -9.4284305
            ],
            [
              -40.5153532,
              -9.4283749
            ],
            [
              -40.5153868,
              -9.4282611
            ],
            [
              -40.5154109,
              -9.4281645
            ],
            [
              -40.5154069,
              -9.4280415
            ],
            [
              -40.5154014,
              -9.4279299
            ],
            [
              -40.5153839,
              -9.4278049
            ],
            [
              -40.5153519,
              -9.4276737
            ],
            [
              -40.5152889,
              -9.4274858
            ],
            [
              -40.5152801,
              -9.4274151
            ],
            [
              -40.5152862,
              -9.4273588
            ],
            [
              -40.5152969,
              -9.4273284
            ],
            [
              -40.5153197,
              -9.4273059
            ],
            [
              -40.5153713,
              -9.4272252
            ],
            [
              -40.515366,
              -9.4271987
            ],
            [
              -40.5153519,
              -9.4271657
            ],
            [
              -40.5153117,
              -9.4271075
            ],
            [
              -40.5152728,
              -9.4270572
            ],
            [
              -40.5152359,
              -9.4270006
            ],
            [
              -40.5152164,
              -9.4269222
            ],
            [
              -40.5151923,
              -9.4268376
            ],
            [
              -40.5150622,
              -9.4259592
            ],
            [
              -40.5149683,
              -9.4250075
            ],
            [
              -40.514959,
              -9.4249549
            ],
            [
              -40.5149559,
              -9.4245107
            ],
            [
              -40.5149613,
              -9.4244522
            ],
            [
              -40.5149638,
              -9.4244292
            ],
            [
              -40.5149673,
              -9.4244132
            ],
            [
              -40.5149787,
              -9.4243791
            ],
            [
              -40.5149985,
              -9.4243484
            ],
            [
              -40.5150511,
              -9.4242987
            ],
            [
              -40.5151346,
              -9.4242299
            ],
            [
              -40.5152325,
              -9.424304
            ],
            [
              -40.5154122,
              -9.4244284
            ],
            [
              -40.5156952,
              -9.424607
            ],
            [
              -40.5162498,
              -9.4249556
            ],
            [
              -40.516632,
              -9.425207
            ],
            [
              -40.5170282,
              -9.4254655
            ],
            [
              -40.5174051,
              -9.4256971
            ],
            [
              -40.5176465,
              -9.4258519
            ],
            [
              -40.5186977,
              -9.4265088
            ],
            [
              -40.518785,
              -9.4265793
            ],
            [
              -40.5188402,
              -9.4266154
            ],
            [
              -40.519638,
              -9.4270585
            ],
            [
              -40.5199384,
              -9.4271701
            ],
            [
              -40.5200443,
              -9.4272395
            ],
            [
              -40.5200959,
              -9.4272682
            ]
          ]
        ]
      },
      "id": "relation/11330835"
    },
    {
      "type": "Feature",
      "properties": {
        "@id": "relation/11331011",
        "admin_level": "10",
        "boundary": "administrative",
        "name": "Bairro Quide",
        "type": "boundary"
      },
      "geometry": {
        "type": "Polygon",
        "coordinates": [
          [
            [
              -40.5237284,
              -9.4346041
            ],
            [
              -40.5237378,
              -9.4345572
            ],
            [
              -40.5237573,
              -9.4345122
            ],
            [
              -40.5237861,
              -9.4344731
            ],
            [
              -40.5236549,
              -9.4343608
            ],
            [
              -40.523479,
              -9.4341179
            ],
            [
              -40.5229902,
              -9.4332313
            ],
            [
              -40.522796,
              -9.4329308
            ],
            [
              -40.5227048,
              -9.4327771
            ],
            [
              -40.5222565,
              -9.4319066
            ],
            [
              -40.5220225,
              -9.4313728
            ],
            [
              -40.5218858,
              -9.4310672
            ],
            [
              -40.5217245,
              -9.4307704
            ],
            [
              -40.5215693,
              -9.4304136
            ],
            [
              -40.5214185,
              -9.4300884
            ],
            [
              -40.5212339,
              -9.4296356
            ],
            [
              -40.5210528,
              -9.4291924
            ],
            [
              -40.5208347,
              -9.4287586
            ],
            [
              -40.5207196,
              -9.4285296
            ],
            [
              -40.5206231,
              -9.4283376
            ],
            [
              -40.5203956,
              -9.4278983
            ],
            [
              -40.5200959,
              -9.4272682
            ],
            [
              -40.5200725,
              -9.4272032
            ],
            [
              -40.5199177,
              -9.4267441
            ],
            [
              -40.5198465,
              -9.4262996
            ],
            [
              -40.5198367,
              -9.426205
            ],
            [
              -40.5198345,
              -9.4261827
            ],
            [
              -40.51985,
              -9.4253333
            ],
            [
              -40.5198675,
              -9.4249668
            ],
            [
              -40.5203848,
              -9.4258771
            ],
            [
              -40.5204621,
              -9.4260051
            ],
            [
              -40.5207917,
              -9.4259123
            ],
            [
              -40.5212523,
              -9.4258255
            ],
            [
              -40.5214382,
              -9.4250513
            ],
            [
              -40.5221567,
              -9.4251957
            ],
            [
              -40.5222894,
              -9.4251904
            ],
            [
              -40.5224933,
              -9.425205
            ],
            [
              -40.5226864,
              -9.4252288
            ],
            [
              -40.5228379,
              -9.4252764
            ],
            [
              -40.5229743,
              -9.4253321
            ],
            [
              -40.523597,
              -9.4254696
            ],
            [
              -40.5236641,
              -9.4254961
            ],
            [
              -40.5238632,
              -9.4255556
            ],
            [
              -40.5239343,
              -9.4255701
            ],
            [
              -40.5239906,
              -9.4255794
            ],
            [
              -40.5240764,
              -9.4255887
            ],
            [
              -40.5242515,
              -9.4256045
            ],
            [
              -40.524352,
              -9.4256118
            ],
            [
              -40.5244385,
              -9.4256237
            ],
            [
              -40.5247708,
              -9.4256806
            ],
            [
              -40.5250248,
              -9.4257362
            ],
            [
              -40.5251594,
              -9.4257638
            ],
            [
              -40.5256644,
              -9.4258426
            ],
            [
              -40.5258833,
              -9.4258861
            ],
            [
              -40.5257785,
              -9.426333
            ],
            [
              -40.5256969,
              -9.4267877
            ],
            [
              -40.5256462,
              -9.4271708
            ],
            [
              -40.525637,
              -9.4272407
            ],
            [
              -40.5255509,
              -9.4276904
            ],
            [
              -40.5254461,
              -9.4282226
            ],
            [
              -40.525378,
              -9.4286685
            ],
            [
              -40.5253023,
              -9.4290995
            ],
            [
              -40.5251748,
              -9.4297413
            ],
            [
              -40.5251409,
              -9.4299133
            ],
            [
              -40.5250707,
              -9.4302894
            ],
            [
              -40.5250335,
              -9.4304335
            ],
            [
              -40.5249785,
              -9.4307155
            ],
            [
              -40.5249513,
              -9.4308747
            ],
            [
              -40.5248714,
              -9.4312402
            ],
            [
              -40.524824,
              -9.4315254
            ],
            [
              -40.5248044,
              -9.4316922
            ],
            [
              -40.5247118,
              -9.4322315
            ],
            [
              -40.5246223,
              -9.4322924
            ],
            [
              -40.5246991,
              -9.4324276
            ],
            [
              -40.524947,
              -9.4329108
            ],
            [
              -40.5251114,
              -9.4332385
            ],
            [
              -40.5254705,
              -9.4339095
            ],
            [
              -40.5255243,
              -9.4340036
            ],
            [
              -40.5257437,
              -9.4345372
            ],
            [
              -40.5260941,
              -9.4345307
            ],
            [
              -40.5259788,
              -9.4351975
            ],
            [
              -40.5258686,
              -9.4356975
            ],
            [
              -40.5260196,
              -9.4359706
            ],
            [
              -40.5261234,
              -9.4361997
            ],
            [
              -40.5262095,
              -9.4364728
            ],
            [
              -40.5262443,
              -9.4366144
            ],
            [
              -40.526308,
              -9.4368661
            ],
            [
              -40.5259807,
              -9.4364099
            ],
            [
              -40.5258308,
              -9.4362353
            ],
            [
              -40.5255895,
              -9.435962
            ],
            [
              -40.5254655,
              -9.4358429
            ],
            [
              -40.525397,
              -9.4357741
            ],
            [
              -40.5253192,
              -9.4356959
            ],
            [
              -40.5249966,
              -9.4354131
            ],
            [
              -40.5247128,
              -9.4351918
            ],
            [
              -40.5244968,
              -9.4350327
            ],
            [
              -40.5242863,
              -9.4348958
            ],
            [
              -40.5240768,
              -9.4347785
            ],
            [
              -40.5237284,
              -9.4346041
            ]
          ]
        ]
      },
      "id": "relation/11331011"
    },
    {
      "type": "Feature",
      "properties": {
        "@id": "relation/11331060",
        "admin_level": "10",
        "boundary": "administrative",
        "name": "Bairro Palmares",
        "type": "boundary"
      },
      "geometry": {
        "type": "Polygon",
        "coordinates": [
          [
            [
              -40.5202446,
              -9.4212805
            ],
            [
              -40.5202464,
              -9.4212029
            ],
            [
              -40.5202483,
              -9.4211195
            ],
            [
              -40.5202617,
              -9.4209687
            ],
            [
              -40.5202845,
              -9.4207716
            ],
            [
              -40.520369,
              -9.4202741
            ],
            [
              -40.5204389,
              -9.4199223
            ],
            [
              -40.5206569,
              -9.4187921
            ],
            [
              -40.5207901,
              -9.418146
            ],
            [
              -40.5210306,
              -9.4170064
            ],
            [
              -40.5211473,
              -9.4163921
            ],
            [
              -40.5212764,
              -9.4158066
            ],
            [
              -40.5212906,
              -9.4157265
            ],
            [
              -40.521403,
              -9.4152665
            ],
            [
              -40.5215384,
              -9.4146962
            ],
            [
              -40.5215875,
              -9.4147108
            ],
            [
              -40.5213574,
              -9.4156356
            ],
            [
              -40.5227816,
              -9.4158314
            ],
            [
              -40.5229989,
              -9.4152757
            ],
            [
              -40.5246319,
              -9.41603
            ],
            [
              -40.5249598,
              -9.4150986
            ],
            [
              -40.5263502,
              -9.4155983
            ],
            [
              -40.5289941,
              -9.4177225
            ],
            [
              -40.5304451,
              -9.4186195
            ],
            [
              -40.5321747,
              -9.4201471
            ],
            [
              -40.5303803,
              -9.4226953
            ],
            [
              -40.530379,
              -9.422809
            ],
            [
              -40.5309275,
              -9.4233118
            ],
            [
              -40.5291733,
              -9.4249497
            ],
            [
              -40.5289924,
              -9.4249993
            ],
            [
              -40.5288045,
              -9.4247883
            ],
            [
              -40.5285832,
              -9.4245256
            ],
            [
              -40.5283848,
              -9.4242816
            ],
            [
              -40.5283316,
              -9.424219
            ],
            [
              -40.5282363,
              -9.4241022
            ],
            [
              -40.5281391,
              -9.4239827
            ],
            [
              -40.5281143,
              -9.4240381
            ],
            [
              -40.5280128,
              -9.4245108
            ],
            [
              -40.527976,
              -9.4246953
            ],
            [
              -40.5279426,
              -9.4248754
            ],
            [
              -40.5278715,
              -9.425303
            ],
            [
              -40.5277933,
              -9.425759
            ],
            [
              -40.5276956,
              -9.4262236
            ],
            [
              -40.5276203,
              -9.4266881
            ],
            [
              -40.5275506,
              -9.4270929
            ],
            [
              -40.5275264,
              -9.4272331
            ],
            [
              -40.5274594,
              -9.4275533
            ],
            [
              -40.5273924,
              -9.4279926
            ],
            [
              -40.5272917,
              -9.4285456
            ],
            [
              -40.5272475,
              -9.4288154
            ],
            [
              -40.527218,
              -9.4290007
            ],
            [
              -40.5271342,
              -9.4294359
            ],
            [
              -40.5271251,
              -9.4294802
            ],
            [
              -40.5270477,
              -9.430067
            ],
            [
              -40.526935,
              -9.4306068
            ],
            [
              -40.5269095,
              -9.4307893
            ],
            [
              -40.5268626,
              -9.4310513
            ],
            [
              -40.5267674,
              -9.43155
            ],
            [
              -40.5266708,
              -9.4320091
            ],
            [
              -40.5265367,
              -9.4325423
            ],
            [
              -40.5264884,
              -9.4327897
            ],
            [
              -40.526464,
              -9.4329204
            ],
            [
              -40.5262229,
              -9.4339512
            ],
            [
              -40.5261451,
              -9.4342714
            ],
            [
              -40.5260941,
              -9.4345307
            ],
            [
              -40.5257437,
              -9.4345372
            ],
            [
              -40.5255243,
              -9.4340036
            ],
            [
              -40.5254705,
              -9.4339095
            ],
            [
              -40.5251114,
              -9.4332385
            ],
            [
              -40.524947,
              -9.4329108
            ],
            [
              -40.5246991,
              -9.4324276
            ],
            [
              -40.5246223,
              -9.4322924
            ],
            [
              -40.5247118,
              -9.4322315
            ],
            [
              -40.5248044,
              -9.4316922
            ],
            [
              -40.524824,
              -9.4315254
            ],
            [
              -40.5248714,
              -9.4312402
            ],
            [
              -40.5249513,
              -9.4308747
            ],
            [
              -40.5249785,
              -9.4307155
            ],
            [
              -40.5250335,
              -9.4304335
            ],
            [
              -40.5250707,
              -9.4302894
            ],
            [
              -40.5251409,
              -9.4299133
            ],
            [
              -40.5251748,
              -9.4297413
            ],
            [
              -40.5253023,
              -9.4290995
            ],
            [
              -40.525378,
              -9.4286685
            ],
            [
              -40.5254461,
              -9.4282226
            ],
            [
              -40.5255509,
              -9.4276904
            ],
            [
              -40.525637,
              -9.4272407
            ],
            [
              -40.5256462,
              -9.4271708
            ],
            [
              -40.5256969,
              -9.4267877
            ],
            [
              -40.5257785,
              -9.426333
            ],
            [
              -40.5258833,
              -9.4258861
            ],
            [
              -40.5256644,
              -9.4258426
            ],
            [
              -40.5251594,
              -9.4257638
            ],
            [
              -40.5250248,
              -9.4257362
            ],
            [
              -40.5247708,
              -9.4256806
            ],
            [
              -40.5244385,
              -9.4256237
            ],
            [
              -40.524352,
              -9.4256118
            ],
            [
              -40.5242515,
              -9.4256045
            ],
            [
              -40.5240764,
              -9.4255887
            ],
            [
              -40.5239906,
              -9.4255794
            ],
            [
              -40.5239343,
              -9.4255701
            ],
            [
              -40.5238632,
              -9.4255556
            ],
            [
              -40.5236641,
              -9.4254961
            ],
            [
              -40.523597,
              -9.4254696
            ],
            [
              -40.5229743,
              -9.4253321
            ],
            [
              -40.5228379,
              -9.4252764
            ],
            [
              -40.5226864,
              -9.4252288
            ],
            [
              -40.5224933,
              -9.425205
            ],
            [
              -40.5222894,
              -9.4251904
            ],
            [
              -40.5221567,
              -9.4251957
            ],
            [
              -40.5214382,
              -9.4250513
            ],
            [
              -40.521561,
              -9.4244822
            ],
            [
              -40.5216887,
              -9.4239395
            ],
            [
              -40.5217197,
              -9.4238311
            ],
            [
              -40.5218461,
              -9.4233226
            ],
            [
              -40.5219993,
              -9.4226895
            ],
            [
              -40.5220524,
              -9.4224858
            ],
            [
              -40.5221404,
              -9.4221264
            ],
            [
              -40.5222883,
              -9.4215677
            ],
            [
              -40.5218868,
              -9.4214841
            ],
            [
              -40.5214588,
              -9.421392
            ],
            [
              -40.5213331,
              -9.4213736
            ],
            [
              -40.5212152,
              -9.4213603
            ],
            [
              -40.5210794,
              -9.4213514
            ],
            [
              -40.5206641,
              -9.421317
            ],
            [
              -40.5203962,
              -9.4212937
            ],
            [
              -40.5202446,
              -9.4212805
            ]
          ]
        ]
      },
      "id": "relation/11331060"
    },
    {
      "type": "Feature",
      "properties": {
        "@id": "relation/11331897",
        "admin_level": "10",
        "boundary": "administrative",
        "name": "Bairro Pedra do Lord",
        "type": "boundary"
      },
      "geometry": {
        "type": "Polygon",
        "coordinates": [
          [
            [
              -40.537641,
              -9.426692
            ],
            [
              -40.5387427,
              -9.4298927
            ],
            [
              -40.5385731,
              -9.4299744
            ],
            [
              -40.5385409,
              -9.4300008
            ],
            [
              -40.5385262,
              -9.430026
            ],
            [
              -40.5385034,
              -9.4300604
            ],
            [
              -40.5384618,
              -9.4300921
            ],
            [
              -40.5384149,
              -9.4301106
            ],
            [
              -40.5383317,
              -9.4301477
            ],
            [
              -40.5377349,
              -9.430325
            ],
            [
              -40.5370188,
              -9.4305194
            ],
            [
              -40.5361605,
              -9.4307867
            ],
            [
              -40.5352123,
              -9.4310976
            ],
            [
              -40.5344211,
              -9.4313595
            ],
            [
              -40.5338202,
              -9.43155
            ],
            [
              -40.5327554,
              -9.4318768
            ],
            [
              -40.5318341,
              -9.4321811
            ],
            [
              -40.5309717,
              -9.4324431
            ],
            [
              -40.5308152,
              -9.432494
            ],
            [
              -40.5304098,
              -9.4326547
            ],
            [
              -40.5277457,
              -9.4335078
            ],
            [
              -40.5263892,
              -9.4339486
            ],
            [
              -40.5262229,
              -9.4339512
            ],
            [
              -40.526464,
              -9.4329204
            ],
            [
              -40.5264884,
              -9.4327897
            ],
            [
              -40.5265367,
              -9.4325423
            ],
            [
              -40.5266708,
              -9.4320091
            ],
            [
              -40.5267674,
              -9.43155
            ],
            [
              -40.5268626,
              -9.4310513
            ],
            [
              -40.5269095,
              -9.4307893
            ],
            [
              -40.526935,
              -9.4306068
            ],
            [
              -40.5270477,
              -9.430067
            ],
            [
              -40.5271251,
              -9.4294802
            ],
            [
              -40.5271342,
              -9.4294359
            ],
            [
              -40.527218,
              -9.4290007
            ],
            [
              -40.5272475,
              -9.4288154
            ],
            [
              -40.5272917,
              -9.4285456
            ],
            [
              -40.5273924,
              -9.4279926
            ],
            [
              -40.5274594,
              -9.4275533
            ],
            [
              -40.5275264,
              -9.4272331
            ],
            [
              -40.5275506,
              -9.4270929
            ],
            [
              -40.5276203,
              -9.4266881
            ],
            [
              -40.5276956,
              -9.4262236
            ],
            [
              -40.5277933,
              -9.425759
            ],
            [
              -40.5278715,
              -9.425303
            ],
            [
              -40.5279426,
              -9.4248754
            ],
            [
              -40.527976,
              -9.4246953
            ],
            [
              -40.5280128,
              -9.4245108
            ],
            [
              -40.5281143,
              -9.4240381
            ],
            [
              -40.5281391,
              -9.4239827
            ],
            [
              -40.5282363,
              -9.4241022
            ],
            [
              -40.5283316,
              -9.424219
            ],
            [
              -40.5283848,
              -9.4242816
            ],
            [
              -40.5285832,
              -9.4245256
            ],
            [
              -40.5288045,
              -9.4247883
            ],
            [
              -40.5289924,
              -9.4249993
            ],
            [
              -40.5291733,
              -9.4249497
            ],
            [
              -40.5309275,
              -9.4233118
            ],
            [
              -40.530379,
              -9.422809
            ],
            [
              -40.5303803,
              -9.4226953
            ],
            [
              -40.5321747,
              -9.4201471
            ],
            [
              -40.5324081,
              -9.4202054
            ],
            [
              -40.5349973,
              -9.4227835
            ],
            [
              -40.5367244,
              -9.4253392
            ],
            [
              -40.537641,
              -9.426692
            ]
          ]
        ]
      },
      "id": "relation/11331897"
    },
    {
      "type": "Feature",
      "properties": {
        "@id": "relation/11366973",
        "admin_level": "10",
        "boundary": "administrative",
        "name": "Bairro Jardim São Paulo",
        "type": "boundary"
      },
      "geometry": {
        "type": "Polygon",
        "coordinates": [
          [
            [
              -40.5016901,
              -9.434104
            ],
            [
              -40.5017303,
              -9.4343191
            ],
            [
              -40.5016997,
              -9.4345872
            ],
            [
              -40.5016968,
              -9.434757
            ],
            [
              -40.5016871,
              -9.4348268
            ],
            [
              -40.5016402,
              -9.4351646
            ],
            [
              -40.501602,
              -9.4355883
            ],
            [
              -40.5015687,
              -9.4360017
            ],
            [
              -40.5015179,
              -9.4365378
            ],
            [
              -40.5014725,
              -9.4370996
            ],
            [
              -40.5012694,
              -9.4391986
            ],
            [
              -40.5011267,
              -9.4407838
            ],
            [
              -40.5010649,
              -9.4414703
            ],
            [
              -40.5009983,
              -9.4421573
            ],
            [
              -40.5009873,
              -9.442262
            ],
            [
              -40.5009709,
              -9.4423718
            ],
            [
              -40.5009297,
              -9.4425001
            ],
            [
              -40.5008894,
              -9.4426194
            ],
            [
              -40.5008025,
              -9.4427891
            ],
            [
              -40.500796,
              -9.442802
            ],
            [
              -40.5006911,
              -9.4430067
            ],
            [
              -40.5006823,
              -9.443024
            ],
            [
              -40.5005812,
              -9.4432112
            ],
            [
              -40.5003841,
              -9.4430505
            ],
            [
              -40.5001427,
              -9.4428944
            ],
            [
              -40.499794,
              -9.4427304
            ],
            [
              -40.4995365,
              -9.4427462
            ],
            [
              -40.4991184,
              -9.4424094
            ],
            [
              -40.4991425,
              -9.4423538
            ],
            [
              -40.4989938,
              -9.4422944
            ],
            [
              -40.4991106,
              -9.4419069
            ],
            [
              -40.4990646,
              -9.4413622
            ],
            [
              -40.4983163,
              -9.4410451
            ],
            [
              -40.4980939,
              -9.4415314
            ],
            [
              -40.4980252,
              -9.4416691
            ],
            [
              -40.4977027,
              -9.4423153
            ],
            [
              -40.4975541,
              -9.442238
            ],
            [
              -40.4974927,
              -9.4421966
            ],
            [
              -40.4978151,
              -9.4415644
            ],
            [
              -40.5015641,
              -9.4340469
            ],
            [
              -40.5016901,
              -9.434104
            ]
          ]
        ]
      },
      "id": "relation/11366973"
    },
    {
      "type": "Feature",
      "properties": {
        "@id": "relation/11366975",
        "admin_level": "10",
        "boundary": "administrative",
        "name": "Bairro Jardim São Paulo",
        "type": "boundary"
      },
      "geometry": {
        "type": "Polygon",
        "coordinates": [
          [
            [
              -40.5014916,
              -9.4339914
            ],
            [
              -40.5015641,
              -9.4340469
            ],
            [
              -40.4978151,
              -9.4415644
            ],
            [
              -40.4972872,
              -9.4410158
            ],
            [
              -40.4971451,
              -9.4408994
            ],
            [
              -40.4969546,
              -9.4407935
            ],
            [
              -40.4967159,
              -9.4406189
            ],
            [
              -40.4960333,
              -9.4398847
            ],
            [
              -40.4959059,
              -9.4397511
            ],
            [
              -40.4960846,
              -9.4395839
            ],
            [
              -40.49637,
              -9.4393168
            ],
            [
              -40.4967478,
              -9.4389298
            ],
            [
              -40.4969546,
              -9.4387191
            ],
            [
              -40.497474,
              -9.4382033
            ],
            [
              -40.4977972,
              -9.4379006
            ],
            [
              -40.4979104,
              -9.4377892
            ],
            [
              -40.4984967,
              -9.4371915
            ],
            [
              -40.498616,
              -9.4370775
            ],
            [
              -40.4987353,
              -9.4369634
            ],
            [
              -40.498841,
              -9.4368562
            ],
            [
              -40.4989384,
              -9.436758
            ],
            [
              -40.4992103,
              -9.4365063
            ],
            [
              -40.499323,
              -9.436314
            ],
            [
              -40.5000192,
              -9.4355998
            ],
            [
              -40.5003193,
              -9.4352675
            ],
            [
              -40.500787,
              -9.4346717
            ],
            [
              -40.5008754,
              -9.4345773
            ],
            [
              -40.5009566,
              -9.4344812
            ],
            [
              -40.5010814,
              -9.4343114
            ],
            [
              -40.501356,
              -9.4339348
            ],
            [
              -40.5013881,
              -9.4338854
            ],
            [
              -40.5014183,
              -9.4338391
            ],
            [
              -40.5014916,
              -9.4339914
            ]
          ]
        ]
      },
      "id": "relation/11366975"
    },
    {
      "type": "Feature",
      "properties": {
        "@id": "relation/11367047",
        "admin_level": "10",
        "boundary": "administrative",
        "name": "Bairro Usina Aliança",
        "type": "boundary"
      },
      "geometry": {
        "type": "Polygon",
        "coordinates": [
          [
            [
              -40.4908258,
              -9.4490962
            ],
            [
              -40.4907488,
              -9.4490602
            ],
            [
              -40.4907047,
              -9.4490326
            ],
            [
              -40.4906509,
              -9.4489939
            ],
            [
              -40.4905941,
              -9.4489467
            ],
            [
              -40.4905358,
              -9.4488979
            ],
            [
              -40.4904801,
              -9.4488336
            ],
            [
              -40.4904242,
              -9.4487738
            ],
            [
              -40.4903697,
              -9.4487266
            ],
            [
              -40.4903282,
              -9.4486921
            ],
            [
              -40.4903001,
              -9.4486696
            ],
            [
              -40.4902796,
              -9.4486605
            ],
            [
              -40.4902612,
              -9.448595
            ],
            [
              -40.4902773,
              -9.448538
            ],
            [
              -40.4902793,
              -9.4484797
            ],
            [
              -40.4902732,
              -9.4484321
            ],
            [
              -40.4902706,
              -9.4483772
            ],
            [
              -40.4902685,
              -9.4483084
            ],
            [
              -40.4902692,
              -9.4482542
            ],
            [
              -40.4902752,
              -9.4482099
            ],
            [
              -40.4902967,
              -9.4481073
            ],
            [
              -40.4903403,
              -9.447936
            ],
            [
              -40.4905072,
              -9.4475841
            ],
            [
              -40.4905917,
              -9.4473931
            ],
            [
              -40.4907909,
              -9.4469584
            ],
            [
              -40.4909742,
              -9.4465911
            ],
            [
              -40.4910055,
              -9.4465284
            ],
            [
              -40.4912616,
              -9.4459741
            ],
            [
              -40.4915433,
              -9.4453907
            ],
            [
              -40.4916829,
              -9.4450986
            ],
            [
              -40.4918544,
              -9.4447399
            ],
            [
              -40.4919724,
              -9.4444872
            ],
            [
              -40.4920569,
              -9.4443152
            ],
            [
              -40.4921498,
              -9.4441245
            ],
            [
              -40.4927329,
              -9.4433928
            ],
            [
              -40.4927972,
              -9.4433165
            ],
            [
              -40.4928331,
              -9.4432238
            ],
            [
              -40.4928817,
              -9.4431194
            ],
            [
              -40.4930497,
              -9.4427765
            ],
            [
              -40.4931795,
              -9.4425668
            ],
            [
              -40.4934101,
              -9.4422858
            ],
            [
              -40.4937601,
              -9.4419101
            ],
            [
              -40.4942996,
              -9.4413549
            ],
            [
              -40.4944105,
              -9.4412407
            ],
            [
              -40.4945619,
              -9.4411003
            ],
            [
              -40.4949914,
              -9.4406701
            ],
            [
              -40.4951561,
              -9.4405112
            ],
            [
              -40.4958474,
              -9.4398191
            ],
            [
              -40.4959059,
              -9.4397511
            ],
            [
              -40.4960333,
              -9.4398847
            ],
            [
              -40.4967159,
              -9.4406189
            ],
            [
              -40.4969546,
              -9.4407935
            ],
            [
              -40.4971451,
              -9.4408994
            ],
            [
              -40.4972872,
              -9.4410158
            ],
            [
              -40.4978151,
              -9.4415644
            ],
            [
              -40.4974927,
              -9.4421966
            ],
            [
              -40.4972112,
              -9.4427985
            ],
            [
              -40.4968768,
              -9.4435294
            ],
            [
              -40.4967508,
              -9.4437754
            ],
            [
              -40.4966166,
              -9.4439898
            ],
            [
              -40.4963967,
              -9.4444025
            ],
            [
              -40.4960789,
              -9.445101
            ],
            [
              -40.4957704,
              -9.4457068
            ],
            [
              -40.4955394,
              -9.4461517
            ],
            [
              -40.4949993,
              -9.4472177
            ],
            [
              -40.494951,
              -9.4473844
            ],
            [
              -40.4945736,
              -9.4482484
            ],
            [
              -40.4944535,
              -9.4485234
            ],
            [
              -40.4943918,
              -9.448665
            ],
            [
              -40.4943448,
              -9.4487615
            ],
            [
              -40.4942454,
              -9.4489777
            ],
            [
              -40.4942134,
              -9.4490473
            ],
            [
              -40.494082,
              -9.4493251
            ],
            [
              -40.4940223,
              -9.4494451
            ],
            [
              -40.493972,
              -9.449546
            ],
            [
              -40.4938687,
              -9.4498079
            ],
            [
              -40.4937387,
              -9.4500884
            ],
            [
              -40.4936276,
              -9.4503458
            ],
            [
              -40.4935133,
              -9.450301
            ],
            [
              -40.4933989,
              -9.4502534
            ],
            [
              -40.4930954,
              -9.4501344
            ],
            [
              -40.4925642,
              -9.4499127
            ],
            [
              -40.4920028,
              -9.4496595
            ],
            [
              -40.4916264,
              -9.4494694
            ],
            [
              -40.4913486,
              -9.4493432
            ],
            [
              -40.4908258,
              -9.4490962
            ]
          ]
        ]
      },
      "id": "relation/11367047"
    },
    {
      "type": "Feature",
      "properties": {
        "@id": "relation/11367067",
        "admin_level": "10",
        "boundary": "administrative",
        "name": "Bairro Centenario",
        "type": "boundary"
      },
      "geometry": {
        "type": "Polygon",
        "coordinates": [
          [
            [
              -40.4934145,
              -9.4220133
            ],
            [
              -40.4933618,
              -9.4220946
            ],
            [
              -40.4932218,
              -9.4221991
            ],
            [
              -40.4931834,
              -9.4220675
            ],
            [
              -40.493154,
              -9.4219676
            ],
            [
              -40.4930648,
              -9.4217687
            ],
            [
              -40.4929842,
              -9.4216202
            ],
            [
              -40.4928307,
              -9.4213544
            ],
            [
              -40.4926571,
              -9.4210613
            ],
            [
              -40.4924783,
              -9.4207172
            ],
            [
              -40.491821,
              -9.4195854
            ],
            [
              -40.4916842,
              -9.4193306
            ],
            [
              -40.4916672,
              -9.419299
            ],
            [
              -40.4926158,
              -9.4189728
            ],
            [
              -40.4927343,
              -9.4189258
            ],
            [
              -40.4944484,
              -9.4183493
            ],
            [
              -40.4942053,
              -9.4178823
            ],
            [
              -40.4941886,
              -9.4178511
            ],
            [
              -40.4970311,
              -9.4176909
            ],
            [
              -40.4970069,
              -9.4178252
            ],
            [
              -40.4969835,
              -9.4179694
            ],
            [
              -40.4969734,
              -9.4180442
            ],
            [
              -40.4969382,
              -9.4182966
            ],
            [
              -40.4969067,
              -9.418575
            ],
            [
              -40.4969023,
              -9.4186802
            ],
            [
              -40.4968997,
              -9.4187408
            ],
            [
              -40.4968439,
              -9.4192798
            ],
            [
              -40.4958771,
              -9.4195187
            ],
            [
              -40.4945581,
              -9.4198614
            ],
            [
              -40.4944608,
              -9.4198203
            ],
            [
              -40.4942496,
              -9.4197488
            ],
            [
              -40.4941873,
              -9.4197515
            ],
            [
              -40.4941537,
              -9.4197833
            ],
            [
              -40.4941222,
              -9.4198408
            ],
            [
              -40.4941101,
              -9.4198931
            ],
            [
              -40.4941034,
              -9.4199493
            ],
            [
              -40.4941034,
              -9.4199705
            ],
            [
              -40.4941242,
              -9.4200187
            ],
            [
              -40.4941378,
              -9.4200643
            ],
            [
              -40.4941383,
              -9.4201154
            ],
            [
              -40.4941215,
              -9.4201749
            ],
            [
              -40.4939975,
              -9.4205626
            ],
            [
              -40.493657,
              -9.4215758
            ],
            [
              -40.4936159,
              -9.4216706
            ],
            [
              -40.4935741,
              -9.4217464
            ],
            [
              -40.4934417,
              -9.4219677
            ],
            [
              -40.4934145,
              -9.4220133
            ]
          ]
        ]
      },
      "id": "relation/11367067"
    },
    {
      "type": "Feature",
      "properties": {
        "@id": "relation/11367089",
        "admin_level": "10",
        "boundary": "administrative",
        "name": "Bairro Parque Centanrio",
        "type": "boundary"
      },
      "geometry": {
        "type": "Polygon",
        "coordinates": [
          [
            [
              -40.4857919,
              -9.4257647
            ],
            [
              -40.4858074,
              -9.4256846
            ],
            [
              -40.4857638,
              -9.4256674
            ],
            [
              -40.4857329,
              -9.4256449
            ],
            [
              -40.4857182,
              -9.4256217
            ],
            [
              -40.4856927,
              -9.4255708
            ],
            [
              -40.4856826,
              -9.425508
            ],
            [
              -40.4856786,
              -9.4254299
            ],
            [
              -40.4856699,
              -9.4252751
            ],
            [
              -40.4856551,
              -9.4250866
            ],
            [
              -40.4856384,
              -9.4249123
            ],
            [
              -40.4906215,
              -9.423702
            ],
            [
              -40.4906574,
              -9.4238332
            ],
            [
              -40.4906815,
              -9.4239566
            ],
            [
              -40.4907589,
              -9.4242589
            ],
            [
              -40.490811,
              -9.4244624
            ],
            [
              -40.4908302,
              -9.424537
            ],
            [
              -40.4908717,
              -9.4246982
            ],
            [
              -40.4909456,
              -9.4249306
            ],
            [
              -40.4909912,
              -9.4251272
            ],
            [
              -40.491105,
              -9.4255958
            ],
            [
              -40.4911416,
              -9.4257148
            ],
            [
              -40.491215,
              -9.4259831
            ],
            [
              -40.4912775,
              -9.4262173
            ],
            [
              -40.4913891,
              -9.4266322
            ],
            [
              -40.4914361,
              -9.4268238
            ],
            [
              -40.4915087,
              -9.4271159
            ],
            [
              -40.4915669,
              -9.4274222
            ],
            [
              -40.4916146,
              -9.4276732
            ]
          ]
        ]
      },
      "id": "relation/11367089"
    },
    {
      "type": "Feature",
      "properties": {
        "@id": "relation/11367099",
        "admin_level": "10",
        "boundary": "administrative",
        "name": "Bairro Parque Residencial",
        "type": "boundary"
      },
      "geometry": {
        "type": "Polygon",
        "coordinates": [
          [
            [
              -40.4931529,
              -9.4737165
            ],
            [
              -40.4931868,
              -9.4736915
            ],
            [
              -40.4932243,
              -9.4736836
            ],
            [
              -40.4932602,
              -9.4736852
            ],
            [
              -40.4932884,
              -9.4736902
            ],
            [
              -40.4933155,
              -9.4737014
            ],
            [
              -40.4940223,
              -9.4741552
            ],
            [
              -40.4943991,
              -9.4743946
            ],
            [
              -40.494439,
              -9.4743572
            ],
            [
              -40.4944696,
              -9.4743377
            ],
            [
              -40.4945138,
              -9.4743222
            ],
            [
              -40.494541,
              -9.4743218
            ],
            [
              -40.4945896,
              -9.4743331
            ],
            [
              -40.4953554,
              -9.4745348
            ],
            [
              -40.4959032,
              -9.4746777
            ],
            [
              -40.4958113,
              -9.4749098
            ],
            [
              -40.4956806,
              -9.47556
            ],
            [
              -40.4954204,
              -9.4769066
            ],
            [
              -40.49535,
              -9.4773279
            ],
            [
              -40.4949837,
              -9.4772699
            ],
            [
              -40.49489,
              -9.4777618
            ],
            [
              -40.4949939,
              -9.4777638
            ],
            [
              -40.4952182,
              -9.4777892
            ],
            [
              -40.4954942,
              -9.4778352
            ],
            [
              -40.4954177,
              -9.4784106
            ],
            [
              -40.495393,
              -9.4786096
            ],
            [
              -40.4951004,
              -9.4808846
            ],
            [
              -40.4950253,
              -9.480856
            ],
            [
              -40.4949,
              -9.4808181
            ],
            [
              -40.494721,
              -9.4807513
            ],
            [
              -40.4945272,
              -9.4806769
            ],
            [
              -40.4943006,
              -9.4805827
            ],
            [
              -40.4940122,
              -9.4803948
            ],
            [
              -40.4938896,
              -9.4803095
            ],
            [
              -40.4937745,
              -9.4802295
            ],
            [
              -40.4937115,
              -9.4801858
            ],
            [
              -40.4936716,
              -9.4801653
            ],
            [
              -40.4935884,
              -9.4801355
            ],
            [
              -40.4934939,
              -9.4801097
            ],
            [
              -40.4933886,
              -9.4800806
            ],
            [
              -40.4932391,
              -9.4800588
            ],
            [
              -40.493111,
              -9.4800284
            ],
            [
              -40.4929514,
              -9.4799728
            ],
            [
              -40.4926577,
              -9.4798948
            ],
            [
              -40.4921508,
              -9.4797612
            ],
            [
              -40.4918262,
              -9.4796633
            ],
            [
              -40.4915889,
              -9.4795853
            ],
            [
              -40.4914561,
              -9.4795383
            ],
            [
              -40.4912764,
              -9.4794808
            ],
            [
              -40.4911778,
              -9.4794411
            ],
            [
              -40.4909297,
              -9.4793425
            ],
            [
              -40.4907507,
              -9.4792718
            ],
            [
              -40.4905589,
              -9.4792175
            ],
            [
              -40.4903859,
              -9.4791851
            ],
            [
              -40.490172,
              -9.4791448
            ],
            [
              -40.4897127,
              -9.4790376
            ],
            [
              -40.4890126,
              -9.4788835
            ],
            [
              -40.4884748,
              -9.4787493
            ],
            [
              -40.4881221,
              -9.4786368
            ],
            [
              -40.4876272,
              -9.4784992
            ],
            [
              -40.4869339,
              -9.4783048
            ],
            [
              -40.4863438,
              -9.4781196
            ],
            [
              -40.4861507,
              -9.478068
            ],
            [
              -40.4859821,
              -9.4780381
            ],
            [
              -40.4858033,
              -9.4780217
            ],
            [
              -40.4856481,
              -9.4780237
            ],
            [
              -40.4854835,
              -9.4780283
            ],
            [
              -40.4853527,
              -9.4780409
            ],
            [
              -40.4849128,
              -9.4780733
            ],
            [
              -40.4848337,
              -9.4780779
            ],
            [
              -40.484713,
              -9.4780852
            ],
            [
              -40.4846245,
              -9.4780826
            ],
            [
              -40.484533,
              -9.4780746
            ],
            [
              -40.484429,
              -9.4780409
            ],
            [
              -40.4843442,
              -9.4780052
            ],
            [
              -40.4842906,
              -9.4779794
            ],
            [
              -40.4842892,
              -9.4776037
            ],
            [
              -40.4843026,
              -9.4773352
            ],
            [
              -40.4843348,
              -9.4770428
            ],
            [
              -40.4843824,
              -9.4767776
            ],
            [
              -40.4844066,
              -9.4764707
            ],
            [
              -40.4844133,
              -9.4763676
            ],
            [
              -40.4844197,
              -9.4762545
            ],
            [
              -40.4844165,
              -9.47621
            ],
            [
              -40.4844096,
              -9.4761834
            ],
            [
              -40.4843937,
              -9.4761437
            ],
            [
              -40.484372,
              -9.4761266
            ],
            [
              -40.4843345,
              -9.4761027
            ],
            [
              -40.4842973,
              -9.4760875
            ],
            [
              -40.484027,
              -9.4760335
            ],
            [
              -40.4836623,
              -9.4759555
            ],
            [
              -40.4833625,
              -9.4759125
            ],
            [
              -40.4830112,
              -9.4758636
            ],
            [
              -40.4826692,
              -9.4757968
            ],
            [
              -40.4822856,
              -9.475728
            ],
            [
              -40.4819919,
              -9.4756777
            ],
            [
              -40.481894,
              -9.4756618
            ],
            [
              -40.4818001,
              -9.4756248
            ],
            [
              -40.4817327,
              -9.475585
            ],
            [
              -40.4816954,
              -9.4755645
            ],
            [
              -40.4816607,
              -9.4755435
            ],
            [
              -40.4815979,
              -9.4755191
            ],
            [
              -40.4816949,
              -9.4753351
            ],
            [
              -40.481894,
              -9.4749039
            ],
            [
              -40.4819631,
              -9.4747412
            ],
            [
              -40.4820456,
              -9.4745917
            ],
            [
              -40.4820938,
              -9.4745361
            ],
            [
              -40.4821542,
              -9.4744958
            ],
            [
              -40.4823285,
              -9.4744144
            ],
            [
              -40.482468,
              -9.4743602
            ],
            [
              -40.4827134,
              -9.47422
            ],
            [
              -40.4827765,
              -9.4742266
            ],
            [
              -40.4828234,
              -9.4742259
            ],
            [
              -40.4829092,
              -9.4742134
            ],
            [
              -40.4829823,
              -9.4741982
            ],
            [
              -40.4830608,
              -9.474173
            ],
            [
              -40.4831272,
              -9.4741446
            ],
            [
              -40.4833303,
              -9.4740639
            ],
            [
              -40.4836482,
              -9.4739263
            ],
            [
              -40.4840016,
              -9.4737788
            ],
            [
              -40.4840767,
              -9.4737491
            ],
            [
              -40.4844432,
              -9.4735859
            ],
            [
              -40.4849732,
              -9.4733522
            ],
            [
              -40.4859911,
              -9.4729144
            ],
            [
              -40.4866482,
              -9.4726088
            ],
            [
              -40.4870747,
              -9.472409
            ],
            [
              -40.4872987,
              -9.4723125
            ],
            [
              -40.4882468,
              -9.4718482
            ],
            [
              -40.4890555,
              -9.4715373
            ],
            [
              -40.4900372,
              -9.4711312
            ],
            [
              -40.4900499,
              -9.4716273
            ],
            [
              -40.4900546,
              -9.4722801
            ],
            [
              -40.4900684,
              -9.4723358
            ],
            [
              -40.4900908,
              -9.4723866
            ],
            [
              -40.4901532,
              -9.4724527
            ],
            [
              -40.4902558,
              -9.4725169
            ],
            [
              -40.4905609,
              -9.4726703
            ],
            [
              -40.4909545,
              -9.472876
            ],
            [
              -40.4913676,
              -9.473122
            ],
            [
              -40.4920851,
              -9.4735586
            ],
            [
              -40.4923023,
              -9.4736842
            ],
            [
              -40.4925598,
              -9.4738297
            ],
            [
              -40.4929487,
              -9.4740665
            ],
            [
              -40.4931392,
              -9.4737385
            ],
            [
              -40.4931529,
              -9.4737165
            ]
          ]
        ]
      },
      "id": "relation/11367099"
    },
    {
      "type": "Feature",
      "properties": {
        "@id": "relation/11367202",
        "admin_level": "10",
        "boundary": "administrative",
        "name": "Bairro Distrito Industrial",
        "type": "boundary"
      },
      "geometry": {
        "type": "Polygon",
        "coordinates": [
          [
            [
              -40.4900472,
              -9.4490086
            ],
            [
              -40.4900812,
              -9.4489981
            ],
            [
              -40.4901338,
              -9.4490102
            ],
            [
              -40.4901747,
              -9.4490142
            ],
            [
              -40.4902377,
              -9.4490096
            ],
            [
              -40.4903155,
              -9.4490122
            ],
            [
              -40.490402,
              -9.4490221
            ],
            [
              -40.4904664,
              -9.4490321
            ],
            [
              -40.4905187,
              -9.449046
            ],
            [
              -40.490574,
              -9.4490684
            ],
            [
              -40.4906182,
              -9.4490932
            ],
            [
              -40.4906775,
              -9.4491189
            ],
            [
              -40.4907264,
              -9.4491403
            ],
            [
              -40.490857,
              -9.449197
            ],
            [
              -40.4909592,
              -9.4492487
            ],
            [
              -40.4911939,
              -9.4493682
            ],
            [
              -40.4915159,
              -9.4495313
            ],
            [
              -40.4915807,
              -9.4495641
            ],
            [
              -40.4916548,
              -9.4496016
            ],
            [
              -40.4918293,
              -9.4496883
            ],
            [
              -40.4919988,
              -9.4497663
            ],
            [
              -40.4923603,
              -9.4499176
            ],
            [
              -40.4931308,
              -9.4502402
            ],
            [
              -40.4932591,
              -9.4502939
            ],
            [
              -40.4934229,
              -9.4503584
            ],
            [
              -40.4936196,
              -9.4504361
            ],
            [
              -40.4937054,
              -9.4504675
            ],
            [
              -40.4937793,
              -9.450493
            ],
            [
              -40.4945119,
              -9.4507451
            ],
            [
              -40.4955827,
              -9.4510648
            ],
            [
              -40.4959266,
              -9.451153
            ],
            [
              -40.4965712,
              -9.4513181
            ],
            [
              -40.4967999,
              -9.4513737
            ],
            [
              -40.496904,
              -9.4513968
            ],
            [
              -40.4971197,
              -9.4514669
            ],
            [
              -40.4977984,
              -9.4516594
            ],
            [
              -40.4979592,
              -9.4516981
            ],
            [
              -40.4980315,
              -9.4517073
            ],
            [
              -40.49814,
              -9.4517141
            ],
            [
              -40.4982328,
              -9.4517239
            ],
            [
              -40.4987489,
              -9.4517374
            ],
            [
              -40.4994656,
              -9.4517946
            ],
            [
              -40.4998528,
              -9.4518255
            ],
            [
              -40.500059,
              -9.451842
            ],
            [
              -40.5015374,
              -9.4519465
            ],
            [
              -40.5021458,
              -9.4519661
            ],
            [
              -40.5028413,
              -9.4519797
            ],
            [
              -40.5044668,
              -9.4519305
            ],
            [
              -40.5053781,
              -9.4518788
            ],
            [
              -40.505944,
              -9.4518555
            ],
            [
              -40.5065573,
              -9.4518333
            ],
            [
              -40.5068527,
              -9.4518321
            ],
            [
              -40.5074498,
              -9.4518481
            ],
            [
              -40.5076175,
              -9.4518555
            ],
            [
              -40.507835,
              -9.4518383
            ],
            [
              -40.5082641,
              -9.4517829
            ],
            [
              -40.5082747,
              -9.451845
            ],
            [
              -40.5083716,
              -9.4524921
            ],
            [
              -40.5084264,
              -9.4530762
            ],
            [
              -40.5084586,
              -9.4533401
            ],
            [
              -40.5085015,
              -9.4536735
            ],
            [
              -40.5085605,
              -9.4543084
            ],
            [
              -40.5085404,
              -9.4552391
            ],
            [
              -40.5083567,
              -9.4562504
            ],
            [
              -40.5083138,
              -9.4565362
            ],
            [
              -40.5082682,
              -9.4568219
            ],
            [
              -40.5083755,
              -9.4572849
            ],
            [
              -40.5085418,
              -9.457777
            ],
            [
              -40.5087242,
              -9.4583221
            ],
            [
              -40.5089146,
              -9.4588605
            ],
            [
              -40.5089696,
              -9.4589941
            ],
            [
              -40.5090259,
              -9.4591647
            ],
            [
              -40.5090742,
              -9.4592573
            ],
            [
              -40.5091546,
              -9.4593367
            ],
            [
              -40.509278,
              -9.4594068
            ],
            [
              -40.5094014,
              -9.4594306
            ],
            [
              -40.5096542,
              -9.4593777
            ],
            [
              -40.5098426,
              -9.4592924
            ],
            [
              -40.5100151,
              -9.4591944
            ],
            [
              -40.5102476,
              -9.4597013
            ],
            [
              -40.5104363,
              -9.4601207
            ],
            [
              -40.5106207,
              -9.4605233
            ],
            [
              -40.5108033,
              -9.4609337
            ],
            [
              -40.5109856,
              -9.4613568
            ],
            [
              -40.5112267,
              -9.4618594
            ],
            [
              -40.5110288,
              -9.4619844
            ],
            [
              -40.5107553,
              -9.4621213
            ],
            [
              -40.5105816,
              -9.4622113
            ],
            [
              -40.5103254,
              -9.4623528
            ],
            [
              -40.5098949,
              -9.4625632
            ],
            [
              -40.5094416,
              -9.4627279
            ],
            [
              -40.5092767,
              -9.4627828
            ],
            [
              -40.5089334,
              -9.462915
            ],
            [
              -40.5086987,
              -9.463042
            ],
            [
              -40.5085471,
              -9.4631247
            ],
            [
              -40.5083594,
              -9.4632107
            ],
            [
              -40.5080509,
              -9.4633489
            ],
            [
              -40.5077046,
              -9.4635022
            ],
            [
              -40.5049121,
              -9.4595292
            ],
            [
              -40.5049329,
              -9.4594994
            ],
            [
              -40.5049469,
              -9.459467
            ],
            [
              -40.504953,
              -9.4594181
            ],
            [
              -40.5049489,
              -9.4592977
            ],
            [
              -40.5049396,
              -9.459211
            ],
            [
              -40.5047773,
              -9.4581064
            ],
            [
              -40.5042087,
              -9.4581713
            ],
            [
              -40.5041979,
              -9.4578128
            ],
            [
              -40.5041778,
              -9.4576302
            ],
            [
              -40.5041362,
              -9.4574357
            ],
            [
              -40.5040611,
              -9.4571659
            ],
            [
              -40.5039807,
              -9.4569066
            ],
            [
              -40.503923,
              -9.4567425
            ],
            [
              -40.5032028,
              -9.4566962
            ],
            [
              -40.5027223,
              -9.4566419
            ],
            [
              -40.5022593,
              -9.456578
            ],
            [
              -40.5024498,
              -9.4554898
            ],
            [
              -40.5024733,
              -9.4553376
            ],
            [
              -40.50248,
              -9.4552675
            ],
            [
              -40.5024766,
              -9.4552321
            ],
            [
              -40.5024629,
              -9.4552024
            ],
            [
              -40.5024391,
              -9.4551835
            ],
            [
              -40.5024092,
              -9.455167
            ],
            [
              -40.5020161,
              -9.455029
            ],
            [
              -40.5018946,
              -9.4549785
            ],
            [
              -40.5018208,
              -9.4549411
            ],
            [
              -40.501766,
              -9.454917
            ],
            [
              -40.501734,
              -9.4549044
            ],
            [
              -40.5017065,
              -9.4548956
            ],
            [
              -40.5016797,
              -9.4548958
            ],
            [
              -40.5016611,
              -9.4549024
            ],
            [
              -40.5016471,
              -9.4549123
            ],
            [
              -40.5016049,
              -9.4550082
            ],
            [
              -40.5013521,
              -9.4556333
            ],
            [
              -40.5010966,
              -9.4555374
            ],
            [
              -40.5010292,
              -9.4555119
            ],
            [
              -40.5009783,
              -9.4554934
            ],
            [
              -40.5009454,
              -9.4554825
            ],
            [
              -40.5009089,
              -9.4554805
            ],
            [
              -40.5008824,
              -9.4554881
            ],
            [
              -40.5008703,
              -9.4554997
            ],
            [
              -40.5008535,
              -9.4555199
            ],
            [
              -40.5008036,
              -9.4556274
            ],
            [
              -40.5006413,
              -9.4559792
            ],
            [
              -40.5004375,
              -9.4563708
            ],
            [
              -40.5001947,
              -9.4568219
            ],
            [
              -40.5001614,
              -9.4568888
            ],
            [
              -40.4998836,
              -9.457447
            ],
            [
              -40.4994632,
              -9.4582936
            ],
            [
              -40.4992908,
              -9.4586918
            ],
            [
              -40.4989064,
              -9.4593997
            ],
            [
              -40.4986781,
              -9.4598469
            ],
            [
              -40.498445,
              -9.460301
            ],
            [
              -40.4977356,
              -9.4599626
            ],
            [
              -40.4965511,
              -9.4595706
            ],
            [
              -40.4964277,
              -9.4598124
            ],
            [
              -40.4961812,
              -9.4602141
            ],
            [
              -40.4959394,
              -9.4606067
            ],
            [
              -40.4957926,
              -9.4608491
            ],
            [
              -40.4957781,
              -9.4608818
            ],
            [
              -40.4957647,
              -9.4609215
            ],
            [
              -40.4955898,
              -9.4613283
            ],
            [
              -40.4953269,
              -9.4612542
            ],
            [
              -40.4948763,
              -9.462085
            ],
            [
              -40.494038,
              -9.4638007
            ],
            [
              -40.4939452,
              -9.4640368
            ],
            [
              -40.4937641,
              -9.4644019
            ],
            [
              -40.4936032,
              -9.4647234
            ],
            [
              -40.4933994,
              -9.4651361
            ],
            [
              -40.4930332,
              -9.4658372
            ],
            [
              -40.492647,
              -9.4665873
            ],
            [
              -40.4923332,
              -9.4664642
            ],
            [
              -40.4919845,
              -9.4663148
            ],
            [
              -40.49144,
              -9.4660423
            ],
            [
              -40.4912482,
              -9.4659351
            ],
            [
              -40.4911893,
              -9.4660429
            ],
            [
              -40.4910658,
              -9.4662691
            ],
            [
              -40.4907466,
              -9.4669021
            ],
            [
              -40.4905991,
              -9.467162
            ],
            [
              -40.4905508,
              -9.4673003
            ],
            [
              -40.4905522,
              -9.4674656
            ],
            [
              -40.4905401,
              -9.4676217
            ],
            [
              -40.4905374,
              -9.4677342
            ],
            [
              -40.490524,
              -9.4678506
            ],
            [
              -40.4904778,
              -9.4679382
            ],
            [
              -40.4904288,
              -9.4679934
            ],
            [
              -40.4903497,
              -9.468209
            ],
            [
              -40.4903188,
              -9.4685636
            ],
            [
              -40.4903021,
              -9.4689697
            ],
            [
              -40.4902665,
              -9.4693639
            ],
            [
              -40.4902384,
              -9.469651
            ],
            [
              -40.4901767,
              -9.4699658
            ],
            [
              -40.4901432,
              -9.4701576
            ],
            [
              -40.4900949,
              -9.4707542
            ],
            [
              -40.4900922,
              -9.4709209
            ],
            [
              -40.4901303,
              -9.4710937
            ],
            [
              -40.4900372,
              -9.4711312
            ],
            [
              -40.4890555,
              -9.4715373
            ],
            [
              -40.4882468,
              -9.4718482
            ],
            [
              -40.4872987,
              -9.4723125
            ],
            [
              -40.4870747,
              -9.472409
            ],
            [
              -40.4866482,
              -9.4726088
            ],
            [
              -40.4859911,
              -9.4729144
            ],
            [
              -40.4849732,
              -9.4733522
            ],
            [
              -40.4844432,
              -9.4735859
            ],
            [
              -40.4840767,
              -9.4737491
            ],
            [
              -40.4840016,
              -9.4737788
            ],
            [
              -40.4836482,
              -9.4739263
            ],
            [
              -40.4833303,
              -9.4740639
            ],
            [
              -40.4831272,
              -9.4741446
            ],
            [
              -40.4830608,
              -9.474173
            ],
            [
              -40.4829823,
              -9.4741982
            ],
            [
              -40.4829092,
              -9.4742134
            ],
            [
              -40.4828234,
              -9.4742259
            ],
            [
              -40.4827765,
              -9.4742266
            ],
            [
              -40.4827134,
              -9.47422
            ],
            [
              -40.4826735,
              -9.4741932
            ],
            [
              -40.4826417,
              -9.4741671
            ],
            [
              -40.4826098,
              -9.4741356
            ],
            [
              -40.4825703,
              -9.4740913
            ],
            [
              -40.4825223,
              -9.473966
            ],
            [
              -40.4824911,
              -9.4738979
            ],
            [
              -40.4824466,
              -9.4738294
            ],
            [
              -40.4824087,
              -9.4737791
            ],
            [
              -40.482356,
              -9.4737251
            ],
            [
              -40.4823118,
              -9.4736837
            ],
            [
              -40.482274,
              -9.4736482
            ],
            [
              -40.4820831,
              -9.4735414
            ],
            [
              -40.4815856,
              -9.4733337
            ],
            [
              -40.4809244,
              -9.473089
            ],
            [
              -40.4800393,
              -9.472745
            ],
            [
              -40.4795806,
              -9.4725651
            ],
            [
              -40.4791997,
              -9.472417
            ],
            [
              -40.4788182,
              -9.472251
            ],
            [
              -40.4788852,
              -9.4720843
            ],
            [
              -40.4790204,
              -9.471807
            ],
            [
              -40.4800084,
              -9.4697806
            ],
            [
              -40.4805437,
              -9.4686104
            ],
            [
              -40.4806976,
              -9.468274
            ],
            [
              -40.4809552,
              -9.4677321
            ],
            [
              -40.4813287,
              -9.4669464
            ],
            [
              -40.4815817,
              -9.4664074
            ],
            [
              -40.4816091,
              -9.4663495
            ],
            [
              -40.4816821,
              -9.4661954
            ],
            [
              -40.4817176,
              -9.466121
            ],
            [
              -40.4819235,
              -9.4656891
            ],
            [
              -40.4822706,
              -9.4649479
            ],
            [
              -40.4825847,
              -9.4642822
            ],
            [
              -40.4834678,
              -9.4624527
            ],
            [
              -40.4839432,
              -9.4614546
            ],
            [
              -40.4841853,
              -9.4611007
            ],
            [
              -40.4843409,
              -9.4608825
            ],
            [
              -40.4844361,
              -9.4607522
            ],
            [
              -40.4845051,
              -9.4606563
            ],
            [
              -40.4845407,
              -9.4606004
            ],
            [
              -40.4845628,
              -9.4605604
            ],
            [
              -40.4845883,
              -9.4605029
            ],
            [
              -40.4846289,
              -9.4604092
            ],
            [
              -40.4847204,
              -9.4602171
            ],
            [
              -40.4848055,
              -9.4600537
            ],
            [
              -40.484994,
              -9.4596562
            ],
            [
              -40.4852709,
              -9.459088
            ],
            [
              -40.4854909,
              -9.4586409
            ],
            [
              -40.4856156,
              -9.4583908
            ],
            [
              -40.4857081,
              -9.4581646
            ],
            [
              -40.4857584,
              -9.4580336
            ],
            [
              -40.4858077,
              -9.4578954
            ],
            [
              -40.4858724,
              -9.4576944
            ],
            [
              -40.4859234,
              -9.4575105
            ],
            [
              -40.4859669,
              -9.45739
            ],
            [
              -40.4860394,
              -9.4572016
            ],
            [
              -40.4860922,
              -9.4570866
            ],
            [
              -40.4861842,
              -9.4568861
            ],
            [
              -40.4863928,
              -9.4564317
            ],
            [
              -40.4865356,
              -9.4561433
            ],
            [
              -40.4867703,
              -9.4556446
            ],
            [
              -40.4871096,
              -9.4549295
            ],
            [
              -40.4874106,
              -9.4542938
            ],
            [
              -40.4877299,
              -9.4536311
            ],
            [
              -40.4878922,
              -9.4532898
            ],
            [
              -40.4880544,
              -9.4529485
            ],
            [
              -40.4882938,
              -9.4524445
            ],
            [
              -40.4883622,
              -9.4522937
            ],
            [
              -40.4885344,
              -9.4519298
            ],
            [
              -40.4886881,
              -9.4516085
            ],
            [
              -40.4887718,
              -9.4514338
            ],
            [
              -40.4888597,
              -9.4512393
            ],
            [
              -40.4889355,
              -9.4510647
            ],
            [
              -40.4889657,
              -9.4509754
            ],
            [
              -40.4890971,
              -9.4506215
            ],
            [
              -40.4892312,
              -9.4503305
            ],
            [
              -40.489431,
              -9.4498992
            ],
            [
              -40.4896966,
              -9.4493535
            ],
            [
              -40.4897482,
              -9.4492715
            ],
            [
              -40.4898032,
              -9.4492159
            ],
            [
              -40.4898682,
              -9.4491591
            ],
            [
              -40.4899534,
              -9.4491002
            ],
            [
              -40.489999,
              -9.4490698
            ],
            [
              -40.4900271,
              -9.4490433
            ],
            [
              -40.4900472,
              -9.4490086
            ]
          ]
        ]
      },
      "id": "relation/11367202"
    },
    {
      "type": "Feature",
      "properties": {
        "@id": "relation/11367237",
        "admin_level": "10",
        "boundary": "administrative",
        "name": "Bairro Jardim Vitoria",
        "type": "boundary"
      },
      "geometry": {
        "type": "Polygon",
        "coordinates": [
          [
            [
              -40.5103455,
              -9.4194916
            ],
            [
              -40.51054,
              -9.4195809
            ],
            [
              -40.5104632,
              -9.4199153
            ],
            [
              -40.5107371,
              -9.4201934
            ],
            [
              -40.510769,
              -9.4202258
            ],
            [
              -40.5111931,
              -9.4206446
            ],
            [
              -40.5116799,
              -9.4201968
            ],
            [
              -40.5120327,
              -9.4198395
            ],
            [
              -40.5121406,
              -9.419735
            ],
            [
              -40.5122861,
              -9.4198713
            ],
            [
              -40.5124883,
              -9.4200849
            ],
            [
              -40.5125279,
              -9.4201405
            ],
            [
              -40.512559,
              -9.4201895
            ],
            [
              -40.512602,
              -9.4202854
            ],
            [
              -40.5126415,
              -9.4204078
            ],
            [
              -40.5127669,
              -9.4208556
            ],
            [
              -40.5129406,
              -9.4214688
            ],
            [
              -40.5129795,
              -9.4216077
            ],
            [
              -40.5130137,
              -9.4216924
            ],
            [
              -40.5130539,
              -9.4217678
            ],
            [
              -40.5130988,
              -9.4218479
            ],
            [
              -40.5131572,
              -9.4219259
            ],
            [
              -40.5132544,
              -9.422043
            ],
            [
              -40.5133731,
              -9.4221879
            ],
            [
              -40.5136044,
              -9.4224558
            ],
            [
              -40.5138056,
              -9.4226979
            ],
            [
              -40.5138845,
              -9.4227967
            ],
            [
              -40.5140094,
              -9.4229532
            ],
            [
              -40.5142227,
              -9.4232139
            ],
            [
              -40.5143246,
              -9.4233303
            ],
            [
              -40.5146277,
              -9.4236902
            ],
            [
              -40.5148704,
              -9.423968
            ],
            [
              -40.5151346,
              -9.4242299
            ],
            [
              -40.5150511,
              -9.4242987
            ],
            [
              -40.5149985,
              -9.4243484
            ],
            [
              -40.5149787,
              -9.4243791
            ],
            [
              -40.5149673,
              -9.4244132
            ],
            [
              -40.5149638,
              -9.4244292
            ],
            [
              -40.5149613,
              -9.4244522
            ],
            [
              -40.5149559,
              -9.4245107
            ],
            [
              -40.514959,
              -9.4249549
            ],
            [
              -40.5149683,
              -9.4250075
            ],
            [
              -40.5150622,
              -9.4259592
            ],
            [
              -40.5151923,
              -9.4268376
            ],
            [
              -40.5152164,
              -9.4269222
            ],
            [
              -40.5152359,
              -9.4270006
            ],
            [
              -40.5152728,
              -9.4270572
            ],
            [
              -40.5153117,
              -9.4271075
            ],
            [
              -40.5153519,
              -9.4271657
            ],
            [
              -40.515366,
              -9.4271987
            ],
            [
              -40.5153713,
              -9.4272252
            ],
            [
              -40.5153197,
              -9.4273059
            ],
            [
              -40.5152969,
              -9.4273284
            ],
            [
              -40.5152862,
              -9.4273588
            ],
            [
              -40.5152801,
              -9.4274151
            ],
            [
              -40.5152889,
              -9.4274858
            ],
            [
              -40.5153519,
              -9.4276737
            ],
            [
              -40.5153839,
              -9.4278049
            ],
            [
              -40.5154014,
              -9.4279299
            ],
            [
              -40.5154069,
              -9.4280415
            ],
            [
              -40.5154109,
              -9.4281645
            ],
            [
              -40.5153868,
              -9.4282611
            ],
            [
              -40.5153532,
              -9.4283749
            ],
            [
              -40.5150837,
              -9.4282148
            ],
            [
              -40.5148691,
              -9.4280534
            ],
            [
              -40.5146465,
              -9.4278322
            ],
            [
              -40.5140109,
              -9.4272106
            ],
            [
              -40.513303,
              -9.4271436
            ],
            [
              -40.5116543,
              -9.4270211
            ],
            [
              -40.5113191,
              -9.4269776
            ],
            [
              -40.5113604,
              -9.4265075
            ],
            [
              -40.5113669,
              -9.4264026
            ],
            [
              -40.5112487,
              -9.4263542
            ],
            [
              -40.5103502,
              -9.4262704
            ],
            [
              -40.510041,
              -9.4262476
            ],
            [
              -40.509999,
              -9.4268811
            ],
            [
              -40.508696,
              -9.4268019
            ],
            [
              -40.5073827,
              -9.4267614
            ],
            [
              -40.5073729,
              -9.4266866
            ],
            [
              -40.5073468,
              -9.426481
            ],
            [
              -40.5072965,
              -9.4262277
            ],
            [
              -40.5071242,
              -9.4254154
            ],
            [
              -40.5070484,
              -9.4250925
            ],
            [
              -40.5069941,
              -9.4248365
            ],
            [
              -40.5069317,
              -9.4245653
            ],
            [
              -40.5068875,
              -9.4242868
            ],
            [
              -40.5068882,
              -9.424183
            ],
            [
              -40.5068982,
              -9.4241115
            ],
            [
              -40.506922,
              -9.4240269
            ],
            [
              -40.5069432,
              -9.4239514
            ],
            [
              -40.5071131,
              -9.4235252
            ],
            [
              -40.5071349,
              -9.4234705
            ],
            [
              -40.5072263,
              -9.4232602
            ],
            [
              -40.5073267,
              -9.4230207
            ],
            [
              -40.5074944,
              -9.4225616
            ],
            [
              -40.5075754,
              -9.4223157
            ],
            [
              -40.5076298,
              -9.4220979
            ],
            [
              -40.5076515,
              -9.4218172
            ],
            [
              -40.5076727,
              -9.4214596
            ],
            [
              -40.507685,
              -9.4211372
            ],
            [
              -40.5076874,
              -9.4210964
            ],
            [
              -40.5077112,
              -9.4206476
            ],
            [
              -40.5077199,
              -9.4203568
            ],
            [
              -40.5077264,
              -9.4199811
            ],
            [
              -40.5077212,
              -9.4198022
            ],
            [
              -40.507696,
              -9.4195275
            ],
            [
              -40.5075911,
              -9.4190867
            ],
            [
              -40.5075675,
              -9.4188939
            ],
            [
              -40.5091292,
              -9.4192488
            ],
            [
              -40.5097877,
              -9.4193851
            ],
            [
              -40.5103455,
              -9.4194916
            ]
          ]
        ]
      },
      "id": "relation/11367237"
    },
    {
      "type": "Feature",
      "properties": {
        "@id": "relation/11367306",
        "admin_level": "10",
        "boundary": "administrative",
        "name": "Bairro Alto da Aliança",
        "type": "boundary"
      },
      "geometry": {
        "type": "Polygon",
        "coordinates": [
          [
            [
              -40.4991184,
              -9.4424094
            ],
            [
              -40.4995365,
              -9.4427462
            ],
            [
              -40.499794,
              -9.4427304
            ],
            [
              -40.5001427,
              -9.4428944
            ],
            [
              -40.5003841,
              -9.4430505
            ],
            [
              -40.5005812,
              -9.4432112
            ],
            [
              -40.5012488,
              -9.4436431
            ],
            [
              -40.5012428,
              -9.4436751
            ],
            [
              -40.5011861,
              -9.4439778
            ],
            [
              -40.5011192,
              -9.4446049
            ],
            [
              -40.5010258,
              -9.4453736
            ],
            [
              -40.5009047,
              -9.44586
            ],
            [
              -40.5008003,
              -9.4462417
            ],
            [
              -40.5007456,
              -9.4464416
            ],
            [
              -40.5007044,
              -9.4466573
            ],
            [
              -40.5006427,
              -9.4471621
            ],
            [
              -40.5006001,
              -9.4475989
            ],
            [
              -40.5005895,
              -9.447651
            ],
            [
              -40.5005362,
              -9.4481183
            ],
            [
              -40.5005298,
              -9.448181
            ],
            [
              -40.5005292,
              -9.4482392
            ],
            [
              -40.500507,
              -9.448701
            ],
            [
              -40.5004606,
              -9.449078
            ],
            [
              -40.5004363,
              -9.449342
            ],
            [
              -40.5004121,
              -9.4495153
            ],
            [
              -40.5003946,
              -9.4497651
            ],
            [
              -40.5003829,
              -9.4498413
            ],
            [
              -40.500362,
              -9.4500525
            ],
            [
              -40.5003191,
              -9.4502741
            ],
            [
              -40.5003153,
              -9.4503308
            ],
            [
              -40.5002338,
              -9.4508118
            ],
            [
              -40.500149,
              -9.4512481
            ],
            [
              -40.5000645,
              -9.4516023
            ],
            [
              -40.5000479,
              -9.4516582
            ],
            [
              -40.5000207,
              -9.4517487
            ],
            [
              -40.4998353,
              -9.4517313
            ],
            [
              -40.4994791,
              -9.4516841
            ],
            [
              -40.4991446,
              -9.4516417
            ],
            [
              -40.4986129,
              -9.4515508
            ],
            [
              -40.4981664,
              -9.4514774
            ],
            [
              -40.4980133,
              -9.4514483
            ],
            [
              -40.4978651,
              -9.4514294
            ],
            [
              -40.4974991,
              -9.4513826
            ],
            [
              -40.497157,
              -9.4513226
            ],
            [
              -40.4968058,
              -9.4512611
            ],
            [
              -40.4966354,
              -9.4512181
            ],
            [
              -40.4966825,
              -9.4511877
            ],
            [
              -40.4967156,
              -9.4511683
            ],
            [
              -40.4967404,
              -9.4511478
            ],
            [
              -40.4967877,
              -9.4510975
            ],
            [
              -40.4969276,
              -9.4508182
            ],
            [
              -40.4969855,
              -9.4507028
            ],
            [
              -40.4971456,
              -9.4503879
            ],
            [
              -40.4973385,
              -9.4499695
            ],
            [
              -40.4975415,
              -9.449564
            ],
            [
              -40.4977631,
              -9.4491396
            ],
            [
              -40.4979625,
              -9.4487137
            ],
            [
              -40.4981676,
              -9.4482865
            ],
            [
              -40.4974096,
              -9.4479234
            ],
            [
              -40.4964905,
              -9.4474966
            ],
            [
              -40.4954585,
              -9.446972
            ],
            [
              -40.4957197,
              -9.4463831
            ],
            [
              -40.496238,
              -9.4451826
            ],
            [
              -40.4966459,
              -9.4444825
            ],
            [
              -40.4969089,
              -9.4439823
            ],
            [
              -40.497125,
              -9.4435317
            ],
            [
              -40.4974108,
              -9.4429154
            ],
            [
              -40.4977027,
              -9.4423153
            ],
            [
              -40.4980252,
              -9.4416691
            ],
            [
              -40.4980939,
              -9.4415314
            ],
            [
              -40.4983163,
              -9.4410451
            ],
            [
              -40.4990646,
              -9.4413622
            ],
            [
              -40.4991106,
              -9.4419069
            ],
            [
              -40.4989938,
              -9.4422944
            ],
            [
              -40.4991425,
              -9.4423538
            ],
            [
              -40.4991184,
              -9.4424094
            ]
          ]
        ]
      },
      "id": "relation/11367306"
    },
    {
      "type": "Feature",
      "properties": {
        "@id": "relation/11367342",
        "admin_level": "10",
        "boundary": "administrative",
        "name": "Bairro Malhada da Areia",
        "type": "boundary"
      },
      "geometry": {
        "type": "Polygon",
        "coordinates": [
          [
            [
              -40.500796,
              -9.442802
            ],
            [
              -40.5008025,
              -9.4427891
            ],
            [
              -40.5008894,
              -9.4426194
            ],
            [
              -40.5009297,
              -9.4425001
            ],
            [
              -40.5009709,
              -9.4423718
            ],
            [
              -40.5009873,
              -9.442262
            ],
            [
              -40.5009983,
              -9.4421573
            ],
            [
              -40.5010649,
              -9.4414703
            ],
            [
              -40.5011267,
              -9.4407838
            ],
            [
              -40.5012694,
              -9.4391986
            ],
            [
              -40.5014725,
              -9.4370996
            ],
            [
              -40.5015179,
              -9.4365378
            ],
            [
              -40.5015687,
              -9.4360017
            ],
            [
              -40.501602,
              -9.4355883
            ],
            [
              -40.5016402,
              -9.4351646
            ],
            [
              -40.5027101,
              -9.4356938
            ],
            [
              -40.5031308,
              -9.4359028
            ],
            [
              -40.503742,
              -9.4361553
            ],
            [
              -40.5047759,
              -9.4362413
            ],
            [
              -40.5047524,
              -9.4364663
            ],
            [
              -40.5051655,
              -9.436312
            ],
            [
              -40.5052985,
              -9.4367708
            ],
            [
              -40.5054275,
              -9.4371738
            ],
            [
              -40.5054334,
              -9.4371978
            ],
            [
              -40.5055174,
              -9.4374624
            ],
            [
              -40.505711,
              -9.4380125
            ],
            [
              -40.5058422,
              -9.4384321
            ],
            [
              -40.5059241,
              -9.4386621
            ],
            [
              -40.5059594,
              -9.4388145
            ],
            [
              -40.506066,
              -9.4391458
            ],
            [
              -40.5063945,
              -9.4400971
            ],
            [
              -40.5065115,
              -9.4403722
            ],
            [
              -40.5065574,
              -9.4404997
            ],
            [
              -40.5066423,
              -9.44069
            ],
            [
              -40.5068489,
              -9.4412844
            ],
            [
              -40.506908,
              -9.441441
            ],
            [
              -40.5070745,
              -9.4418711
            ],
            [
              -40.5072074,
              -9.4423027
            ],
            [
              -40.5073616,
              -9.4427322
            ],
            [
              -40.5075132,
              -9.443163
            ],
            [
              -40.5076807,
              -9.4436371
            ],
            [
              -40.5079918,
              -9.4445674
            ],
            [
              -40.5081287,
              -9.4448346
            ],
            [
              -40.5086476,
              -9.4463962
            ],
            [
              -40.5088716,
              -9.4469545
            ],
            [
              -40.5090755,
              -9.447469
            ],
            [
              -40.5092562,
              -9.4479372
            ],
            [
              -40.5093046,
              -9.4480625
            ],
            [
              -40.5096066,
              -9.4487867
            ],
            [
              -40.5096401,
              -9.4488641
            ],
            [
              -40.5097367,
              -9.4490479
            ],
            [
              -40.5098487,
              -9.4492589
            ],
            [
              -40.5099177,
              -9.4494276
            ],
            [
              -40.5099338,
              -9.4495037
            ],
            [
              -40.5100733,
              -9.4499574
            ],
            [
              -40.510143,
              -9.4501823
            ],
            [
              -40.510253,
              -9.4504429
            ],
            [
              -40.5106632,
              -9.451506
            ],
            [
              -40.5105629,
              -9.4515147
            ],
            [
              -40.5098085,
              -9.4515511
            ],
            [
              -40.5092751,
              -9.4515662
            ],
            [
              -40.5090965,
              -9.4515735
            ],
            [
              -40.5089154,
              -9.4515927
            ],
            [
              -40.5086279,
              -9.451589
            ],
            [
              -40.5082292,
              -9.4515783
            ],
            [
              -40.5077789,
              -9.4515739
            ],
            [
              -40.5076343,
              -9.4515727
            ],
            [
              -40.507471,
              -9.4515923
            ],
            [
              -40.5070836,
              -9.4516463
            ],
            [
              -40.5059922,
              -9.4517591
            ],
            [
              -40.5057205,
              -9.4517716
            ],
            [
              -40.5054145,
              -9.4517857
            ],
            [
              -40.5052866,
              -9.4517938
            ],
            [
              -40.5051703,
              -9.4518001
            ],
            [
              -40.5048873,
              -9.4518188
            ],
            [
              -40.5046758,
              -9.4518328
            ],
            [
              -40.5041428,
              -9.451846
            ],
            [
              -40.5036335,
              -9.4518706
            ],
            [
              -40.5031929,
              -9.4518753
            ],
            [
              -40.5026828,
              -9.4518791
            ],
            [
              -40.5022703,
              -9.4518848
            ],
            [
              -40.5017878,
              -9.4518734
            ],
            [
              -40.5011554,
              -9.4518378
            ],
            [
              -40.5003564,
              -9.4517745
            ],
            [
              -40.5000207,
              -9.4517487
            ],
            [
              -40.5000479,
              -9.4516582
            ],
            [
              -40.5000645,
              -9.4516023
            ],
            [
              -40.500149,
              -9.4512481
            ],
            [
              -40.5002338,
              -9.4508118
            ],
            [
              -40.5003153,
              -9.4503308
            ],
            [
              -40.5003191,
              -9.4502741
            ],
            [
              -40.500362,
              -9.4500525
            ],
            [
              -40.5003829,
              -9.4498413
            ],
            [
              -40.5003946,
              -9.4497651
            ],
            [
              -40.5004121,
              -9.4495153
            ],
            [
              -40.5004363,
              -9.449342
            ],
            [
              -40.5004606,
              -9.449078
            ],
            [
              -40.500507,
              -9.448701
            ],
            [
              -40.5005292,
              -9.4482392
            ],
            [
              -40.5005298,
              -9.448181
            ],
            [
              -40.5005362,
              -9.4481183
            ],
            [
              -40.5005895,
              -9.447651
            ],
            [
              -40.5006001,
              -9.4475989
            ],
            [
              -40.5006427,
              -9.4471621
            ],
            [
              -40.5007044,
              -9.4466573
            ],
            [
              -40.5007456,
              -9.4464416
            ],
            [
              -40.5008003,
              -9.4462417
            ],
            [
              -40.5009047,
              -9.44586
            ],
            [
              -40.5010258,
              -9.4453736
            ],
            [
              -40.5011192,
              -9.4446049
            ],
            [
              -40.5011861,
              -9.4439778
            ],
            [
              -40.5012428,
              -9.4436751
            ],
            [
              -40.5012488,
              -9.4436431
            ],
            [
              -40.5005812,
              -9.4432112
            ],
            [
              -40.5006823,
              -9.443024
            ],
            [
              -40.5006911,
              -9.4430067
            ],
            [
              -40.500796,
              -9.442802
            ]
          ]
        ]
      },
      "id": "relation/11367342"
    },
    {
      "type": "Feature",
      "properties": {
        "@id": "relation/11367349",
        "admin_level": "10",
        "boundary": "administrative",
        "name": "Bairro Padre Vicente",
        "type": "boundary"
      },
      "geometry": {
        "type": "Polygon",
        "coordinates": [
          [
            [
              -40.5090755,
              -9.447469
            ],
            [
              -40.5088716,
              -9.4469545
            ],
            [
              -40.5086476,
              -9.4463962
            ],
            [
              -40.5081287,
              -9.4448346
            ],
            [
              -40.5079918,
              -9.4445674
            ],
            [
              -40.5076807,
              -9.4436371
            ],
            [
              -40.5075132,
              -9.443163
            ],
            [
              -40.5073616,
              -9.4427322
            ],
            [
              -40.5072074,
              -9.4423027
            ],
            [
              -40.5070745,
              -9.4418711
            ],
            [
              -40.506908,
              -9.441441
            ],
            [
              -40.5068489,
              -9.4412844
            ],
            [
              -40.5066423,
              -9.44069
            ],
            [
              -40.5065574,
              -9.4404997
            ],
            [
              -40.5065115,
              -9.4403722
            ],
            [
              -40.5063945,
              -9.4400971
            ],
            [
              -40.506066,
              -9.4391458
            ],
            [
              -40.5059594,
              -9.4388145
            ],
            [
              -40.5059241,
              -9.4386621
            ],
            [
              -40.5058422,
              -9.4384321
            ],
            [
              -40.505711,
              -9.4380125
            ],
            [
              -40.5055174,
              -9.4374624
            ],
            [
              -40.5054334,
              -9.4371978
            ],
            [
              -40.5054275,
              -9.4371738
            ],
            [
              -40.5052985,
              -9.4367708
            ],
            [
              -40.5051655,
              -9.436312
            ],
            [
              -40.5062949,
              -9.4359208
            ],
            [
              -40.5063854,
              -9.4358842
            ],
            [
              -40.5068719,
              -9.4357388
            ],
            [
              -40.5074441,
              -9.4355501
            ],
            [
              -40.5086128,
              -9.4351141
            ],
            [
              -40.5092869,
              -9.4348719
            ],
            [
              -40.5091441,
              -9.435438
            ],
            [
              -40.5089693,
              -9.4361762
            ],
            [
              -40.5094873,
              -9.4363145
            ],
            [
              -40.5110973,
              -9.4367031
            ],
            [
              -40.5131319,
              -9.4372124
            ],
            [
              -40.5130093,
              -9.4377713
            ],
            [
              -40.5128697,
              -9.4383354
            ],
            [
              -40.512746,
              -9.4388421
            ],
            [
              -40.5126441,
              -9.4392481
            ],
            [
              -40.5125336,
              -9.4396857
            ],
            [
              -40.5124262,
              -9.4401419
            ],
            [
              -40.5123077,
              -9.4405926
            ],
            [
              -40.5122125,
              -9.4410142
            ],
            [
              -40.512091,
              -9.441523
            ],
            [
              -40.5119795,
              -9.4419585
            ],
            [
              -40.5118523,
              -9.442499
            ],
            [
              -40.5117231,
              -9.4430208
            ],
            [
              -40.5116436,
              -9.443355
            ],
            [
              -40.5115986,
              -9.4435484
            ],
            [
              -40.511561,
              -9.4436681
            ],
            [
              -40.5114621,
              -9.4440694
            ],
            [
              -40.5114305,
              -9.4442059
            ],
            [
              -40.5113813,
              -9.4445985
            ],
            [
              -40.5112564,
              -9.4450793
            ],
            [
              -40.5111821,
              -9.4453706
            ],
            [
              -40.5111222,
              -9.445613
            ],
            [
              -40.5110037,
              -9.4461501
            ],
            [
              -40.5108659,
              -9.4467031
            ],
            [
              -40.510713,
              -9.4473592
            ],
            [
              -40.5106339,
              -9.4476331
            ],
            [
              -40.5099338,
              -9.4495037
            ],
            [
              -40.5099177,
              -9.4494276
            ],
            [
              -40.5098487,
              -9.4492589
            ],
            [
              -40.5097367,
              -9.4490479
            ],
            [
              -40.5096401,
              -9.4488641
            ],
            [
              -40.5096066,
              -9.4487867
            ],
            [
              -40.5093046,
              -9.4480625
            ],
            [
              -40.5092562,
              -9.4479372
            ],
            [
              -40.5090755,
              -9.447469
            ]
          ]
        ]
      },
      "id": "relation/11367349"
    },
    {
      "type": "Feature",
      "properties": {
        "@id": "relation/11367398",
        "admin_level": "10",
        "boundary": "administrative",
        "name": "Bairro Antonio Conselheiro",
        "type": "boundary"
      },
      "geometry": {
        "type": "Polygon",
        "coordinates": [
          [
            [
              -40.5318003,
              -9.447663
            ],
            [
              -40.5317044,
              -9.4477463
            ],
            [
              -40.5316369,
              -9.447806
            ],
            [
              -40.5316041,
              -9.4478299
            ],
            [
              -40.5315484,
              -9.4478627
            ],
            [
              -40.5314634,
              -9.447896
            ],
            [
              -40.5304113,
              -9.4482072
            ],
            [
              -40.5294614,
              -9.4484703
            ],
            [
              -40.5277177,
              -9.4489775
            ],
            [
              -40.5275106,
              -9.4490341
            ],
            [
              -40.5273516,
              -9.4490685
            ],
            [
              -40.5267013,
              -9.4491864
            ],
            [
              -40.5263868,
              -9.4492419
            ],
            [
              -40.526237,
              -9.4492704
            ],
            [
              -40.5262061,
              -9.4492763
            ],
            [
              -40.5261032,
              -9.4493021
            ],
            [
              -40.5259552,
              -9.4493446
            ],
            [
              -40.5258994,
              -9.4493642
            ],
            [
              -40.5251609,
              -9.449678
            ],
            [
              -40.524982,
              -9.4497485
            ],
            [
              -40.5248286,
              -9.4497983
            ],
            [
              -40.5243451,
              -9.4499307
            ],
            [
              -40.523822,
              -9.4500824
            ],
            [
              -40.5234126,
              -9.4501984
            ],
            [
              -40.5232299,
              -9.4502461
            ],
            [
              -40.5231148,
              -9.4502802
            ],
            [
              -40.5229794,
              -9.4503184
            ],
            [
              -40.5221594,
              -9.4505539
            ],
            [
              -40.5217593,
              -9.4506603
            ],
            [
              -40.5213513,
              -9.4507697
            ],
            [
              -40.5212013,
              -9.4507988
            ],
            [
              -40.52109,
              -9.4508196
            ],
            [
              -40.5209169,
              -9.4508569
            ],
            [
              -40.5207874,
              -9.4508835
            ],
            [
              -40.5200806,
              -9.4509923
            ],
            [
              -40.5193989,
              -9.4510442
            ],
            [
              -40.5185274,
              -9.4510498
            ],
            [
              -40.5178881,
              -9.4510372
            ],
            [
              -40.5177619,
              -9.4510298
            ],
            [
              -40.5176694,
              -9.4510282
            ],
            [
              -40.5174864,
              -9.4510427
            ],
            [
              -40.5173091,
              -9.4510761
            ],
            [
              -40.5170879,
              -9.4511225
            ],
            [
              -40.5167545,
              -9.4511699
            ],
            [
              -40.5164553,
              -9.4512171
            ],
            [
              -40.514868,
              -9.4512907
            ],
            [
              -40.5142575,
              -9.4513273
            ],
            [
              -40.5141448,
              -9.4513331
            ],
            [
              -40.5139715,
              -9.4513391
            ],
            [
              -40.5135501,
              -9.451351
            ],
            [
              -40.5126298,
              -9.4513949
            ],
            [
              -40.5124255,
              -9.4514057
            ],
            [
              -40.5117882,
              -9.4514437
            ],
            [
              -40.5106632,
              -9.451506
            ],
            [
              -40.510253,
              -9.4504429
            ],
            [
              -40.510143,
              -9.4501823
            ],
            [
              -40.5100733,
              -9.4499574
            ],
            [
              -40.5099338,
              -9.4495037
            ],
            [
              -40.5106339,
              -9.4476331
            ],
            [
              -40.510713,
              -9.4473592
            ],
            [
              -40.5108659,
              -9.4467031
            ],
            [
              -40.5110037,
              -9.4461501
            ],
            [
              -40.5111222,
              -9.445613
            ],
            [
              -40.5111821,
              -9.4453706
            ],
            [
              -40.5112564,
              -9.4450793
            ],
            [
              -40.5113813,
              -9.4445985
            ],
            [
              -40.5114305,
              -9.4442059
            ],
            [
              -40.5114621,
              -9.4440694
            ],
            [
              -40.511561,
              -9.4436681
            ],
            [
              -40.5115986,
              -9.4435484
            ],
            [
              -40.5116436,
              -9.443355
            ],
            [
              -40.5117231,
              -9.4430208
            ],
            [
              -40.5118523,
              -9.442499
            ],
            [
              -40.5119795,
              -9.4419585
            ],
            [
              -40.512091,
              -9.441523
            ],
            [
              -40.5122125,
              -9.4410142
            ],
            [
              -40.5123077,
              -9.4405926
            ],
            [
              -40.5124262,
              -9.4401419
            ],
            [
              -40.5125336,
              -9.4396857
            ],
            [
              -40.5126441,
              -9.4392481
            ],
            [
              -40.5132443,
              -9.4393708
            ],
            [
              -40.5137005,
              -9.4394728
            ],
            [
              -40.5140492,
              -9.439551
            ],
            [
              -40.5152814,
              -9.4398273
            ],
            [
              -40.5152603,
              -9.4399604
            ],
            [
              -40.5151771,
              -9.4404779
            ],
            [
              -40.5150384,
              -9.4410397
            ],
            [
              -40.5152153,
              -9.4410079
            ],
            [
              -40.5163848,
              -9.441312
            ],
            [
              -40.5168361,
              -9.4414213
            ],
            [
              -40.5172415,
              -9.4415099
            ],
            [
              -40.5176976,
              -9.4416095
            ],
            [
              -40.5178637,
              -9.4416458
            ],
            [
              -40.518335,
              -9.4417874
            ],
            [
              -40.5188184,
              -9.4419327
            ],
            [
              -40.5192274,
              -9.4420217
            ],
            [
              -40.5203096,
              -9.4422953
            ],
            [
              -40.5203301,
              -9.4426245
            ],
            [
              -40.5202907,
              -9.4432722
            ],
            [
              -40.52078,
              -9.4434032
            ],
            [
              -40.5211564,
              -9.4435001
            ],
            [
              -40.5212858,
              -9.4435362
            ],
            [
              -40.5214794,
              -9.4436207
            ],
            [
              -40.5216501,
              -9.4436544
            ],
            [
              -40.5217876,
              -9.4436671
            ],
            [
              -40.5220949,
              -9.443703
            ],
            [
              -40.5230409,
              -9.4434799
            ],
            [
              -40.5232972,
              -9.4433497
            ],
            [
              -40.5237884,
              -9.4431841
            ],
            [
              -40.5245973,
              -9.4428606
            ],
            [
              -40.524505,
              -9.4432466
            ],
            [
              -40.5244271,
              -9.4436882
            ],
            [
              -40.5241728,
              -9.4451045
            ],
            [
              -40.5241052,
              -9.4454035
            ],
            [
              -40.524086,
              -9.4454882
            ],
            [
              -40.5240419,
              -9.4457235
            ],
            [
              -40.5243345,
              -9.4457626
            ],
            [
              -40.5249696,
              -9.4462141
            ],
            [
              -40.5274634,
              -9.4462048
            ],
            [
              -40.527973,
              -9.4443297
            ],
            [
              -40.5281278,
              -9.4435699
            ],
            [
              -40.5294925,
              -9.4433018
            ],
            [
              -40.5296105,
              -9.4435294
            ],
            [
              -40.5298975,
              -9.4440718
            ],
            [
              -40.5301778,
              -9.4445851
            ],
            [
              -40.5302793,
              -9.4447499
            ],
            [
              -40.5303642,
              -9.4449317
            ],
            [
              -40.5308443,
              -9.445695
            ],
            [
              -40.5309597,
              -9.4458683
            ],
            [
              -40.5310763,
              -9.4460548
            ],
            [
              -40.5313593,
              -9.4465655
            ],
            [
              -40.5317234,
              -9.4472336
            ],
            [
              -40.5317638,
              -9.447341
            ],
            [
              -40.5317831,
              -9.4474122
            ],
            [
              -40.5317952,
              -9.4475061
            ],
            [
              -40.5318113,
              -9.4476238
            ],
            [
              -40.5318003,
              -9.447663
            ]
          ]
        ]
      },
      "id": "relation/11367398"
    },
    {
      "type": "Feature",
      "properties": {
        "@id": "relation/11367401",
        "admin_level": "10",
        "boundary": "administrative",
        "name": "Bairro Nova Esperança",
        "type": "boundary"
      },
      "geometry": {
        "type": "Polygon",
        "coordinates": [
          [
            [
              -40.5205828,
              -9.4395493
            ],
            [
              -40.5200538,
              -9.4394362
            ],
            [
              -40.51949,
              -9.4392979
            ],
            [
              -40.5192173,
              -9.4392382
            ],
            [
              -40.5181944,
              -9.4394811
            ],
            [
              -40.5182972,
              -9.439018
            ],
            [
              -40.5184747,
              -9.4384862
            ],
            [
              -40.5185913,
              -9.4381319
            ],
            [
              -40.5187167,
              -9.437737
            ],
            [
              -40.5188562,
              -9.4371795
            ],
            [
              -40.5189387,
              -9.4369081
            ],
            [
              -40.5189447,
              -9.4368796
            ],
            [
              -40.5189457,
              -9.4368555
            ],
            [
              -40.518993,
              -9.4367242
            ],
            [
              -40.5191419,
              -9.4360759
            ],
            [
              -40.519278,
              -9.4354124
            ],
            [
              -40.5192954,
              -9.4353569
            ],
            [
              -40.519314,
              -9.4352973
            ],
            [
              -40.519336,
              -9.435211
            ],
            [
              -40.5196061,
              -9.4343572
            ],
            [
              -40.5198361,
              -9.4335993
            ],
            [
              -40.5200323,
              -9.4336546
            ],
            [
              -40.5202284,
              -9.4337099
            ],
            [
              -40.5204237,
              -9.4337675
            ],
            [
              -40.5205366,
              -9.4338335
            ],
            [
              -40.5206358,
              -9.4338679
            ],
            [
              -40.5208451,
              -9.4339301
            ],
            [
              -40.5213287,
              -9.4340623
            ],
            [
              -40.5217493,
              -9.4341809
            ],
            [
              -40.522337,
              -9.4343198
            ],
            [
              -40.5224652,
              -9.4343529
            ],
            [
              -40.523062,
              -9.4345069
            ],
            [
              -40.5233456,
              -9.4346153
            ],
            [
              -40.5235936,
              -9.4347232
            ],
            [
              -40.5238442,
              -9.4348446
            ],
            [
              -40.5239806,
              -9.4349196
            ],
            [
              -40.5241405,
              -9.4350257
            ],
            [
              -40.5242433,
              -9.4351033
            ],
            [
              -40.5245584,
              -9.4353435
            ],
            [
              -40.524745,
              -9.4355123
            ],
            [
              -40.5249736,
              -9.435725
            ],
            [
              -40.5252117,
              -9.4359383
            ],
            [
              -40.5254585,
              -9.4361526
            ],
            [
              -40.525848,
              -9.4365368
            ],
            [
              -40.5257615,
              -9.4370284
            ],
            [
              -40.5255899,
              -9.4379571
            ],
            [
              -40.525565,
              -9.4380854
            ],
            [
              -40.5255041,
              -9.4383673
            ],
            [
              -40.5254099,
              -9.4387938
            ],
            [
              -40.525327,
              -9.4392378
            ],
            [
              -40.5252412,
              -9.4396664
            ],
            [
              -40.5251883,
              -9.4399026
            ],
            [
              -40.5251339,
              -9.4401453
            ],
            [
              -40.5251134,
              -9.4402508
            ],
            [
              -40.5250446,
              -9.4406051
            ],
            [
              -40.5249904,
              -9.4408842
            ],
            [
              -40.5240289,
              -9.4408342
            ],
            [
              -40.5237928,
              -9.4407816
            ],
            [
              -40.5234884,
              -9.4407234
            ],
            [
              -40.5231705,
              -9.440656
            ],
            [
              -40.5230002,
              -9.4406388
            ],
            [
              -40.5228192,
              -9.4406242
            ],
            [
              -40.5225804,
              -9.4406057
            ],
            [
              -40.5219966,
              -9.440556
            ],
            [
              -40.5216819,
              -9.440529
            ],
            [
              -40.5214888,
              -9.4405104
            ],
            [
              -40.5209711,
              -9.4404681
            ],
            [
              -40.5204058,
              -9.4404125
            ],
            [
              -40.5204166,
              -9.4403113
            ],
            [
              -40.52044,
              -9.440189
            ],
            [
              -40.5204883,
              -9.4399866
            ],
            [
              -40.5205828,
              -9.4395493
            ]
          ]
        ]
      },
      "id": "relation/11367401"
    },
    {
      "type": "Feature",
      "properties": {
        "@id": "relation/11367413",
        "admin_level": "10",
        "boundary": "administrative",
        "name": "Bairro Argemiro",
        "type": "boundary"
      },
      "geometry": {
        "type": "Polygon",
        "coordinates": [
          [
            [
              -40.5184747,
              -9.4384862
            ],
            [
              -40.5182972,
              -9.439018
            ],
            [
              -40.5181944,
              -9.4394811
            ],
            [
              -40.5192173,
              -9.4392382
            ],
            [
              -40.51949,
              -9.4392979
            ],
            [
              -40.5200538,
              -9.4394362
            ],
            [
              -40.5205828,
              -9.4395493
            ],
            [
              -40.5204883,
              -9.4399866
            ],
            [
              -40.52044,
              -9.440189
            ],
            [
              -40.5204166,
              -9.4403113
            ],
            [
              -40.5204058,
              -9.4404125
            ],
            [
              -40.5203949,
              -9.4406089
            ],
            [
              -40.5203556,
              -9.4414471
            ],
            [
              -40.5203589,
              -9.4414716
            ],
            [
              -40.5203656,
              -9.4414901
            ],
            [
              -40.5203542,
              -9.4415701
            ],
            [
              -40.5203096,
              -9.4422953
            ],
            [
              -40.5192274,
              -9.4420217
            ],
            [
              -40.5188184,
              -9.4419327
            ],
            [
              -40.518335,
              -9.4417874
            ],
            [
              -40.5178637,
              -9.4416458
            ],
            [
              -40.5176976,
              -9.4416095
            ],
            [
              -40.5172415,
              -9.4415099
            ],
            [
              -40.5168361,
              -9.4414213
            ],
            [
              -40.5163848,
              -9.441312
            ],
            [
              -40.5152153,
              -9.4410079
            ],
            [
              -40.5150384,
              -9.4410397
            ],
            [
              -40.5151771,
              -9.4404779
            ],
            [
              -40.5152603,
              -9.4399604
            ],
            [
              -40.5152814,
              -9.4398273
            ],
            [
              -40.5140492,
              -9.439551
            ],
            [
              -40.5137005,
              -9.4394728
            ],
            [
              -40.5132443,
              -9.4393708
            ],
            [
              -40.5126441,
              -9.4392481
            ],
            [
              -40.512746,
              -9.4388421
            ],
            [
              -40.5128697,
              -9.4383354
            ],
            [
              -40.5130093,
              -9.4377713
            ],
            [
              -40.5131319,
              -9.4372124
            ],
            [
              -40.5132534,
              -9.4367449
            ],
            [
              -40.5133966,
              -9.4362056
            ],
            [
              -40.5135268,
              -9.4356272
            ],
            [
              -40.5136386,
              -9.4351657
            ],
            [
              -40.5137586,
              -9.4347269
            ],
            [
              -40.513855,
              -9.434295
            ],
            [
              -40.5139745,
              -9.4338153
            ],
            [
              -40.5139966,
              -9.4337258
            ],
            [
              -40.5140933,
              -9.4333502
            ],
            [
              -40.5142072,
              -9.4328635
            ],
            [
              -40.5143319,
              -9.4322973
            ],
            [
              -40.5148986,
              -9.4324205
            ],
            [
              -40.5157516,
              -9.4326366
            ],
            [
              -40.5174118,
              -9.4330225
            ],
            [
              -40.5191812,
              -9.4334353
            ],
            [
              -40.5198361,
              -9.4335993
            ],
            [
              -40.5196061,
              -9.4343572
            ],
            [
              -40.519336,
              -9.435211
            ],
            [
              -40.519314,
              -9.4352973
            ],
            [
              -40.5192954,
              -9.4353569
            ],
            [
              -40.519278,
              -9.4354124
            ],
            [
              -40.5186215,
              -9.4352742
            ],
            [
              -40.5178973,
              -9.435134
            ],
            [
              -40.5174091,
              -9.4350387
            ],
            [
              -40.5172992,
              -9.4350096
            ],
            [
              -40.5169129,
              -9.4349276
            ],
            [
              -40.516406,
              -9.434835
            ],
            [
              -40.5158749,
              -9.4347424
            ],
            [
              -40.5153143,
              -9.4346209
            ],
            [
              -40.5151942,
              -9.435074
            ],
            [
              -40.5150795,
              -9.4355126
            ],
            [
              -40.5150159,
              -9.4357392
            ],
            [
              -40.5150099,
              -9.4357763
            ],
            [
              -40.5150153,
              -9.4358014
            ],
            [
              -40.514964,
              -9.4359585
            ],
            [
              -40.5148422,
              -9.4365019
            ],
            [
              -40.5153117,
              -9.4366421
            ],
            [
              -40.5158414,
              -9.43683
            ],
            [
              -40.5164543,
              -9.4370337
            ],
            [
              -40.5172187,
              -9.4372877
            ],
            [
              -40.5174067,
              -9.4373473
            ],
            [
              -40.5187167,
              -9.437737
            ],
            [
              -40.5185913,
              -9.4381319
            ],
            [
              -40.5184747,
              -9.4384862
            ]
          ]
        ]
      },
      "id": "relation/11367413"
    },
    {
      "type": "Feature",
      "properties": {
        "@id": "relation/11367414",
        "admin_level": "10",
        "boundary": "administrative",
        "name": "Bairro Piranga I",
        "type": "boundary"
      },
      "geometry": {
        "type": "Polygon",
        "coordinates": [
          [
            [
              -40.5150153,
              -9.4358014
            ],
            [
              -40.5150099,
              -9.4357763
            ],
            [
              -40.5150159,
              -9.4357392
            ],
            [
              -40.5150795,
              -9.4355126
            ],
            [
              -40.5151942,
              -9.435074
            ],
            [
              -40.5153143,
              -9.4346209
            ],
            [
              -40.5158749,
              -9.4347424
            ],
            [
              -40.516406,
              -9.434835
            ],
            [
              -40.5169129,
              -9.4349276
            ],
            [
              -40.5172992,
              -9.4350096
            ],
            [
              -40.5174091,
              -9.4350387
            ],
            [
              -40.5178973,
              -9.435134
            ],
            [
              -40.5186215,
              -9.4352742
            ],
            [
              -40.519278,
              -9.4354124
            ],
            [
              -40.5191419,
              -9.4360759
            ],
            [
              -40.518993,
              -9.4367242
            ],
            [
              -40.5189457,
              -9.4368555
            ],
            [
              -40.5189447,
              -9.4368796
            ],
            [
              -40.5189387,
              -9.4369081
            ],
            [
              -40.5188562,
              -9.4371795
            ],
            [
              -40.5187167,
              -9.437737
            ],
            [
              -40.5174067,
              -9.4373473
            ],
            [
              -40.5172187,
              -9.4372877
            ],
            [
              -40.5164543,
              -9.4370337
            ],
            [
              -40.5158414,
              -9.43683
            ],
            [
              -40.5153117,
              -9.4366421
            ],
            [
              -40.5148422,
              -9.4365019
            ],
            [
              -40.514964,
              -9.4359585
            ],
            [
              -40.5150153,
              -9.4358014
            ]
          ]
        ]
      },
      "id": "relation/11367414"
    },
    {
      "type": "Feature",
      "properties": {
        "@id": "relation/11367415",
        "admin_level": "10",
        "boundary": "administrative",
        "name": "Bairro Piranga II",
        "type": "boundary"
      },
      "geometry": {
        "type": "Polygon",
        "coordinates": [
          [
            [
              -40.5217876,
              -9.4436671
            ],
            [
              -40.5216501,
              -9.4436544
            ],
            [
              -40.5214794,
              -9.4436207
            ],
            [
              -40.5212858,
              -9.4435362
            ],
            [
              -40.5211564,
              -9.4435001
            ],
            [
              -40.52078,
              -9.4434032
            ],
            [
              -40.5202907,
              -9.4432722
            ],
            [
              -40.5203301,
              -9.4426245
            ],
            [
              -40.5203096,
              -9.4422953
            ],
            [
              -40.5203542,
              -9.4415701
            ],
            [
              -40.5203656,
              -9.4414901
            ],
            [
              -40.5203589,
              -9.4414716
            ],
            [
              -40.5203556,
              -9.4414471
            ],
            [
              -40.5203949,
              -9.4406089
            ],
            [
              -40.5204058,
              -9.4404125
            ],
            [
              -40.5209711,
              -9.4404681
            ],
            [
              -40.5214888,
              -9.4405104
            ],
            [
              -40.5216819,
              -9.440529
            ],
            [
              -40.5219966,
              -9.440556
            ],
            [
              -40.5225804,
              -9.4406057
            ],
            [
              -40.5228192,
              -9.4406242
            ],
            [
              -40.5230002,
              -9.4406388
            ],
            [
              -40.5231705,
              -9.440656
            ],
            [
              -40.5234884,
              -9.4407234
            ],
            [
              -40.5237928,
              -9.4407816
            ],
            [
              -40.5240289,
              -9.4408342
            ],
            [
              -40.5249904,
              -9.4408842
            ],
            [
              -40.5250446,
              -9.4406051
            ],
            [
              -40.5251134,
              -9.4402508
            ],
            [
              -40.5251339,
              -9.4401453
            ],
            [
              -40.5251883,
              -9.4399026
            ],
            [
              -40.5252412,
              -9.4396664
            ],
            [
              -40.525327,
              -9.4392378
            ],
            [
              -40.5254099,
              -9.4387938
            ],
            [
              -40.5255041,
              -9.4383673
            ],
            [
              -40.525565,
              -9.4380854
            ],
            [
              -40.5255899,
              -9.4379571
            ],
            [
              -40.5257615,
              -9.4370284
            ],
            [
              -40.525848,
              -9.4365368
            ],
            [
              -40.5259708,
              -9.4366884
            ],
            [
              -40.5261003,
              -9.4368691
            ],
            [
              -40.5261473,
              -9.436932
            ],
            [
              -40.5263866,
              -9.4373363
            ],
            [
              -40.5265667,
              -9.4377308
            ],
            [
              -40.5268366,
              -9.4383668
            ],
            [
              -40.5268952,
              -9.4385061
            ],
            [
              -40.5269875,
              -9.4386824
            ],
            [
              -40.5271913,
              -9.4390204
            ],
            [
              -40.5275973,
              -9.4396564
            ],
            [
              -40.5284928,
              -9.4412474
            ],
            [
              -40.5287903,
              -9.4418037
            ],
            [
              -40.5291406,
              -9.4425079
            ],
            [
              -40.529353,
              -9.4430134
            ],
            [
              -40.5294925,
              -9.4433018
            ],
            [
              -40.5281278,
              -9.4435699
            ],
            [
              -40.527973,
              -9.4443297
            ],
            [
              -40.5274634,
              -9.4462048
            ],
            [
              -40.5249696,
              -9.4462141
            ],
            [
              -40.5243345,
              -9.4457626
            ],
            [
              -40.5240419,
              -9.4457235
            ],
            [
              -40.524086,
              -9.4454882
            ],
            [
              -40.5241052,
              -9.4454035
            ],
            [
              -40.5241728,
              -9.4451045
            ],
            [
              -40.5244271,
              -9.4436882
            ],
            [
              -40.524505,
              -9.4432466
            ],
            [
              -40.5245973,
              -9.4428606
            ],
            [
              -40.5237884,
              -9.4431841
            ],
            [
              -40.5232972,
              -9.4433497
            ],
            [
              -40.5230409,
              -9.4434799
            ],
            [
              -40.5220949,
              -9.443703
            ],
            [
              -40.5217876,
              -9.4436671
            ]
          ]
        ]
      },
      "id": "relation/11367415"
    },
    {
      "type": "Feature",
      "properties": {
        "@id": "relation/11367426",
        "admin_level": "10",
        "boundary": "administrative",
        "name": "Bairro Piranga",
        "type": "boundary"
      },
      "geometry": {
        "type": "Polygon",
        "coordinates": [
          [
            [
              -40.5073729,
              -9.4266866
            ],
            [
              -40.5073827,
              -9.4267614
            ],
            [
              -40.5074374,
              -9.4272697
            ],
            [
              -40.5074837,
              -9.4276305
            ],
            [
              -40.5075151,
              -9.4278385
            ],
            [
              -40.5075539,
              -9.428067
            ],
            [
              -40.5076086,
              -9.4283912
            ],
            [
              -40.5076791,
              -9.4289705
            ],
            [
              -40.5077172,
              -9.4292542
            ],
            [
              -40.5077778,
              -9.429657
            ],
            [
              -40.5078432,
              -9.4300996
            ],
            [
              -40.5079106,
              -9.4305429
            ],
            [
              -40.507929,
              -9.4306694
            ],
            [
              -40.5080292,
              -9.431286
            ],
            [
              -40.5090324,
              -9.4314154
            ],
            [
              -40.5096282,
              -9.4314848
            ],
            [
              -40.5098319,
              -9.4315183
            ],
            [
              -40.5110064,
              -9.4316908
            ],
            [
              -40.5120198,
              -9.4318254
            ],
            [
              -40.5125263,
              -9.4318984
            ],
            [
              -40.5129792,
              -9.4319821
            ],
            [
              -40.5136541,
              -9.4321295
            ],
            [
              -40.5143319,
              -9.4322973
            ],
            [
              -40.5142072,
              -9.4328635
            ],
            [
              -40.5140933,
              -9.4333502
            ],
            [
              -40.5139966,
              -9.4337258
            ],
            [
              -40.5139745,
              -9.4338153
            ],
            [
              -40.513855,
              -9.434295
            ],
            [
              -40.5137586,
              -9.4347269
            ],
            [
              -40.5136386,
              -9.4351657
            ],
            [
              -40.5135268,
              -9.4356272
            ],
            [
              -40.5133966,
              -9.4362056
            ],
            [
              -40.5132534,
              -9.4367449
            ],
            [
              -40.5131319,
              -9.4372124
            ],
            [
              -40.5110973,
              -9.4367031
            ],
            [
              -40.5094873,
              -9.4363145
            ],
            [
              -40.5089693,
              -9.4361762
            ],
            [
              -40.5091441,
              -9.435438
            ],
            [
              -40.5092869,
              -9.4348719
            ],
            [
              -40.5086128,
              -9.4351141
            ],
            [
              -40.5074441,
              -9.4355501
            ],
            [
              -40.5068719,
              -9.4357388
            ],
            [
              -40.5063854,
              -9.4358842
            ],
            [
              -40.5062949,
              -9.4359208
            ],
            [
              -40.5051655,
              -9.436312
            ],
            [
              -40.5047524,
              -9.4364663
            ],
            [
              -40.5047759,
              -9.4362413
            ],
            [
              -40.503742,
              -9.4361553
            ],
            [
              -40.5031308,
              -9.4359028
            ],
            [
              -40.5027101,
              -9.4356938
            ],
            [
              -40.5016402,
              -9.4351646
            ],
            [
              -40.5016871,
              -9.4348268
            ],
            [
              -40.5017654,
              -9.4346695
            ],
            [
              -40.5019288,
              -9.4342013
            ],
            [
              -40.5021594,
              -9.4337475
            ],
            [
              -40.5023015,
              -9.4334048
            ],
            [
              -40.5024773,
              -9.4330675
            ],
            [
              -40.5027106,
              -9.432615
            ],
            [
              -40.5029883,
              -9.4320197
            ],
            [
              -40.5030526,
              -9.4318662
            ],
            [
              -40.5031643,
              -9.4316386
            ],
            [
              -40.503455,
              -9.4310164
            ],
            [
              -40.5035271,
              -9.4308677
            ],
            [
              -40.5035486,
              -9.4308235
            ],
            [
              -40.5038818,
              -9.4301072
            ],
            [
              -40.5039815,
              -9.4298901
            ],
            [
              -40.5040321,
              -9.4297811
            ],
            [
              -40.5040826,
              -9.4295735
            ],
            [
              -40.5040987,
              -9.4294571
            ],
            [
              -40.5041207,
              -9.4291598
            ],
            [
              -40.5041387,
              -9.4290053
            ],
            [
              -40.5041489,
              -9.4289378
            ],
            [
              -40.504155,
              -9.4288948
            ],
            [
              -40.504162,
              -9.4288412
            ],
            [
              -40.5041731,
              -9.4288008
            ],
            [
              -40.5041812,
              -9.4287401
            ],
            [
              -40.5041986,
              -9.4286633
            ],
            [
              -40.504212,
              -9.428576
            ],
            [
              -40.5042402,
              -9.4284834
            ],
            [
              -40.5042522,
              -9.428369
            ],
            [
              -40.5043817,
              -9.4279978
            ],
            [
              -40.5050451,
              -9.4266126
            ],
            [
              -40.50507,
              -9.4265606
            ],
            [
              -40.5052364,
              -9.4266763
            ],
            [
              -40.5056557,
              -9.4267794
            ],
            [
              -40.5058649,
              -9.4268058
            ],
            [
              -40.5061077,
              -9.4268204
            ],
            [
              -40.5063276,
              -9.4268217
            ],
            [
              -40.5065475,
              -9.4268032
            ],
            [
              -40.5073729,
              -9.4266866
            ]
          ]
        ]
      },
      "id": "relation/11367426"
    },
    {
      "type": "Feature",
      "properties": {
        "@id": "relation/11368453",
        "admin_level": "10",
        "boundary": "administrative",
        "name": "Bairro Agua Bela",
        "type": "boundary"
      },
      "geometry": {
        "type": "Polygon",
        "coordinates": [
          [
            [
              -40.5200959,
              -9.4272682
            ],
            [
              -40.5200443,
              -9.4272395
            ],
            [
              -40.5199384,
              -9.4271701
            ],
            [
              -40.519638,
              -9.4270585
            ],
            [
              -40.5188402,
              -9.4266154
            ],
            [
              -40.518785,
              -9.4265793
            ],
            [
              -40.5186977,
              -9.4265088
            ],
            [
              -40.5176465,
              -9.4258519
            ],
            [
              -40.5174051,
              -9.4256971
            ],
            [
              -40.5170282,
              -9.4254655
            ],
            [
              -40.516632,
              -9.425207
            ],
            [
              -40.5162498,
              -9.4249556
            ],
            [
              -40.5156952,
              -9.424607
            ],
            [
              -40.5154122,
              -9.4244284
            ],
            [
              -40.5152325,
              -9.424304
            ],
            [
              -40.5151346,
              -9.4242299
            ],
            [
              -40.5148704,
              -9.423968
            ],
            [
              -40.5146277,
              -9.4236902
            ],
            [
              -40.5143246,
              -9.4233303
            ],
            [
              -40.5142227,
              -9.4232139
            ],
            [
              -40.5140094,
              -9.4229532
            ],
            [
              -40.5138845,
              -9.4227967
            ],
            [
              -40.5138056,
              -9.4226979
            ],
            [
              -40.5136044,
              -9.4224558
            ],
            [
              -40.5133731,
              -9.4221879
            ],
            [
              -40.5132544,
              -9.422043
            ],
            [
              -40.5131572,
              -9.4219259
            ],
            [
              -40.5130988,
              -9.4218479
            ],
            [
              -40.5130539,
              -9.4217678
            ],
            [
              -40.5130137,
              -9.4216924
            ],
            [
              -40.5129795,
              -9.4216077
            ],
            [
              -40.5129406,
              -9.4214688
            ],
            [
              -40.5134067,
              -9.4213536
            ],
            [
              -40.5136601,
              -9.4212915
            ],
            [
              -40.5143302,
              -9.4210925
            ],
            [
              -40.5143816,
              -9.4211982
            ],
            [
              -40.5143879,
              -9.4212003
            ],
            [
              -40.5143994,
              -9.4212032
            ],
            [
              -40.5144127,
              -9.4212049
            ],
            [
              -40.5144326,
              -9.4212055
            ],
            [
              -40.5144869,
              -9.4212006
            ],
            [
              -40.5145539,
              -9.4211897
            ],
            [
              -40.5146357,
              -9.4211619
            ],
            [
              -40.515313,
              -9.4208907
            ],
            [
              -40.5154552,
              -9.4209542
            ],
            [
              -40.5155071,
              -9.4209836
            ],
            [
              -40.5155447,
              -9.4209955
            ],
            [
              -40.5155976,
              -9.4210021
            ],
            [
              -40.5156362,
              -9.4209962
            ],
            [
              -40.5156952,
              -9.420982
            ],
            [
              -40.5158038,
              -9.4209409
            ],
            [
              -40.5159225,
              -9.4209112
            ],
            [
              -40.5160754,
              -9.4208887
            ],
            [
              -40.5161961,
              -9.4208827
            ],
            [
              -40.5163141,
              -9.4208695
            ],
            [
              -40.5164167,
              -9.4208377
            ],
            [
              -40.5167215,
              -9.4206839
            ],
            [
              -40.5168298,
              -9.4206257
            ],
            [
              -40.5168767,
              -9.4205837
            ],
            [
              -40.5169248,
              -9.4205136
            ],
            [
              -40.5181187,
              -9.4208681
            ],
            [
              -40.5185993,
              -9.4209968
            ],
            [
              -40.5191578,
              -9.4211322
            ],
            [
              -40.5192458,
              -9.4211493
            ],
            [
              -40.5193383,
              -9.4211632
            ],
            [
              -40.5194839,
              -9.4211791
            ],
            [
              -40.5196687,
              -9.4212014
            ],
            [
              -40.5198025,
              -9.4212181
            ],
            [
              -40.5197909,
              -9.421916
            ],
            [
              -40.5198044,
              -9.4226331
            ],
            [
              -40.519807,
              -9.42294
            ],
            [
              -40.5198155,
              -9.423367
            ],
            [
              -40.5198439,
              -9.4246275
            ],
            [
              -40.5198453,
              -9.4248054
            ],
            [
              -40.5198526,
              -9.4248974
            ],
            [
              -40.5198675,
              -9.4249668
            ],
            [
              -40.51985,
              -9.4253333
            ],
            [
              -40.5198345,
              -9.4261827
            ],
            [
              -40.5198367,
              -9.426205
            ],
            [
              -40.5198465,
              -9.4262996
            ],
            [
              -40.5199177,
              -9.4267441
            ],
            [
              -40.5200725,
              -9.4272032
            ]
          ]
        ]
      },
      "id": "relation/11368453"
    },
    {
      "type": "Feature",
      "properties": {
        "@id": "relation/11368474",
        "admin_level": "10",
        "boundary": "administrative",
        "name": "Bairro Alto do Cruzeiro",
        "type": "boundary"
      },
      "geometry": {
        "type": "Polygon",
        "coordinates": [
          [
            [
              -40.4964158,
              -9.4347139
            ],
            [
              -40.4963636,
              -9.4348198
            ],
            [
              -40.4963542,
              -9.4348396
            ],
            [
              -40.4960209,
              -9.434475
            ],
            [
              -40.4953465,
              -9.4328134
            ],
            [
              -40.4951678,
              -9.4325462
            ],
            [
              -40.4950129,
              -9.4323325
            ],
            [
              -40.4945646,
              -9.4318755
            ],
            [
              -40.4944012,
              -9.4318002
            ],
            [
              -40.4943543,
              -9.4317838
            ],
            [
              -40.4937196,
              -9.4316306
            ],
            [
              -40.493264,
              -9.4315277
            ],
            [
              -40.492972,
              -9.4315277
            ],
            [
              -40.4928048,
              -9.4315526
            ],
            [
              -40.4925869,
              -9.4316438
            ],
            [
              -40.4924612,
              -9.4316434
            ],
            [
              -40.4922211,
              -9.4316333
            ],
            [
              -40.4922085,
              -9.4316221
            ],
            [
              -40.4922014,
              -9.4316132
            ],
            [
              -40.4921937,
              -9.4316003
            ],
            [
              -40.492189,
              -9.4315854
            ],
            [
              -40.4921853,
              -9.4315643
            ],
            [
              -40.4921558,
              -9.4312045
            ],
            [
              -40.492118,
              -9.4306996
            ],
            [
              -40.4921001,
              -9.4302982
            ],
            [
              -40.4920825,
              -9.4301399
            ],
            [
              -40.4925692,
              -9.4297827
            ],
            [
              -40.4928937,
              -9.4294811
            ],
            [
              -40.4936899,
              -9.4289063
            ],
            [
              -40.493848,
              -9.4288553
            ],
            [
              -40.4938349,
              -9.4287168
            ],
            [
              -40.4940029,
              -9.428576
            ],
            [
              -40.4941235,
              -9.4285098
            ],
            [
              -40.4942536,
              -9.4284794
            ],
            [
              -40.4945769,
              -9.428441
            ],
            [
              -40.4947394,
              -9.4284274
            ],
            [
              -40.4952383,
              -9.4283881
            ],
            [
              -40.4951366,
              -9.4280055
            ],
            [
              -40.4950612,
              -9.4276985
            ],
            [
              -40.4960075,
              -9.4276833
            ],
            [
              -40.496383,
              -9.4276725
            ],
            [
              -40.4966177,
              -9.4276661
            ],
            [
              -40.4966763,
              -9.4276588
            ],
            [
              -40.4967514,
              -9.4276472
            ],
            [
              -40.4967974,
              -9.4276337
            ],
            [
              -40.4968309,
              -9.4276188
            ],
            [
              -40.4968661,
              -9.427598
            ],
            [
              -40.4968906,
              -9.4275692
            ],
            [
              -40.4969147,
              -9.4275209
            ],
            [
              -40.4969238,
              -9.4274792
            ],
            [
              -40.4969234,
              -9.4274442
            ],
            [
              -40.4969151,
              -9.4274058
            ],
            [
              -40.496903,
              -9.427378
            ],
            [
              -40.4968815,
              -9.4273522
            ],
            [
              -40.4968326,
              -9.4273125
            ],
            [
              -40.4967662,
              -9.4272907
            ],
            [
              -40.4994967,
              -9.4272276
            ],
            [
              -40.4990683,
              -9.4288116
            ],
            [
              -40.4990545,
              -9.4288623
            ],
            [
              -40.4989968,
              -9.4290745
            ],
            [
              -40.4988587,
              -9.4295612
            ],
            [
              -40.498733,
              -9.4299652
            ],
            [
              -40.4986828,
              -9.4301235
            ],
            [
              -40.4986297,
              -9.4302965
            ],
            [
              -40.4985626,
              -9.4303495
            ],
            [
              -40.4984731,
              -9.4304049
            ],
            [
              -40.4984011,
              -9.4304453
            ],
            [
              -40.4983649,
              -9.4304814
            ],
            [
              -40.4983425,
              -9.4305141
            ],
            [
              -40.4983258,
              -9.4305499
            ],
            [
              -40.4983151,
              -9.430588
            ],
            [
              -40.4983109,
              -9.4306272
            ],
            [
              -40.4983131,
              -9.4306666
            ],
            [
              -40.4983281,
              -9.4307228
            ],
            [
              -40.4983563,
              -9.4307739
            ],
            [
              -40.4983959,
              -9.430817
            ],
            [
              -40.4983215,
              -9.4309608
            ],
            [
              -40.4981832,
              -9.4312145
            ],
            [
              -40.4979695,
              -9.4316468
            ],
            [
              -40.4977488,
              -9.4320657
            ],
            [
              -40.4975322,
              -9.4325048
            ],
            [
              -40.4972973,
              -9.4329545
            ],
            [
              -40.4966236,
              -9.4343024
            ],
            [
              -40.4964158,
              -9.4347139
            ]
          ]
        ]
      },
      "id": "relation/11368474"
    },
    {
      "type": "Feature",
      "properties": {
        "@id": "relation/11368479",
        "admin_level": "10",
        "boundary": "administrative",
        "name": "Bairro Alto do Alencar",
        "type": "boundary"
      },
      "geometry": {
        "type": "Polygon",
        "coordinates": [
          [
            [
              -40.490024,
              -9.4348928
            ],
            [
              -40.4901217,
              -9.434747
            ],
            [
              -40.4903205,
              -9.434481
            ],
            [
              -40.4905325,
              -9.4342227
            ],
            [
              -40.4906871,
              -9.4340191
            ],
            [
              -40.4908284,
              -9.4338552
            ],
            [
              -40.4910032,
              -9.4336246
            ],
            [
              -40.4910472,
              -9.4335698
            ],
            [
              -40.4911114,
              -9.4334847
            ],
            [
              -40.491325,
              -9.4332324
            ],
            [
              -40.4913925,
              -9.4331526
            ],
            [
              -40.4915925,
              -9.4328465
            ],
            [
              -40.4916439,
              -9.4327679
            ],
            [
              -40.4916532,
              -9.4327301
            ],
            [
              -40.4916552,
              -9.4326938
            ],
            [
              -40.4916579,
              -9.4326263
            ],
            [
              -40.4917481,
              -9.432623
            ],
            [
              -40.491777,
              -9.432617
            ],
            [
              -40.4918232,
              -9.4325975
            ],
            [
              -40.4918433,
              -9.4325773
            ],
            [
              -40.4918852,
              -9.4325224
            ],
            [
              -40.4918504,
              -9.4321599
            ],
            [
              -40.4918504,
              -9.4319879
            ],
            [
              -40.4918574,
              -9.431936
            ],
            [
              -40.4918564,
              -9.4316045
            ],
            [
              -40.4919052,
              -9.4315781
            ],
            [
              -40.4919288,
              -9.4315653
            ],
            [
              -40.4922211,
              -9.4316333
            ],
            [
              -40.4924612,
              -9.4316434
            ],
            [
              -40.4925869,
              -9.4316438
            ],
            [
              -40.4928048,
              -9.4315526
            ],
            [
              -40.492972,
              -9.4315277
            ],
            [
              -40.493264,
              -9.4315277
            ],
            [
              -40.4937196,
              -9.4316306
            ],
            [
              -40.4943543,
              -9.4317838
            ],
            [
              -40.4944012,
              -9.4318002
            ],
            [
              -40.4945646,
              -9.4318755
            ],
            [
              -40.4950129,
              -9.4323325
            ],
            [
              -40.4951678,
              -9.4325462
            ],
            [
              -40.4953465,
              -9.4328134
            ],
            [
              -40.4960209,
              -9.434475
            ],
            [
              -40.4963542,
              -9.4348396
            ],
            [
              -40.4962899,
              -9.4349758
            ],
            [
              -40.4960524,
              -9.4354832
            ],
            [
              -40.4957992,
              -9.4360079
            ],
            [
              -40.4955526,
              -9.4365333
            ],
            [
              -40.4950726,
              -9.4375001
            ],
            [
              -40.4947164,
              -9.4373511
            ],
            [
              -40.494143,
              -9.4370868
            ],
            [
              -40.4939564,
              -9.4370195
            ],
            [
              -40.4935666,
              -9.4368364
            ],
            [
              -40.4932144,
              -9.436671
            ],
            [
              -40.4931701,
              -9.4366502
            ],
            [
              -40.492454,
              -9.4363139
            ],
            [
              -40.4917274,
              -9.4359826
            ],
            [
              -40.4913229,
              -9.4357879
            ],
            [
              -40.4908532,
              -9.4355723
            ],
            [
              -40.490476,
              -9.4352612
            ],
            [
              -40.4903627,
              -9.4351584
            ],
            [
              -40.490024,
              -9.4348928
            ]
          ]
        ]
      },
      "id": "relation/11368479"
    },
    {
      "type": "Feature",
      "properties": {
        "@id": "relation/11368499",
        "admin_level": "10",
        "boundary": "administrative",
        "name": "Bairro Castelo Branco",
        "type": "boundary"
      },
      "geometry": {
        "type": "Polygon",
        "coordinates": [
          [
            [
              -40.4959059,
              -9.4397511
            ],
            [
              -40.4958474,
              -9.4398191
            ],
            [
              -40.4951561,
              -9.4405112
            ],
            [
              -40.4949914,
              -9.4406701
            ],
            [
              -40.4945619,
              -9.4411003
            ],
            [
              -40.4944105,
              -9.4412407
            ],
            [
              -40.4942996,
              -9.4413549
            ],
            [
              -40.4937601,
              -9.4419101
            ],
            [
              -40.4934101,
              -9.4422858
            ],
            [
              -40.4931795,
              -9.4425668
            ],
            [
              -40.4929179,
              -9.4427517
            ],
            [
              -40.4927623,
              -9.4428124
            ],
            [
              -40.4926973,
              -9.4428309
            ],
            [
              -40.4925539,
              -9.4428591
            ],
            [
              -40.4924673,
              -9.4428647
            ],
            [
              -40.4923857,
              -9.4428939
            ],
            [
              -40.4923461,
              -9.4429186
            ],
            [
              -40.4919933,
              -9.4429129
            ],
            [
              -40.4916632,
              -9.4427338
            ],
            [
              -40.4910755,
              -9.4424421
            ],
            [
              -40.4903214,
              -9.4420732
            ],
            [
              -40.4902614,
              -9.442041
            ],
            [
              -40.4902887,
              -9.4419663
            ],
            [
              -40.4903892,
              -9.4417514
            ],
            [
              -40.4904503,
              -9.4416382
            ],
            [
              -40.4905294,
              -9.4414603
            ],
            [
              -40.4905911,
              -9.4413532
            ],
            [
              -40.4907762,
              -9.4409682
            ],
            [
              -40.4910219,
              -9.4404575
            ],
            [
              -40.4913301,
              -9.4398961
            ],
            [
              -40.4912659,
              -9.4398663
            ],
            [
              -40.4908771,
              -9.4396852
            ],
            [
              -40.4904782,
              -9.4394994
            ],
            [
              -40.490378,
              -9.4394527
            ],
            [
              -40.4897194,
              -9.4391424
            ],
            [
              -40.4899226,
              -9.4387585
            ],
            [
              -40.4899755,
              -9.4386457
            ],
            [
              -40.4902042,
              -9.438151
            ],
            [
              -40.4902621,
              -9.4380374
            ],
            [
              -40.4904132,
              -9.4376926
            ],
            [
              -40.4906005,
              -9.4373205
            ],
            [
              -40.4907912,
              -9.4369182
            ],
            [
              -40.4909715,
              -9.4365122
            ],
            [
              -40.4913229,
              -9.4357879
            ],
            [
              -40.4917274,
              -9.4359826
            ],
            [
              -40.492454,
              -9.4363139
            ],
            [
              -40.4931701,
              -9.4366502
            ],
            [
              -40.4932144,
              -9.436671
            ],
            [
              -40.4935666,
              -9.4368364
            ],
            [
              -40.4939564,
              -9.4370195
            ],
            [
              -40.494143,
              -9.4370868
            ],
            [
              -40.4947164,
              -9.4373511
            ],
            [
              -40.4950726,
              -9.4375001
            ],
            [
              -40.4944519,
              -9.438732
            ],
            [
              -40.4959059,
              -9.4397511
            ]
          ]
        ]
      },
      "id": "relation/11368499"
    },
    {
      "type": "Feature",
      "properties": {
        "@id": "relation/11368503",
        "admin_level": "10",
        "boundary": "administrative",
        "name": "Bairro Castelo Branco",
        "type": "boundary"
      },
      "geometry": {
        "type": "Polygon",
        "coordinates": [
          [
            [
              -40.4959059,
              -9.4397511
            ],
            [
              -40.4944519,
              -9.438732
            ],
            [
              -40.4950726,
              -9.4375001
            ],
            [
              -40.4955526,
              -9.4365333
            ],
            [
              -40.4957992,
              -9.4360079
            ],
            [
              -40.4960524,
              -9.4354832
            ],
            [
              -40.4962899,
              -9.4349758
            ],
            [
              -40.4963542,
              -9.4348396
            ],
            [
              -40.4965085,
              -9.4349243
            ],
            [
              -40.4966616,
              -9.4350235
            ],
            [
              -40.496732,
              -9.4350711
            ],
            [
              -40.4970244,
              -9.4353271
            ],
            [
              -40.4976735,
              -9.435953
            ],
            [
              -40.4986954,
              -9.4369292
            ],
            [
              -40.4987353,
              -9.4369634
            ],
            [
              -40.498616,
              -9.4370775
            ],
            [
              -40.4984967,
              -9.4371915
            ],
            [
              -40.4979104,
              -9.4377892
            ],
            [
              -40.4977972,
              -9.4379006
            ],
            [
              -40.497474,
              -9.4382033
            ],
            [
              -40.4969546,
              -9.4387191
            ],
            [
              -40.4967478,
              -9.4389298
            ],
            [
              -40.49637,
              -9.4393168
            ],
            [
              -40.4960846,
              -9.4395839
            ],
            [
              -40.4959059,
              -9.4397511
            ]
          ]
        ]
      },
      "id": "relation/11368503"
    },
    {
      "type": "Feature",
      "properties": {
        "@id": "relation/11370039",
        "admin_level": "10",
        "boundary": "administrative",
        "name": "Bairro João XXIII",
        "type": "boundary"
      },
      "geometry": {
        "type": "Polygon",
        "coordinates": [
          [
            [
              -40.4965085,
              -9.4349243
            ],
            [
              -40.4965225,
              -9.4348938
            ],
            [
              -40.4965774,
              -9.4347895
            ],
            [
              -40.4966315,
              -9.4346692
            ],
            [
              -40.4972351,
              -9.4333788
            ],
            [
              -40.4974366,
              -9.4329736
            ],
            [
              -40.4976345,
              -9.4325529
            ],
            [
              -40.4978439,
              -9.4321079
            ],
            [
              -40.4980473,
              -9.4316731
            ],
            [
              -40.4984299,
              -9.4308754
            ],
            [
              -40.4984399,
              -9.4308469
            ],
            [
              -40.4985428,
              -9.4306159
            ],
            [
              -40.4985537,
              -9.4305913
            ],
            [
              -40.4986223,
              -9.4304374
            ],
            [
              -40.4986365,
              -9.4304034
            ],
            [
              -40.4987168,
              -9.4302337
            ],
            [
              -40.4988509,
              -9.4299506
            ],
            [
              -40.4989126,
              -9.4297759
            ],
            [
              -40.4990092,
              -9.4295537
            ],
            [
              -40.4991339,
              -9.4292084
            ],
            [
              -40.4992088,
              -9.4289909
            ],
            [
              -40.4992345,
              -9.4289161
            ],
            [
              -40.4992828,
              -9.4287757
            ],
            [
              -40.4994893,
              -9.4280468
            ],
            [
              -40.4996589,
              -9.4273935
            ],
            [
              -40.4996895,
              -9.4272771
            ],
            [
              -40.4997803,
              -9.4268799
            ],
            [
              -40.49989,
              -9.4266783
            ],
            [
              -40.5000258,
              -9.4264288
            ],
            [
              -40.5001746,
              -9.426225
            ],
            [
              -40.5003248,
              -9.426057
            ],
            [
              -40.5004289,
              -9.4259579
            ],
            [
              -40.5005579,
              -9.425865
            ],
            [
              -40.5009618,
              -9.4256522
            ],
            [
              -40.5011871,
              -9.4255701
            ],
            [
              -40.5015837,
              -9.4254753
            ],
            [
              -40.5044446,
              -9.4249024
            ],
            [
              -40.5048755,
              -9.4248163
            ],
            [
              -40.5051126,
              -9.424776
            ],
            [
              -40.5052111,
              -9.4248005
            ],
            [
              -40.5053107,
              -9.4248379
            ],
            [
              -40.5053965,
              -9.4248752
            ],
            [
              -40.5055279,
              -9.4249358
            ],
            [
              -40.5055481,
              -9.4249497
            ],
            [
              -40.5055595,
              -9.42496
            ],
            [
              -40.5056001,
              -9.4251686
            ],
            [
              -40.5056061,
              -9.4252877
            ],
            [
              -40.5055907,
              -9.4253915
            ],
            [
              -40.5055877,
              -9.4255096
            ],
            [
              -40.5053684,
              -9.4259739
            ],
            [
              -40.5051769,
              -9.4263322
            ],
            [
              -40.5051044,
              -9.4264871
            ],
            [
              -40.50507,
              -9.4265606
            ],
            [
              -40.5050451,
              -9.4266126
            ],
            [
              -40.5043817,
              -9.4279978
            ],
            [
              -40.5042522,
              -9.428369
            ],
            [
              -40.5041705,
              -9.4284748
            ],
            [
              -40.5041563,
              -9.4285251
            ],
            [
              -40.5041281,
              -9.428613
            ],
            [
              -40.5041148,
              -9.4286838
            ],
            [
              -40.504092,
              -9.4287665
            ],
            [
              -40.5040732,
              -9.428822
            ],
            [
              -40.5040665,
              -9.4288849
            ],
            [
              -40.5040611,
              -9.4289359
            ],
            [
              -40.5040478,
              -9.4290461
            ],
            [
              -40.5040401,
              -9.4291376
            ],
            [
              -40.5040136,
              -9.4292388
            ],
            [
              -40.5039813,
              -9.4294491
            ],
            [
              -40.5039659,
              -9.4295378
            ],
            [
              -40.503935,
              -9.4296191
            ],
            [
              -40.5038604,
              -9.4298299
            ],
            [
              -40.5037643,
              -9.4300524
            ],
            [
              -40.5034453,
              -9.4307795
            ],
            [
              -40.503422,
              -9.4308284
            ],
            [
              -40.5029628,
              -9.4317181
            ],
            [
              -40.5027938,
              -9.4320462
            ],
            [
              -40.5024451,
              -9.4325778
            ],
            [
              -40.5022091,
              -9.4328731
            ],
            [
              -40.5020321,
              -9.4330675
            ],
            [
              -40.5018839,
              -9.4332304
            ],
            [
              -40.5017829,
              -9.4333653
            ],
            [
              -40.501705,
              -9.4334701
            ],
            [
              -40.5016294,
              -9.4335634
            ],
            [
              -40.5015398,
              -9.4336761
            ],
            [
              -40.5014978,
              -9.4337253
            ],
            [
              -40.5014467,
              -9.4337852
            ],
            [
              -40.5014183,
              -9.4338391
            ],
            [
              -40.5013881,
              -9.4338854
            ],
            [
              -40.501356,
              -9.4339348
            ],
            [
              -40.5010814,
              -9.4343114
            ],
            [
              -40.5009566,
              -9.4344812
            ],
            [
              -40.5008754,
              -9.4345773
            ],
            [
              -40.500787,
              -9.4346717
            ],
            [
              -40.5003193,
              -9.4352675
            ],
            [
              -40.5000192,
              -9.4355998
            ],
            [
              -40.499323,
              -9.436314
            ],
            [
              -40.4992103,
              -9.4365063
            ],
            [
              -40.4989384,
              -9.436758
            ],
            [
              -40.498841,
              -9.4368562
            ],
            [
              -40.4987353,
              -9.4369634
            ],
            [
              -40.4986954,
              -9.4369292
            ],
            [
              -40.4976735,
              -9.435953
            ],
            [
              -40.4970244,
              -9.4353271
            ],
            [
              -40.496732,
              -9.4350711
            ],
            [
              -40.4966616,
              -9.4350235
            ],
            [
              -40.4965085,
              -9.4349243
            ]
          ]
        ]
      },
      "id": "relation/11370039"
    },
    {
      "type": "Feature",
      "properties": {
        "@id": "relation/11370050",
        "admin_level": "10",
        "boundary": "administrative",
        "name": "Bairro Dom Tomaz",
        "type": "boundary"
      },
      "geometry": {
        "type": "Polygon",
        "coordinates": [
          [
            [
              -40.489836,
              -9.4352649
            ],
            [
              -40.490024,
              -9.4348928
            ],
            [
              -40.4903627,
              -9.4351584
            ],
            [
              -40.490476,
              -9.4352612
            ],
            [
              -40.4908532,
              -9.4355723
            ],
            [
              -40.4913229,
              -9.4357879
            ],
            [
              -40.4909715,
              -9.4365122
            ],
            [
              -40.4907912,
              -9.4369182
            ],
            [
              -40.4906005,
              -9.4373205
            ],
            [
              -40.4904132,
              -9.4376926
            ],
            [
              -40.4902621,
              -9.4380374
            ],
            [
              -40.4902042,
              -9.438151
            ],
            [
              -40.4899755,
              -9.4386457
            ],
            [
              -40.4899226,
              -9.4387585
            ],
            [
              -40.4897194,
              -9.4391424
            ],
            [
              -40.490378,
              -9.4394527
            ],
            [
              -40.4904782,
              -9.4394994
            ],
            [
              -40.4908771,
              -9.4396852
            ],
            [
              -40.4912659,
              -9.4398663
            ],
            [
              -40.4913301,
              -9.4398961
            ],
            [
              -40.4910219,
              -9.4404575
            ],
            [
              -40.4907762,
              -9.4409682
            ],
            [
              -40.4905911,
              -9.4413532
            ],
            [
              -40.4905294,
              -9.4414603
            ],
            [
              -40.4904503,
              -9.4416382
            ],
            [
              -40.4903892,
              -9.4417514
            ],
            [
              -40.4902887,
              -9.4419663
            ],
            [
              -40.4902614,
              -9.442041
            ],
            [
              -40.4895593,
              -9.4416952
            ],
            [
              -40.4887562,
              -9.44132
            ],
            [
              -40.488703,
              -9.4412893
            ],
            [
              -40.4873463,
              -9.4406278
            ],
            [
              -40.4875857,
              -9.4400633
            ],
            [
              -40.4878142,
              -9.4395536
            ],
            [
              -40.4880678,
              -9.4390673
            ],
            [
              -40.4883006,
              -9.4385655
            ],
            [
              -40.4883374,
              -9.438485
            ],
            [
              -40.4885808,
              -9.4379916
            ],
            [
              -40.4888128,
              -9.4374703
            ],
            [
              -40.4890166,
              -9.4370325
            ],
            [
              -40.4890442,
              -9.4369769
            ],
            [
              -40.4892634,
              -9.43649
            ],
            [
              -40.4893747,
              -9.4362585
            ],
            [
              -40.489482,
              -9.4360071
            ],
            [
              -40.4895504,
              -9.4358775
            ],
            [
              -40.489718,
              -9.435511
            ],
            [
              -40.489836,
              -9.4352649
            ]
          ]
        ]
      },
      "id": "relation/11370050"
    },
    {
      "type": "Feature",
      "properties": {
        "@id": "relation/11370056",
        "admin_level": "10",
        "boundary": "administrative",
        "name": "Bairro Santa Maria Goretti",
        "type": "boundary"
      },
      "geometry": {
        "type": "Polygon",
        "coordinates": [
          [
            [
              -40.4971461,
              -9.4176714
            ],
            [
              -40.4972238,
              -9.4176645
            ],
            [
              -40.498312,
              -9.4175341
            ],
            [
              -40.4984439,
              -9.4175572
            ],
            [
              -40.4989898,
              -9.4175122
            ],
            [
              -40.499134,
              -9.4174937
            ],
            [
              -40.4992975,
              -9.4174528
            ],
            [
              -40.4994411,
              -9.4173978
            ],
            [
              -40.4999051,
              -9.4172332
            ],
            [
              -40.5005957,
              -9.4169573
            ],
            [
              -40.5006772,
              -9.4171737
            ],
            [
              -40.5007634,
              -9.4174204
            ],
            [
              -40.5009194,
              -9.4178559
            ],
            [
              -40.50093,
              -9.4178877
            ],
            [
              -40.5009545,
              -9.4179714
            ],
            [
              -40.5009799,
              -9.4181652
            ],
            [
              -40.5010162,
              -9.4183207
            ],
            [
              -40.5011442,
              -9.4187765
            ],
            [
              -40.5011865,
              -9.4191145
            ],
            [
              -40.5011939,
              -9.4192541
            ],
            [
              -40.5012113,
              -9.4197429
            ],
            [
              -40.5011959,
              -9.4199288
            ],
            [
              -40.5011637,
              -9.4202014
            ],
            [
              -40.5011546,
              -9.4202652
            ],
            [
              -40.5010995,
              -9.4206454
            ],
            [
              -40.5010879,
              -9.4207253
            ],
            [
              -40.5010691,
              -9.4208503
            ],
            [
              -40.500986,
              -9.4213623
            ],
            [
              -40.50087,
              -9.4218499
            ],
            [
              -40.5007088,
              -9.4225767
            ],
            [
              -40.5006726,
              -9.4227263
            ],
            [
              -40.5005092,
              -9.4227529
            ],
            [
              -40.4995443,
              -9.4231709
            ],
            [
              -40.4985754,
              -9.4235746
            ],
            [
              -40.4980805,
              -9.4237591
            ],
            [
              -40.4978039,
              -9.4238693
            ],
            [
              -40.4966004,
              -9.4243494
            ],
            [
              -40.4960648,
              -9.4245316
            ],
            [
              -40.4962981,
              -9.4239832
            ],
            [
              -40.4964437,
              -9.4236134
            ],
            [
              -40.4965422,
              -9.4233627
            ],
            [
              -40.4965999,
              -9.423149
            ],
            [
              -40.4967374,
              -9.4223354
            ],
            [
              -40.496781,
              -9.4218564
            ],
            [
              -40.4968232,
              -9.4213749
            ],
            [
              -40.4968788,
              -9.420878
            ],
            [
              -40.4969171,
              -9.4205645
            ],
            [
              -40.4969385,
              -9.4203601
            ],
            [
              -40.4969573,
              -9.4202007
            ],
            [
              -40.4969781,
              -9.4198706
            ],
            [
              -40.4970136,
              -9.4194009
            ],
            [
              -40.4970434,
              -9.4189061
            ],
            [
              -40.497081,
              -9.4184505
            ],
            [
              -40.4970824,
              -9.4184229
            ],
            [
              -40.497084,
              -9.4183945
            ],
            [
              -40.4971166,
              -9.4179314
            ],
            [
              -40.4971222,
              -9.4178894
            ],
            [
              -40.4971263,
              -9.4178512
            ],
            [
              -40.4971321,
              -9.4177989
            ],
            [
              -40.497136,
              -9.4177582
            ],
            [
              -40.49714,
              -9.417719
            ],
            [
              -40.4971461,
              -9.4176714
            ]
          ]
        ]
      },
      "id": "relation/11370056"
    },
    {
      "type": "Feature",
      "properties": {
        "@id": "relation/11370059",
        "admin_level": "10",
        "boundary": "administrative",
        "name": "Bairro Jardim Novo Encontro",
        "type": "boundary"
      },
      "geometry": {
        "type": "Polygon",
        "coordinates": [
          [
            [
              -40.4916146,
              -9.4276732
            ],
            [
              -40.4915669,
              -9.4274222
            ],
            [
              -40.4915087,
              -9.4271159
            ],
            [
              -40.4914361,
              -9.4268238
            ],
            [
              -40.4913891,
              -9.4266322
            ],
            [
              -40.4912775,
              -9.4262173
            ],
            [
              -40.491215,
              -9.4259831
            ],
            [
              -40.4911416,
              -9.4257148
            ],
            [
              -40.491105,
              -9.4255958
            ],
            [
              -40.4909912,
              -9.4251272
            ],
            [
              -40.4909456,
              -9.4249306
            ],
            [
              -40.4908717,
              -9.4246982
            ],
            [
              -40.4908302,
              -9.424537
            ],
            [
              -40.490811,
              -9.4244624
            ],
            [
              -40.4907589,
              -9.4242589
            ],
            [
              -40.4906815,
              -9.4239566
            ],
            [
              -40.4906574,
              -9.4238332
            ],
            [
              -40.4906215,
              -9.423702
            ],
            [
              -40.4905361,
              -9.4233896
            ],
            [
              -40.4904417,
              -9.4230912
            ],
            [
              -40.4902657,
              -9.422463
            ],
            [
              -40.4901398,
              -9.4220134
            ],
            [
              -40.4900873,
              -9.421862
            ],
            [
              -40.4904246,
              -9.4216347
            ],
            [
              -40.490604,
              -9.4214985
            ],
            [
              -40.490693,
              -9.4214437
            ],
            [
              -40.4907782,
              -9.4214053
            ],
            [
              -40.4908861,
              -9.4212803
            ],
            [
              -40.4910397,
              -9.4211877
            ],
            [
              -40.4911081,
              -9.4211619
            ],
            [
              -40.4913554,
              -9.4211334
            ],
            [
              -40.4925882,
              -9.4211047
            ],
            [
              -40.4926571,
              -9.4210613
            ],
            [
              -40.4928307,
              -9.4213544
            ],
            [
              -40.4929842,
              -9.4216202
            ],
            [
              -40.4930648,
              -9.4217687
            ],
            [
              -40.493154,
              -9.4219676
            ],
            [
              -40.4931834,
              -9.4220675
            ],
            [
              -40.4932218,
              -9.4221991
            ],
            [
              -40.4933618,
              -9.4220946
            ],
            [
              -40.4934145,
              -9.4220133
            ],
            [
              -40.4934417,
              -9.4219677
            ],
            [
              -40.4935741,
              -9.4217464
            ],
            [
              -40.4936159,
              -9.4216706
            ],
            [
              -40.493657,
              -9.4215758
            ],
            [
              -40.4939975,
              -9.4205626
            ],
            [
              -40.4941215,
              -9.4201749
            ],
            [
              -40.4941383,
              -9.4201154
            ],
            [
              -40.4941378,
              -9.4200643
            ],
            [
              -40.4941242,
              -9.4200187
            ],
            [
              -40.4941034,
              -9.4199705
            ],
            [
              -40.4941034,
              -9.4199493
            ],
            [
              -40.4941101,
              -9.4198931
            ],
            [
              -40.4941222,
              -9.4198408
            ],
            [
              -40.4941537,
              -9.4197833
            ],
            [
              -40.4941873,
              -9.4197515
            ],
            [
              -40.4942496,
              -9.4197488
            ],
            [
              -40.4944608,
              -9.4198203
            ],
            [
              -40.4945581,
              -9.4198614
            ],
            [
              -40.4958771,
              -9.4195187
            ],
            [
              -40.4968439,
              -9.4192798
            ],
            [
              -40.4967883,
              -9.4198591
            ],
            [
              -40.4967779,
              -9.4201997
            ],
            [
              -40.4967564,
              -9.4204032
            ],
            [
              -40.4967434,
              -9.4205428
            ],
            [
              -40.4967327,
              -9.4207266
            ],
            [
              -40.4966877,
              -9.4212697
            ],
            [
              -40.4966401,
              -9.4218188
            ],
            [
              -40.4966073,
              -9.4222176
            ],
            [
              -40.4965496,
              -9.4225854
            ],
            [
              -40.4964886,
              -9.4230015
            ],
            [
              -40.4964638,
              -9.4231623
            ],
            [
              -40.4964242,
              -9.4233118
            ],
            [
              -40.4963424,
              -9.4235175
            ],
            [
              -40.4962787,
              -9.4236763
            ],
            [
              -40.4960618,
              -9.4241482
            ],
            [
              -40.4959753,
              -9.4242984
            ],
            [
              -40.4958683,
              -9.4244489
            ],
            [
              -40.4957972,
              -9.4245405
            ],
            [
              -40.495747,
              -9.424609
            ],
            [
              -40.4957094,
              -9.4246824
            ],
            [
              -40.4957047,
              -9.4246993
            ],
            [
              -40.4956769,
              -9.4248484
            ],
            [
              -40.4956715,
              -9.4249186
            ],
            [
              -40.4956303,
              -9.4251799
            ],
            [
              -40.4956169,
              -9.4253479
            ],
            [
              -40.4956175,
              -9.4254041
            ],
            [
              -40.4956289,
              -9.4255113
            ],
            [
              -40.4956651,
              -9.4256886
            ],
            [
              -40.4956992,
              -9.4258271
            ],
            [
              -40.4957288,
              -9.4259511
            ],
            [
              -40.495815,
              -9.4262873
            ],
            [
              -40.4958617,
              -9.4265173
            ],
            [
              -40.4958869,
              -9.4266829
            ],
            [
              -40.4958925,
              -9.4267582
            ],
            [
              -40.4958804,
              -9.4268482
            ],
            [
              -40.4958576,
              -9.4269765
            ],
            [
              -40.4957771,
              -9.4271154
            ],
            [
              -40.4956779,
              -9.4272067
            ],
            [
              -40.4955974,
              -9.4272609
            ],
            [
              -40.4955565,
              -9.4272814
            ],
            [
              -40.495403,
              -9.4273224
            ],
            [
              -40.4952889,
              -9.4273441
            ],
            [
              -40.494969,
              -9.427355
            ],
            [
              -40.4949256,
              -9.4273747
            ],
            [
              -40.4946396,
              -9.4273802
            ],
            [
              -40.4942161,
              -9.4273924
            ],
            [
              -40.494139,
              -9.4273807
            ],
            [
              -40.4940981,
              -9.4273654
            ],
            [
              -40.4940578,
              -9.4273232
            ]
          ]
        ]
      },
      "id": "relation/11370059"
    },
    {
      "type": "Feature",
      "properties": {
        "@id": "relation/11370072",
        "admin_level": "10",
        "boundary": "administrative",
        "name": "Bairro Jardim Universitario",
        "type": "boundary"
      },
      "geometry": {
        "type": "Polygon",
        "coordinates": [
          [
            [
              -40.4888291,
              -9.4218303
            ],
            [
              -40.4876241,
              -9.422042
            ],
            [
              -40.4875074,
              -9.4217724
            ],
            [
              -40.487332,
              -9.4213067
            ],
            [
              -40.4870638,
              -9.4205386
            ],
            [
              -40.487538,
              -9.4202563
            ],
            [
              -40.4882683,
              -9.419827
            ],
            [
              -40.4891057,
              -9.4193228
            ],
            [
              -40.4900796,
              -9.4187264
            ],
            [
              -40.4901844,
              -9.4186874
            ],
            [
              -40.49099,
              -9.4180956
            ],
            [
              -40.4912572,
              -9.4185601
            ],
            [
              -40.4914248,
              -9.4188821
            ],
            [
              -40.4914611,
              -9.4189463
            ],
            [
              -40.4916672,
              -9.419299
            ],
            [
              -40.4916842,
              -9.4193306
            ],
            [
              -40.491821,
              -9.4195854
            ],
            [
              -40.4924783,
              -9.4207172
            ],
            [
              -40.4926571,
              -9.4210613
            ],
            [
              -40.4925882,
              -9.4211047
            ],
            [
              -40.4913554,
              -9.4211334
            ],
            [
              -40.4911081,
              -9.4211619
            ],
            [
              -40.4910397,
              -9.4211877
            ],
            [
              -40.4908861,
              -9.4212803
            ],
            [
              -40.4907782,
              -9.4214053
            ],
            [
              -40.490693,
              -9.4214437
            ],
            [
              -40.490604,
              -9.4214985
            ],
            [
              -40.4904246,
              -9.4216347
            ],
            [
              -40.4900873,
              -9.421862
            ],
            [
              -40.4899892,
              -9.4215922
            ],
            [
              -40.489946,
              -9.4214503
            ],
            [
              -40.4898103,
              -9.4210072
            ],
            [
              -40.4897954,
              -9.4209729
            ],
            [
              -40.4891253,
              -9.4215826
            ],
            [
              -40.4888291,
              -9.4218303
            ]
          ]
        ]
      },
      "id": "relation/11370072"
    },
    {
      "type": "Feature",
      "properties": {
        "@id": "relation/11370074",
        "admin_level": "10",
        "boundary": "administrative",
        "name": "Bairro São Geraldo",
        "type": "boundary"
      },
      "geometry": {
        "type": "Polygon",
        "coordinates": [
          [
            [
              -40.4847989,
              -9.4268205
            ],
            [
              -40.4829317,
              -9.4263734
            ],
            [
              -40.4821872,
              -9.4264107
            ],
            [
              -40.4806476,
              -9.4265912
            ],
            [
              -40.4781048,
              -9.4269958
            ],
            [
              -40.4764579,
              -9.4272012
            ],
            [
              -40.4761866,
              -9.4271701
            ],
            [
              -40.474862,
              -9.4268322
            ],
            [
              -40.4746798,
              -9.4267896
            ],
            [
              -40.4747339,
              -9.4265664
            ],
            [
              -40.4748023,
              -9.4262727
            ],
            [
              -40.4748519,
              -9.4260954
            ],
            [
              -40.4749166,
              -9.4258556
            ],
            [
              -40.474986,
              -9.4255265
            ],
            [
              -40.4750155,
              -9.4254008
            ],
            [
              -40.475049,
              -9.4252592
            ],
            [
              -40.475104,
              -9.4250608
            ],
            [
              -40.4751939,
              -9.4246851
            ],
            [
              -40.475273,
              -9.4242789
            ],
            [
              -40.4753186,
              -9.4241029
            ],
            [
              -40.4753803,
              -9.4238201
            ],
            [
              -40.4753986,
              -9.4236651
            ],
            [
              -40.4754192,
              -9.4234864
            ],
            [
              -40.4754272,
              -9.4234064
            ],
            [
              -40.4754359,
              -9.4233773
            ],
            [
              -40.4754604,
              -9.4233047
            ],
            [
              -40.4754644,
              -9.4232584
            ],
            [
              -40.4754815,
              -9.4232203
            ],
            [
              -40.4755135,
              -9.4231864
            ],
            [
              -40.4755532,
              -9.4231658
            ],
            [
              -40.4755998,
              -9.4231593
            ],
            [
              -40.4758453,
              -9.4231633
            ],
            [
              -40.4759854,
              -9.4231712
            ],
            [
              -40.4761534,
              -9.4231778
            ],
            [
              -40.4762741,
              -9.4231849
            ],
            [
              -40.4766286,
              -9.4231769
            ],
            [
              -40.4772401,
              -9.4231637
            ],
            [
              -40.4777433,
              -9.4231292
            ],
            [
              -40.4780948,
              -9.4230954
            ],
            [
              -40.4781688,
              -9.4230883
            ],
            [
              -40.4786512,
              -9.4230419
            ],
            [
              -40.4789061,
              -9.4230127
            ],
            [
              -40.4789328,
              -9.4230107
            ],
            [
              -40.4791321,
              -9.4229954
            ],
            [
              -40.4792893,
              -9.4229811
            ],
            [
              -40.4796061,
              -9.4229499
            ],
            [
              -40.4798743,
              -9.4229096
            ],
            [
              -40.4806441,
              -9.4227363
            ],
            [
              -40.4813164,
              -9.4225883
            ],
            [
              -40.4822253,
              -9.4223685
            ],
            [
              -40.4823359,
              -9.4223334
            ],
            [
              -40.4824459,
              -9.4223076
            ],
            [
              -40.4825579,
              -9.4222891
            ],
            [
              -40.4826739,
              -9.4222712
            ],
            [
              -40.482924,
              -9.4222692
            ],
            [
              -40.4832425,
              -9.4222858
            ],
            [
              -40.483386,
              -9.4222831
            ],
            [
              -40.4835583,
              -9.4222653
            ],
            [
              -40.4838024,
              -9.4222071
            ],
            [
              -40.4843187,
              -9.4220556
            ],
            [
              -40.4846426,
              -9.4219272
            ],
            [
              -40.4849309,
              -9.4217996
            ],
            [
              -40.4850745,
              -9.4217186
            ],
            [
              -40.4852499,
              -9.4216138
            ],
            [
              -40.4866724,
              -9.4207729
            ],
            [
              -40.4867421,
              -9.4207345
            ],
            [
              -40.4870638,
              -9.4205386
            ],
            [
              -40.487332,
              -9.4213067
            ],
            [
              -40.4875074,
              -9.4217724
            ],
            [
              -40.4876241,
              -9.422042
            ],
            [
              -40.4888291,
              -9.4218303
            ],
            [
              -40.4891253,
              -9.4215826
            ],
            [
              -40.4897954,
              -9.4209729
            ],
            [
              -40.4898103,
              -9.4210072
            ],
            [
              -40.489946,
              -9.4214503
            ],
            [
              -40.4899892,
              -9.4215922
            ],
            [
              -40.4900873,
              -9.421862
            ],
            [
              -40.4901398,
              -9.4220134
            ],
            [
              -40.4902657,
              -9.422463
            ],
            [
              -40.4904417,
              -9.4230912
            ],
            [
              -40.4905361,
              -9.4233896
            ],
            [
              -40.4906215,
              -9.423702
            ],
            [
              -40.4856384,
              -9.4249123
            ],
            [
              -40.4856551,
              -9.4250866
            ],
            [
              -40.4856699,
              -9.4252751
            ],
            [
              -40.4856786,
              -9.4254299
            ],
            [
              -40.4856826,
              -9.425508
            ],
            [
              -40.4856927,
              -9.4255708
            ],
            [
              -40.4857182,
              -9.4256217
            ],
            [
              -40.4857329,
              -9.4256449
            ],
            [
              -40.4857638,
              -9.4256674
            ],
            [
              -40.4858074,
              -9.4256846
            ],
            [
              -40.4857919,
              -9.4257647
            ]
          ]
        ]
      },
      "id": "relation/11370074"
    },
    {
      "type": "Feature",
      "properties": {
        "@id": "relation/11370083",
        "admin_level": "10",
        "boundary": "administrative",
        "name": "Bairro Itaberaba",
        "type": "boundary"
      },
      "geometry": {
        "type": "Polygon",
        "coordinates": [
          [
            [
              -40.4755332,
              -9.4480674
            ],
            [
              -40.4755137,
              -9.4485757
            ],
            [
              -40.4756492,
              -9.4486835
            ],
            [
              -40.4758155,
              -9.448829
            ],
            [
              -40.4759576,
              -9.4489461
            ],
            [
              -40.4760703,
              -9.4490327
            ],
            [
              -40.4762071,
              -9.44912
            ],
            [
              -40.4762875,
              -9.4491749
            ],
            [
              -40.4763512,
              -9.4492166
            ],
            [
              -40.4764344,
              -9.4492589
            ],
            [
              -40.4765259,
              -9.4493059
            ],
            [
              -40.4765936,
              -9.4493281
            ],
            [
              -40.4766547,
              -9.4493436
            ],
            [
              -40.476721,
              -9.4493496
            ],
            [
              -40.476764,
              -9.4493519
            ],
            [
              -40.4768109,
              -9.4493545
            ],
            [
              -40.4769333,
              -9.4493555
            ],
            [
              -40.4771787,
              -9.4493489
            ],
            [
              -40.4774684,
              -9.4493502
            ],
            [
              -40.4775716,
              -9.4493509
            ],
            [
              -40.4777647,
              -9.4493453
            ],
            [
              -40.4780435,
              -9.4493389
            ],
            [
              -40.4781363,
              -9.4493383
            ],
            [
              -40.4782837,
              -9.4493429
            ],
            [
              -40.4783991,
              -9.4493576
            ],
            [
              -40.4784528,
              -9.4493689
            ],
            [
              -40.4784665,
              -9.4493715
            ],
            [
              -40.4785218,
              -9.4493853
            ],
            [
              -40.4787069,
              -9.4494322
            ],
            [
              -40.478786,
              -9.4494554
            ],
            [
              -40.4788749,
              -9.4494852
            ],
            [
              -40.4790073,
              -9.449542
            ],
            [
              -40.4791706,
              -9.4496138
            ],
            [
              -40.4792568,
              -9.4493518
            ],
            [
              -40.4793179,
              -9.449165
            ],
            [
              -40.4795431,
              -9.4484996
            ],
            [
              -40.4797563,
              -9.447891
            ],
            [
              -40.4798542,
              -9.4475855
            ],
            [
              -40.4799306,
              -9.4473553
            ],
            [
              -40.4800366,
              -9.4469875
            ],
            [
              -40.4801372,
              -9.4467057
            ],
            [
              -40.4802123,
              -9.4463842
            ],
            [
              -40.4803021,
              -9.4459331
            ],
            [
              -40.4803517,
              -9.4457016
            ],
            [
              -40.4803826,
              -9.4455521
            ],
            [
              -40.4804778,
              -9.4452148
            ],
            [
              -40.4805261,
              -9.4450547
            ],
            [
              -40.4822815,
              -9.4452103
            ],
            [
              -40.4831613,
              -9.4445488
            ],
            [
              -40.4829038,
              -9.4441361
            ],
            [
              -40.482992,
              -9.4438826
            ],
            [
              -40.4833125,
              -9.4436638
            ],
            [
              -40.4853514,
              -9.4421435
            ],
            [
              -40.4860641,
              -9.4435866
            ],
            [
              -40.4866268,
              -9.4447266
            ],
            [
              -40.487204,
              -9.4459098
            ],
            [
              -40.4875173,
              -9.4465536
            ],
            [
              -40.4877493,
              -9.4469782
            ],
            [
              -40.4878183,
              -9.4471224
            ],
            [
              -40.4878472,
              -9.4472031
            ],
            [
              -40.4878646,
              -9.4472944
            ],
            [
              -40.4878901,
              -9.4474194
            ],
            [
              -40.4878807,
              -9.4474862
            ],
            [
              -40.4878532,
              -9.4475544
            ],
            [
              -40.4878318,
              -9.4476079
            ],
            [
              -40.4878103,
              -9.4476529
            ],
            [
              -40.4877895,
              -9.4476946
            ],
            [
              -40.4877567,
              -9.4477469
            ],
            [
              -40.4877225,
              -9.4478037
            ],
            [
              -40.4874615,
              -9.4480753
            ],
            [
              -40.4860897,
              -9.4494389
            ],
            [
              -40.4858717,
              -9.4496637
            ],
            [
              -40.4857578,
              -9.4497761
            ],
            [
              -40.4855999,
              -9.4499256
            ],
            [
              -40.4843469,
              -9.451189
            ],
            [
              -40.4841588,
              -9.4513792
            ],
            [
              -40.4839937,
              -9.4515457
            ],
            [
              -40.4835536,
              -9.4519773
            ],
            [
              -40.4834248,
              -9.4521066
            ],
            [
              -40.483324,
              -9.4521998
            ],
            [
              -40.4832016,
              -9.4523268
            ],
            [
              -40.4830796,
              -9.4524498
            ],
            [
              -40.4829575,
              -9.4525622
            ],
            [
              -40.4828046,
              -9.4526905
            ],
            [
              -40.4825619,
              -9.452881
            ],
            [
              -40.4823204,
              -9.4530503
            ],
            [
              -40.4822655,
              -9.4530874
            ],
            [
              -40.4820322,
              -9.4532078
            ],
            [
              -40.481839,
              -9.4533149
            ],
            [
              -40.4815654,
              -9.4534472
            ],
            [
              -40.4814971,
              -9.4534856
            ],
            [
              -40.4812798,
              -9.4535623
            ],
            [
              -40.4810961,
              -9.4536271
            ],
            [
              -40.4809459,
              -9.4536774
            ],
            [
              -40.4807648,
              -9.453729
            ],
            [
              -40.4806602,
              -9.4537489
            ],
            [
              -40.4805449,
              -9.453778
            ],
            [
              -40.4803585,
              -9.4538229
            ],
            [
              -40.4802062,
              -9.453858
            ],
            [
              -40.4799957,
              -9.4539103
            ],
            [
              -40.4797261,
              -9.4539685
            ],
            [
              -40.4795189,
              -9.4540181
            ],
            [
              -40.4793721,
              -9.4540518
            ],
            [
              -40.4792346,
              -9.4540862
            ],
            [
              -40.4788859,
              -9.4541642
            ],
            [
              -40.4785875,
              -9.454235
            ],
            [
              -40.4778962,
              -9.4544083
            ],
            [
              -40.4778559,
              -9.454417
            ],
            [
              -40.4777647,
              -9.4544367
            ],
            [
              -40.4776293,
              -9.4544738
            ],
            [
              -40.477401,
              -9.4545137
            ],
            [
              -40.4756284,
              -9.4548879
            ],
            [
              -40.4743999,
              -9.4551471
            ],
            [
              -40.4736502,
              -9.4553165
            ],
            [
              -40.4724701,
              -9.4555857
            ],
            [
              -40.4713731,
              -9.4558165
            ],
            [
              -40.4700159,
              -9.4561168
            ],
            [
              -40.4693748,
              -9.4562584
            ],
            [
              -40.4685648,
              -9.4564277
            ],
            [
              -40.4680645,
              -9.4565481
            ],
            [
              -40.4672907,
              -9.4567187
            ],
            [
              -40.4656626,
              -9.4570574
            ],
            [
              -40.4680894,
              -9.4450071
            ],
            [
              -40.4684282,
              -9.4456919
            ],
            [
              -40.4746288,
              -9.4465366
            ],
            [
              -40.4744514,
              -9.4477989
            ],
            [
              -40.4755332,
              -9.4480674
            ]
          ]
        ]
      },
      "id": "relation/11370083"
    },
    {
      "type": "Feature",
      "properties": {
        "@id": "relation/11370092",
        "admin_level": "10",
        "boundary": "administrative",
        "name": "Bairro Tabuleiro",
        "type": "boundary"
      },
      "geometry": {
        "type": "Polygon",
        "coordinates": [
          [
            [
              -40.4656439,
              -9.4273072
            ],
            [
              -40.4693044,
              -9.4285805
            ],
            [
              -40.4693328,
              -9.4290134
            ],
            [
              -40.4713147,
              -9.4293625
            ],
            [
              -40.4714704,
              -9.4291112
            ],
            [
              -40.4723906,
              -9.4293206
            ],
            [
              -40.4722491,
              -9.4299072
            ],
            [
              -40.4738063,
              -9.4303271
            ],
            [
              -40.4737446,
              -9.4305976
            ],
            [
              -40.4737326,
              -9.4306604
            ],
            [
              -40.473687,
              -9.4308624
            ],
            [
              -40.4735821,
              -9.4310414
            ],
            [
              -40.4735448,
              -9.4311348
            ],
            [
              -40.4735366,
              -9.4311991
            ],
            [
              -40.4735383,
              -9.4312378
            ],
            [
              -40.4735397,
              -9.4312776
            ],
            [
              -40.4736566,
              -9.4313053
            ],
            [
              -40.4746977,
              -9.4315653
            ],
            [
              -40.4756076,
              -9.4317991
            ],
            [
              -40.4760388,
              -9.4319099
            ],
            [
              -40.4772672,
              -9.4322195
            ],
            [
              -40.4777969,
              -9.4323504
            ],
            [
              -40.4781966,
              -9.4324682
            ],
            [
              -40.4781746,
              -9.433011
            ],
            [
              -40.4783182,
              -9.4335727
            ],
            [
              -40.4783776,
              -9.4338626
            ],
            [
              -40.4784562,
              -9.4341643
            ],
            [
              -40.4785265,
              -9.4344791
            ],
            [
              -40.4785788,
              -9.4346365
            ],
            [
              -40.4786316,
              -9.4347921
            ],
            [
              -40.4786901,
              -9.434958
            ],
            [
              -40.4787263,
              -9.435081
            ],
            [
              -40.4788311,
              -9.4353778
            ],
            [
              -40.4789127,
              -9.4353893
            ],
            [
              -40.4788739,
              -9.4360084
            ],
            [
              -40.4795726,
              -9.4361988
            ],
            [
              -40.4795745,
              -9.4367925
            ],
            [
              -40.4802046,
              -9.4369424
            ],
            [
              -40.4803652,
              -9.4369861
            ],
            [
              -40.4807708,
              -9.437088
            ],
            [
              -40.4809599,
              -9.4371138
            ],
            [
              -40.4810531,
              -9.4371111
            ],
            [
              -40.4811866,
              -9.437086
            ],
            [
              -40.4813509,
              -9.4370212
            ],
            [
              -40.4814626,
              -9.4369392
            ],
            [
              -40.4816731,
              -9.4367769
            ],
            [
              -40.4817526,
              -9.4366999
            ],
            [
              -40.4818,
              -9.4367633
            ],
            [
              -40.4818739,
              -9.4368631
            ],
            [
              -40.4820818,
              -9.4371091
            ],
            [
              -40.4822601,
              -9.4372639
            ],
            [
              -40.4826102,
              -9.4375431
            ],
            [
              -40.4827899,
              -9.4377389
            ],
            [
              -40.4834819,
              -9.4386742
            ],
            [
              -40.4839781,
              -9.4393886
            ],
            [
              -40.4841135,
              -9.439632
            ],
            [
              -40.4842637,
              -9.4399403
            ],
            [
              -40.4853514,
              -9.4421435
            ],
            [
              -40.4833125,
              -9.4436638
            ],
            [
              -40.482992,
              -9.4438826
            ],
            [
              -40.4829038,
              -9.4441361
            ],
            [
              -40.4831613,
              -9.4445488
            ],
            [
              -40.4822815,
              -9.4452103
            ],
            [
              -40.4805261,
              -9.4450547
            ],
            [
              -40.4804778,
              -9.4452148
            ],
            [
              -40.4803826,
              -9.4455521
            ],
            [
              -40.4803517,
              -9.4457016
            ],
            [
              -40.4803021,
              -9.4459331
            ],
            [
              -40.4802123,
              -9.4463842
            ],
            [
              -40.4801372,
              -9.4467057
            ],
            [
              -40.4800366,
              -9.4469875
            ],
            [
              -40.4799306,
              -9.4473553
            ],
            [
              -40.4798542,
              -9.4475855
            ],
            [
              -40.4797563,
              -9.447891
            ],
            [
              -40.4795431,
              -9.4484996
            ],
            [
              -40.4793179,
              -9.449165
            ],
            [
              -40.4792568,
              -9.4493518
            ],
            [
              -40.4791706,
              -9.4496138
            ],
            [
              -40.4790073,
              -9.449542
            ],
            [
              -40.4788749,
              -9.4494852
            ],
            [
              -40.478786,
              -9.4494554
            ],
            [
              -40.4787069,
              -9.4494322
            ],
            [
              -40.4785218,
              -9.4493853
            ],
            [
              -40.4784665,
              -9.4493715
            ],
            [
              -40.4784528,
              -9.4493689
            ],
            [
              -40.4783991,
              -9.4493576
            ],
            [
              -40.4782837,
              -9.4493429
            ],
            [
              -40.4781363,
              -9.4493383
            ],
            [
              -40.4780435,
              -9.4493389
            ],
            [
              -40.4777647,
              -9.4493453
            ],
            [
              -40.4775716,
              -9.4493509
            ],
            [
              -40.4774684,
              -9.4493502
            ],
            [
              -40.4771787,
              -9.4493489
            ],
            [
              -40.4769333,
              -9.4493555
            ],
            [
              -40.4768109,
              -9.4493545
            ],
            [
              -40.476764,
              -9.4493519
            ],
            [
              -40.476721,
              -9.4493496
            ],
            [
              -40.4766547,
              -9.4493436
            ],
            [
              -40.4765936,
              -9.4493281
            ],
            [
              -40.4765259,
              -9.4493059
            ],
            [
              -40.4764344,
              -9.4492589
            ],
            [
              -40.4763512,
              -9.4492166
            ],
            [
              -40.4762875,
              -9.4491749
            ],
            [
              -40.4762071,
              -9.44912
            ],
            [
              -40.4760703,
              -9.4490327
            ],
            [
              -40.4759576,
              -9.4489461
            ],
            [
              -40.4758155,
              -9.448829
            ],
            [
              -40.4756492,
              -9.4486835
            ],
            [
              -40.4755137,
              -9.4485757
            ],
            [
              -40.4755332,
              -9.4480674
            ],
            [
              -40.4744514,
              -9.4477989
            ],
            [
              -40.4746288,
              -9.4465366
            ],
            [
              -40.4684282,
              -9.4456919
            ],
            [
              -40.4680894,
              -9.4450071
            ],
            [
              -40.4684307,
              -9.4432992
            ],
            [
              -40.4685513,
              -9.4426113
            ],
            [
              -40.468605,
              -9.4424115
            ],
            [
              -40.4686734,
              -9.4420027
            ],
            [
              -40.468774,
              -9.441492
            ],
            [
              -40.4688303,
              -9.4411865
            ],
            [
              -40.4689041,
              -9.4408544
            ],
            [
              -40.4691643,
              -9.4391055
            ],
            [
              -40.4692836,
              -9.4383779
            ],
            [
              -40.4693198,
              -9.4380312
            ],
            [
              -40.4694633,
              -9.4371872
            ],
            [
              -40.4695518,
              -9.4368935
            ],
            [
              -40.4696229,
              -9.4366712
            ],
            [
              -40.469761,
              -9.4360918
            ],
            [
              -40.4692102,
              -9.4365748
            ],
            [
              -40.4686216,
              -9.437091
            ],
            [
              -40.4679432,
              -9.437686
            ],
            [
              -40.4639816,
              -9.4408989
            ],
            [
              -40.4633186,
              -9.439979
            ],
            [
              -40.4635479,
              -9.4386203
            ],
            [
              -40.4638035,
              -9.4371059
            ],
            [
              -40.4640682,
              -9.435537
            ],
            [
              -40.4639472,
              -9.4352929
            ],
            [
              -40.4630345,
              -9.4334525
            ],
            [
              -40.4629091,
              -9.4331997
            ],
            [
              -40.4628772,
              -9.4322128
            ],
            [
              -40.4625177,
              -9.4303096
            ],
            [
              -40.4626146,
              -9.4289147
            ],
            [
              -40.4644708,
              -9.4291833
            ],
            [
              -40.4645173,
              -9.4290642
            ],
            [
              -40.464575,
              -9.4289239
            ],
            [
              -40.464638,
              -9.4288128
            ],
            [
              -40.4648231,
              -9.4285257
            ],
            [
              -40.465098,
              -9.4281328
            ],
            [
              -40.4656439,
              -9.4273072
            ]
          ]
        ]
      },
      "id": "relation/11370092"
    },
    {
      "type": "Feature",
      "properties": {
        "@id": "relation/11370093",
        "admin_level": "10",
        "boundary": "administrative",
        "name": "Bairro Tancredo Neves",
        "type": "boundary"
      },
      "geometry": {
        "type": "Polygon",
        "coordinates": [
          [
            [
              -40.4898423,
              -9.4484292
            ],
            [
              -40.4898206,
              -9.4484169
            ],
            [
              -40.4897891,
              -9.448407
            ],
            [
              -40.4897616,
              -9.4484043
            ],
            [
              -40.4896992,
              -9.4484037
            ],
            [
              -40.4896268,
              -9.4484043
            ],
            [
              -40.4895383,
              -9.448401
            ],
            [
              -40.489482,
              -9.4483898
            ],
            [
              -40.4894069,
              -9.448364
            ],
            [
              -40.4893304,
              -9.4483336
            ],
            [
              -40.4889784,
              -9.4481589
            ],
            [
              -40.4887611,
              -9.4480412
            ],
            [
              -40.4886592,
              -9.4479784
            ],
            [
              -40.4885801,
              -9.4479182
            ],
            [
              -40.4885124,
              -9.4478586
            ],
            [
              -40.4884594,
              -9.4477971
            ],
            [
              -40.4884017,
              -9.4477091
            ],
            [
              -40.4883588,
              -9.447641
            ],
            [
              -40.4883192,
              -9.4475822
            ],
            [
              -40.4882656,
              -9.4474955
            ],
            [
              -40.4881469,
              -9.4473493
            ],
            [
              -40.4881355,
              -9.4473374
            ],
            [
              -40.4881201,
              -9.4473229
            ],
            [
              -40.4880926,
              -9.4473076
            ],
            [
              -40.4879947,
              -9.4472045
            ],
            [
              -40.4879276,
              -9.4471343
            ],
            [
              -40.4878713,
              -9.4470603
            ],
            [
              -40.4874395,
              -9.4462017
            ],
            [
              -40.4872383,
              -9.4457466
            ],
            [
              -40.4870425,
              -9.4453471
            ],
            [
              -40.4868346,
              -9.4449945
            ],
            [
              -40.4868729,
              -9.4449495
            ],
            [
              -40.4869983,
              -9.4447683
            ],
            [
              -40.4871478,
              -9.444554
            ],
            [
              -40.4872222,
              -9.4444409
            ],
            [
              -40.487355,
              -9.4441842
            ],
            [
              -40.4874167,
              -9.4440572
            ],
            [
              -40.48758,
              -9.4437071
            ],
            [
              -40.4876862,
              -9.4435029
            ],
            [
              -40.4877584,
              -9.4433531
            ],
            [
              -40.487825,
              -9.4432167
            ],
            [
              -40.487929,
              -9.4429983
            ],
            [
              -40.4880138,
              -9.4428237
            ],
            [
              -40.4880457,
              -9.442766
            ],
            [
              -40.4880662,
              -9.4427242
            ],
            [
              -40.4882237,
              -9.4424022
            ],
            [
              -40.4882965,
              -9.4422554
            ],
            [
              -40.4883786,
              -9.4420881
            ],
            [
              -40.4883987,
              -9.4420464
            ],
            [
              -40.488528,
              -9.4417601
            ],
            [
              -40.4885648,
              -9.4416778
            ],
            [
              -40.4887562,
              -9.44132
            ],
            [
              -40.4895593,
              -9.4416952
            ],
            [
              -40.4902614,
              -9.442041
            ],
            [
              -40.4903214,
              -9.4420732
            ],
            [
              -40.4910755,
              -9.4424421
            ],
            [
              -40.4916632,
              -9.4427338
            ],
            [
              -40.4919933,
              -9.4429129
            ],
            [
              -40.4920909,
              -9.443111
            ],
            [
              -40.492128,
              -9.4431623
            ],
            [
              -40.4921608,
              -9.4432039
            ],
            [
              -40.4922416,
              -9.4432696
            ],
            [
              -40.4922604,
              -9.44331
            ],
            [
              -40.492285,
              -9.4433472
            ],
            [
              -40.4923155,
              -9.4433811
            ],
            [
              -40.492309,
              -9.4434226
            ],
            [
              -40.4923057,
              -9.4434622
            ],
            [
              -40.4923097,
              -9.4435185
            ],
            [
              -40.4923137,
              -9.4436028
            ],
            [
              -40.4923003,
              -9.4437073
            ],
            [
              -40.4921498,
              -9.4441245
            ],
            [
              -40.4920569,
              -9.4443152
            ],
            [
              -40.4919724,
              -9.4444872
            ],
            [
              -40.4918544,
              -9.4447399
            ],
            [
              -40.4916829,
              -9.4450986
            ],
            [
              -40.4915433,
              -9.4453907
            ],
            [
              -40.4912616,
              -9.4459741
            ],
            [
              -40.4910055,
              -9.4465284
            ],
            [
              -40.4909742,
              -9.4465911
            ],
            [
              -40.4907909,
              -9.4469584
            ],
            [
              -40.4905917,
              -9.4473931
            ],
            [
              -40.4905072,
              -9.4475841
            ],
            [
              -40.4903403,
              -9.447936
            ],
            [
              -40.4902571,
              -9.4480551
            ],
            [
              -40.4901914,
              -9.448145
            ],
            [
              -40.4901257,
              -9.4482112
            ],
            [
              -40.4900426,
              -9.4482787
            ],
            [
              -40.4899648,
              -9.4483316
            ],
            [
              -40.4898719,
              -9.4484177
            ],
            [
              -40.4898423,
              -9.4484292
            ]
          ]
        ]
      },
      "id": "relation/11370093"
    },
    {
      "type": "Feature",
      "properties": {
        "@id": "relation/11370108",
        "admin_level": "10",
        "boundary": "administrative",
        "name": "Bairro Sol Levante",
        "type": "boundary"
      },
      "geometry": {
        "type": "Polygon",
        "coordinates": [
          [
            [
              -40.4871626,
              -9.4280856
            ],
            [
              -40.4870886,
              -9.4286098
            ],
            [
              -40.4870747,
              -9.4286911
            ],
            [
              -40.4870322,
              -9.4289946
            ],
            [
              -40.4870081,
              -9.4292547
            ],
            [
              -40.4869756,
              -9.429446
            ],
            [
              -40.4869082,
              -9.429922
            ],
            [
              -40.4868683,
              -9.4302251
            ],
            [
              -40.4868476,
              -9.4303561
            ],
            [
              -40.4868022,
              -9.4308091
            ],
            [
              -40.486742,
              -9.4312484
            ],
            [
              -40.4866784,
              -9.4316936
            ],
            [
              -40.4866415,
              -9.4320131
            ],
            [
              -40.4866249,
              -9.4321354
            ],
            [
              -40.4866248,
              -9.4321692
            ],
            [
              -40.4866261,
              -9.4321831
            ],
            [
              -40.4866355,
              -9.4322003
            ],
            [
              -40.4866559,
              -9.4322191
            ],
            [
              -40.4866836,
              -9.43224
            ],
            [
              -40.4871819,
              -9.4326372
            ],
            [
              -40.4876867,
              -9.4331229
            ],
            [
              -40.4881108,
              -9.4335098
            ],
            [
              -40.4881893,
              -9.4335684
            ],
            [
              -40.4883988,
              -9.433714
            ],
            [
              -40.4885328,
              -9.4338305
            ],
            [
              -40.4885451,
              -9.4338451
            ],
            [
              -40.4885824,
              -9.4338885
            ],
            [
              -40.4886569,
              -9.4339724
            ],
            [
              -40.4889721,
              -9.4343134
            ],
            [
              -40.4892507,
              -9.4346251
            ],
            [
              -40.4894575,
              -9.4348644
            ],
            [
              -40.489836,
              -9.4352649
            ],
            [
              -40.489718,
              -9.435511
            ],
            [
              -40.4895504,
              -9.4358775
            ],
            [
              -40.489482,
              -9.4360071
            ],
            [
              -40.4893747,
              -9.4362585
            ],
            [
              -40.4892634,
              -9.43649
            ],
            [
              -40.4890442,
              -9.4369769
            ],
            [
              -40.4890166,
              -9.4370325
            ],
            [
              -40.4888128,
              -9.4374703
            ],
            [
              -40.4885808,
              -9.4379916
            ],
            [
              -40.4883374,
              -9.438485
            ],
            [
              -40.4883006,
              -9.4385655
            ],
            [
              -40.4880678,
              -9.4390673
            ],
            [
              -40.4878142,
              -9.4395536
            ],
            [
              -40.4875857,
              -9.4400633
            ],
            [
              -40.4873463,
              -9.4406278
            ],
            [
              -40.488703,
              -9.4412893
            ],
            [
              -40.4887562,
              -9.44132
            ],
            [
              -40.4885648,
              -9.4416778
            ],
            [
              -40.488528,
              -9.4417601
            ],
            [
              -40.4883987,
              -9.4420464
            ],
            [
              -40.4883786,
              -9.4420881
            ],
            [
              -40.4882965,
              -9.4422554
            ],
            [
              -40.4882237,
              -9.4424022
            ],
            [
              -40.4880662,
              -9.4427242
            ],
            [
              -40.4880457,
              -9.442766
            ],
            [
              -40.4880138,
              -9.4428237
            ],
            [
              -40.487929,
              -9.4429983
            ],
            [
              -40.487825,
              -9.4432167
            ],
            [
              -40.4877584,
              -9.4433531
            ],
            [
              -40.4876862,
              -9.4435029
            ],
            [
              -40.48758,
              -9.4437071
            ],
            [
              -40.4874167,
              -9.4440572
            ],
            [
              -40.487355,
              -9.4441842
            ],
            [
              -40.4872222,
              -9.4444409
            ],
            [
              -40.4871478,
              -9.444554
            ],
            [
              -40.4869983,
              -9.4447683
            ],
            [
              -40.4868729,
              -9.4449495
            ],
            [
              -40.4868346,
              -9.4449945
            ],
            [
              -40.4853526,
              -9.4419366
            ],
            [
              -40.4846473,
              -9.4405025
            ],
            [
              -40.484363,
              -9.4399085
            ],
            [
              -40.4840988,
              -9.4394309
            ],
            [
              -40.4839385,
              -9.4391564
            ],
            [
              -40.4835717,
              -9.4386411
            ],
            [
              -40.4828355,
              -9.4376463
            ],
            [
              -40.4824396,
              -9.4370673
            ],
            [
              -40.4823855,
              -9.4369929
            ],
            [
              -40.4820603,
              -9.43657
            ],
            [
              -40.4820523,
              -9.4366081
            ],
            [
              -40.4820466,
              -9.4366236
            ],
            [
              -40.4820383,
              -9.4366506
            ],
            [
              -40.4820161,
              -9.4366959
            ],
            [
              -40.4819807,
              -9.4367321
            ],
            [
              -40.4819357,
              -9.4367557
            ],
            [
              -40.4818854,
              -9.4367644
            ],
            [
              -40.4818396,
              -9.4367634
            ],
            [
              -40.4818241,
              -9.4367642
            ],
            [
              -40.4818,
              -9.4367633
            ],
            [
              -40.4817526,
              -9.4366999
            ],
            [
              -40.4816731,
              -9.4367769
            ],
            [
              -40.4814626,
              -9.4369392
            ],
            [
              -40.4813509,
              -9.4370212
            ],
            [
              -40.4811866,
              -9.437086
            ],
            [
              -40.4810531,
              -9.4371111
            ],
            [
              -40.4809599,
              -9.4371138
            ],
            [
              -40.4807708,
              -9.437088
            ],
            [
              -40.4803652,
              -9.4369861
            ],
            [
              -40.4802046,
              -9.4369424
            ],
            [
              -40.4795745,
              -9.4367925
            ],
            [
              -40.4795726,
              -9.4361988
            ],
            [
              -40.4788739,
              -9.4360084
            ],
            [
              -40.4789127,
              -9.4353893
            ],
            [
              -40.4788311,
              -9.4353778
            ],
            [
              -40.4787263,
              -9.435081
            ],
            [
              -40.4786901,
              -9.434958
            ],
            [
              -40.4786316,
              -9.4347921
            ],
            [
              -40.4785788,
              -9.4346365
            ],
            [
              -40.4785265,
              -9.4344791
            ],
            [
              -40.4784562,
              -9.4341643
            ],
            [
              -40.4783776,
              -9.4338626
            ],
            [
              -40.4783182,
              -9.4335727
            ],
            [
              -40.4781746,
              -9.433011
            ],
            [
              -40.4781966,
              -9.4324682
            ],
            [
              -40.4777969,
              -9.4323504
            ],
            [
              -40.4772672,
              -9.4322195
            ],
            [
              -40.4760388,
              -9.4319099
            ],
            [
              -40.4756076,
              -9.4317991
            ],
            [
              -40.4746977,
              -9.4315653
            ],
            [
              -40.4736566,
              -9.4313053
            ],
            [
              -40.4735397,
              -9.4312776
            ],
            [
              -40.4735383,
              -9.4312378
            ],
            [
              -40.4735366,
              -9.4311991
            ],
            [
              -40.4735448,
              -9.4311348
            ],
            [
              -40.4735821,
              -9.4310414
            ],
            [
              -40.473687,
              -9.4308624
            ],
            [
              -40.4737326,
              -9.4306604
            ],
            [
              -40.4737446,
              -9.4305976
            ],
            [
              -40.4738063,
              -9.4303271
            ],
            [
              -40.4738669,
              -9.4300613
            ],
            [
              -40.4739772,
              -9.4295435
            ],
            [
              -40.4741089,
              -9.4290007
            ],
            [
              -40.4742216,
              -9.42858
            ],
            [
              -40.474294,
              -9.4283273
            ],
            [
              -40.4743744,
              -9.4279833
            ],
            [
              -40.4744817,
              -9.427548
            ],
            [
              -40.4745239,
              -9.427373
            ],
            [
              -40.4745649,
              -9.4272067
            ],
            [
              -40.474646,
              -9.4269081
            ],
            [
              -40.4746798,
              -9.4267896
            ],
            [
              -40.474862,
              -9.4268322
            ],
            [
              -40.4761866,
              -9.4271701
            ],
            [
              -40.4764579,
              -9.4272012
            ],
            [
              -40.4781048,
              -9.4269958
            ],
            [
              -40.4806476,
              -9.4265912
            ],
            [
              -40.4821872,
              -9.4264107
            ],
            [
              -40.4829317,
              -9.4263734
            ],
            [
              -40.4847989,
              -9.4268205
            ]
          ]
        ]
      },
      "id": "relation/11370108"
    },
    {
      "type": "Feature",
      "properties": {
        "@id": "relation/11370117",
        "admin_level": "10",
        "boundary": "administrative",
        "name": "Bairro Novo Horizonte",
        "type": "boundary"
      },
      "geometry": {
        "type": "Polygon",
        "coordinates": [
          [
            [
              -40.4808933,
              -9.4762887
            ],
            [
              -40.4737785,
              -9.4910434
            ],
            [
              -40.4699208,
              -9.4992366
            ],
            [
              -40.4666284,
              -9.497862
            ],
            [
              -40.4671499,
              -9.4968274
            ],
            [
              -40.4674177,
              -9.4962347
            ],
            [
              -40.4674798,
              -9.4960973
            ],
            [
              -40.4678486,
              -9.4953612
            ],
            [
              -40.4679852,
              -9.4950759
            ],
            [
              -40.4680196,
              -9.495004
            ],
            [
              -40.4683992,
              -9.4942216
            ],
            [
              -40.4685213,
              -9.4939476
            ],
            [
              -40.4685992,
              -9.4937726
            ],
            [
              -40.4686426,
              -9.4936753
            ],
            [
              -40.4690516,
              -9.4927865
            ],
            [
              -40.4691436,
              -9.4926017
            ],
            [
              -40.4696202,
              -9.4916443
            ],
            [
              -40.4700601,
              -9.4907531
            ],
            [
              -40.470437,
              -9.4899538
            ],
            [
              -40.4706302,
              -9.4895278
            ],
            [
              -40.4707856,
              -9.4892144
            ],
            [
              -40.4714824,
              -9.4877653
            ],
            [
              -40.4718129,
              -9.4870649
            ],
            [
              -40.4721509,
              -9.4863275
            ],
            [
              -40.4724299,
              -9.4857653
            ],
            [
              -40.4726518,
              -9.4852851
            ],
            [
              -40.4729193,
              -9.4847226
            ],
            [
              -40.4729958,
              -9.4845616
            ],
            [
              -40.4734196,
              -9.4836568
            ],
            [
              -40.4737119,
              -9.4830219
            ],
            [
              -40.4741089,
              -9.4822262
            ],
            [
              -40.474421,
              -9.4815688
            ],
            [
              -40.4746494,
              -9.4810979
            ],
            [
              -40.4748344,
              -9.480699
            ],
            [
              -40.4749565,
              -9.4804358
            ],
            [
              -40.4751771,
              -9.4799603
            ],
            [
              -40.4754634,
              -9.4793511
            ],
            [
              -40.4758108,
              -9.4786117
            ],
            [
              -40.4759489,
              -9.4782995
            ],
            [
              -40.4762171,
              -9.4777095
            ],
            [
              -40.4764773,
              -9.4771606
            ],
            [
              -40.4772301,
              -9.4755945
            ],
            [
              -40.4777747,
              -9.4744405
            ],
            [
              -40.4780692,
              -9.4738165
            ],
            [
              -40.4782306,
              -9.4734823
            ],
            [
              -40.4784052,
              -9.4731163
            ],
            [
              -40.478685,
              -9.4725544
            ],
            [
              -40.4787503,
              -9.4724044
            ],
            [
              -40.4788182,
              -9.472251
            ],
            [
              -40.4791997,
              -9.472417
            ],
            [
              -40.4795806,
              -9.4725651
            ],
            [
              -40.4800393,
              -9.472745
            ],
            [
              -40.4809244,
              -9.473089
            ],
            [
              -40.4815856,
              -9.4733337
            ],
            [
              -40.4820831,
              -9.4735414
            ],
            [
              -40.482274,
              -9.4736482
            ],
            [
              -40.4823118,
              -9.4736837
            ],
            [
              -40.482356,
              -9.4737251
            ],
            [
              -40.4824087,
              -9.4737791
            ],
            [
              -40.4824466,
              -9.4738294
            ],
            [
              -40.4824911,
              -9.4738979
            ],
            [
              -40.4825223,
              -9.473966
            ],
            [
              -40.4825703,
              -9.4740913
            ],
            [
              -40.4826098,
              -9.4741356
            ],
            [
              -40.4826417,
              -9.4741671
            ],
            [
              -40.4826735,
              -9.4741932
            ],
            [
              -40.4827134,
              -9.47422
            ],
            [
              -40.482468,
              -9.4743602
            ],
            [
              -40.4823285,
              -9.4744144
            ],
            [
              -40.4821542,
              -9.4744958
            ],
            [
              -40.4820938,
              -9.4745361
            ],
            [
              -40.4820456,
              -9.4745917
            ],
            [
              -40.4819631,
              -9.4747412
            ],
            [
              -40.481894,
              -9.4749039
            ],
            [
              -40.4816949,
              -9.4753351
            ],
            [
              -40.4815979,
              -9.4755191
            ],
            [
              -40.4808933,
              -9.4762887
            ]
          ]
        ]
      },
      "id": "relation/11370117"
    },
    {
      "type": "Feature",
      "properties": {
        "@id": "relation/11370122",
        "admin_level": "10",
        "boundary": "administrative",
        "name": "Bairro Novo Juazeiro",
        "type": "boundary"
      },
      "geometry": {
        "type": "Polygon",
        "coordinates": [
          [
            [
              -40.5262229,
              -9.4339512
            ],
            [
              -40.5263892,
              -9.4339486
            ],
            [
              -40.5277457,
              -9.4335078
            ],
            [
              -40.5304098,
              -9.4326547
            ],
            [
              -40.5308152,
              -9.432494
            ],
            [
              -40.5309717,
              -9.4324431
            ],
            [
              -40.5318341,
              -9.4321811
            ],
            [
              -40.5327554,
              -9.4318768
            ],
            [
              -40.5338202,
              -9.43155
            ],
            [
              -40.5344211,
              -9.4313595
            ],
            [
              -40.5352123,
              -9.4310976
            ],
            [
              -40.5361605,
              -9.4307867
            ],
            [
              -40.5370188,
              -9.4305194
            ],
            [
              -40.5377349,
              -9.430325
            ],
            [
              -40.5383317,
              -9.4301477
            ],
            [
              -40.5384149,
              -9.4301106
            ],
            [
              -40.5384618,
              -9.4300921
            ],
            [
              -40.5385034,
              -9.4300604
            ],
            [
              -40.5385262,
              -9.430026
            ],
            [
              -40.5385409,
              -9.4300008
            ],
            [
              -40.5385731,
              -9.4299744
            ],
            [
              -40.5387427,
              -9.4298927
            ],
            [
              -40.53894,
              -9.4332941
            ],
            [
              -40.5393477,
              -9.4372312
            ],
            [
              -40.5409141,
              -9.4419727
            ],
            [
              -40.5416436,
              -9.4446185
            ],
            [
              -40.5425663,
              -9.4476877
            ],
            [
              -40.5435748,
              -9.4495715
            ],
            [
              -40.5455704,
              -9.4528947
            ],
            [
              -40.5493684,
              -9.4575724
            ],
            [
              -40.5532522,
              -9.461996
            ],
            [
              -40.5544109,
              -9.4630332
            ],
            [
              -40.5558915,
              -9.4640491
            ],
            [
              -40.5585803,
              -9.4657284
            ],
            [
              -40.5606943,
              -9.466771
            ],
            [
              -40.562288,
              -9.4673164
            ],
            [
              -40.5637028,
              -9.4677495
            ],
            [
              -40.5660119,
              -9.4679901
            ],
            [
              -40.5703429,
              -9.4683749
            ],
            [
              -40.5704137,
              -9.4709328
            ],
            [
              -40.5703318,
              -9.470946
            ],
            [
              -40.5701709,
              -9.4709566
            ],
            [
              -40.5701369,
              -9.470955
            ],
            [
              -40.5700857,
              -9.470944
            ],
            [
              -40.5700308,
              -9.4709464
            ],
            [
              -40.5699818,
              -9.4709639
            ],
            [
              -40.569939,
              -9.4709997
            ],
            [
              -40.569912,
              -9.4710459
            ],
            [
              -40.5698992,
              -9.4710909
            ],
            [
              -40.5698074,
              -9.4711894
            ],
            [
              -40.569601,
              -9.4713304
            ],
            [
              -40.5693184,
              -9.4714872
            ],
            [
              -40.5689009,
              -9.4717187
            ],
            [
              -40.5684165,
              -9.4719874
            ],
            [
              -40.5679357,
              -9.4722541
            ],
            [
              -40.5674846,
              -9.4725043
            ],
            [
              -40.5663635,
              -9.4731048
            ],
            [
              -40.5658525,
              -9.47338
            ],
            [
              -40.5657356,
              -9.4734467
            ],
            [
              -40.5656487,
              -9.4734964
            ],
            [
              -40.5653214,
              -9.47372
            ],
            [
              -40.5648601,
              -9.4740559
            ],
            [
              -40.5644833,
              -9.4743893
            ],
            [
              -40.5641426,
              -9.4747134
            ],
            [
              -40.56392,
              -9.47497
            ],
            [
              -40.5638121,
              -9.4750989
            ],
            [
              -40.5635324,
              -9.475433
            ],
            [
              -40.5633755,
              -9.4756169
            ],
            [
              -40.5629557,
              -9.4761156
            ],
            [
              -40.5627921,
              -9.4763259
            ],
            [
              -40.5624944,
              -9.4766473
            ],
            [
              -40.5622624,
              -9.4768352
            ],
            [
              -40.561852,
              -9.4770812
            ],
            [
              -40.5616187,
              -9.4771698
            ],
            [
              -40.5614108,
              -9.477228
            ],
            [
              -40.5609414,
              -9.4773074
            ],
            [
              -40.5603989,
              -9.4773616
            ],
            [
              -40.5602987,
              -9.4773722
            ],
            [
              -40.5599745,
              -9.4774066
            ],
            [
              -40.5596391,
              -9.4774476
            ],
            [
              -40.5595091,
              -9.4774582
            ],
            [
              -40.5592952,
              -9.4774761
            ],
            [
              -40.5590263,
              -9.4774873
            ],
            [
              -40.5585462,
              -9.4774873
            ],
            [
              -40.5581787,
              -9.4774846
            ],
            [
              -40.5577845,
              -9.4774824
            ],
            [
              -40.5567612,
              -9.4774767
            ],
            [
              -40.5562644,
              -9.4774725
            ],
            [
              -40.5558982,
              -9.4774694
            ],
            [
              -40.5555736,
              -9.4774741
            ],
            [
              -40.555357,
              -9.477486
            ],
            [
              -40.5551572,
              -9.4775124
            ],
            [
              -40.5550706,
              -9.4775296
            ],
            [
              -40.5549514,
              -9.4775534
            ],
            [
              -40.5546489,
              -9.4776302
            ],
            [
              -40.5543485,
              -9.4777347
            ],
            [
              -40.5538825,
              -9.4779437
            ],
            [
              -40.5534775,
              -9.4781467
            ],
            [
              -40.5530436,
              -9.4783557
            ],
            [
              -40.5524911,
              -9.4786157
            ],
            [
              -40.5522658,
              -9.4787221
            ],
            [
              -40.5521122,
              -9.4787784
            ],
            [
              -40.5519124,
              -9.4788313
            ],
            [
              -40.5516804,
              -9.4788676
            ],
            [
              -40.5515061,
              -9.4788815
            ],
            [
              -40.5513297,
              -9.4788842
            ],
            [
              -40.5510152,
              -9.4788412
            ],
            [
              -40.5506759,
              -9.4787784
            ],
            [
              -40.55023,
              -9.4786838
            ],
            [
              -40.5496889,
              -9.4785654
            ],
            [
              -40.5492959,
              -9.4784794
            ],
            [
              -40.5490445,
              -9.4784265
            ],
            [
              -40.5489004,
              -9.478365
            ],
            [
              -40.5488442,
              -9.4783455
            ],
            [
              -40.5487293,
              -9.4782711
            ],
            [
              -40.5486254,
              -9.4781983
            ],
            [
              -40.5485664,
              -9.4781679
            ],
            [
              -40.5485015,
              -9.4781421
            ],
            [
              -40.5486251,
              -9.478373
            ],
            [
              -40.5486617,
              -9.4784463
            ],
            [
              -40.5487024,
              -9.4785266
            ],
            [
              -40.5488053,
              -9.4787392
            ],
            [
              -40.5488729,
              -9.4885527
            ],
            [
              -40.542211,
              -9.4876406
            ],
            [
              -40.5273822,
              -9.4856735
            ],
            [
              -40.5269545,
              -9.4838426
            ],
            [
              -40.5227977,
              -9.4841462
            ],
            [
              -40.5205687,
              -9.4808556
            ],
            [
              -40.524578,
              -9.4779013
            ],
            [
              -40.5244821,
              -9.477699
            ],
            [
              -40.5243943,
              -9.4775111
            ],
            [
              -40.5243078,
              -9.477314
            ],
            [
              -40.5242434,
              -9.4771943
            ],
            [
              -40.524165,
              -9.4770865
            ],
            [
              -40.5240771,
              -9.4769886
            ],
            [
              -40.524,
              -9.4769066
            ],
            [
              -40.5239095,
              -9.4768021
            ],
            [
              -40.5238451,
              -9.4767155
            ],
            [
              -40.5237754,
              -9.4766176
            ],
            [
              -40.5237009,
              -9.4765064
            ],
            [
              -40.5236372,
              -9.4763887
            ],
            [
              -40.5235212,
              -9.476146
            ],
            [
              -40.5234341,
              -9.4759654
            ],
            [
              -40.5233797,
              -9.4758636
            ],
            [
              -40.5232879,
              -9.475685
            ],
            [
              -40.5232208,
              -9.475517
            ],
            [
              -40.5231792,
              -9.4753477
            ],
            [
              -40.5231571,
              -9.4752716
            ],
            [
              -40.5231223,
              -9.4751817
            ],
            [
              -40.5230559,
              -9.4750725
            ],
            [
              -40.5229875,
              -9.4749733
            ],
            [
              -40.5228607,
              -9.4747775
            ],
            [
              -40.5227709,
              -9.474681
            ],
            [
              -40.5227018,
              -9.4746353
            ],
            [
              -40.5226341,
              -9.4746095
            ],
            [
              -40.5225845,
              -9.4745917
            ],
            [
              -40.5225516,
              -9.4745705
            ],
            [
              -40.5225167,
              -9.4745242
            ],
            [
              -40.5224316,
              -9.4743509
            ],
            [
              -40.5219957,
              -9.4734078
            ],
            [
              -40.5215652,
              -9.472499
            ],
            [
              -40.5213694,
              -9.4720863
            ],
            [
              -40.5205406,
              -9.4703521
            ],
            [
              -40.5200055,
              -9.4691245
            ],
            [
              -40.5199318,
              -9.4689075
            ],
            [
              -40.5199009,
              -9.4687369
            ],
            [
              -40.5198909,
              -9.4685848
            ],
            [
              -40.5198915,
              -9.4684631
            ],
            [
              -40.5198902,
              -9.4680424
            ],
            [
              -40.5198888,
              -9.4675133
            ],
            [
              -40.5198855,
              -9.4674174
            ],
            [
              -40.5198821,
              -9.4673254
            ],
            [
              -40.5199217,
              -9.4670701
            ],
            [
              -40.5200699,
              -9.4663551
            ],
            [
              -40.5167114,
              -9.457604
            ],
            [
              -40.5158627,
              -9.4562468
            ],
            [
              -40.5152539,
              -9.4564493
            ],
            [
              -40.5149637,
              -9.4556464
            ],
            [
              -40.5152327,
              -9.4551436
            ],
            [
              -40.5159264,
              -9.4549132
            ],
            [
              -40.5162378,
              -9.4542709
            ],
            [
              -40.5169478,
              -9.4540544
            ],
            [
              -40.5170943,
              -9.4539776
            ],
            [
              -40.5179933,
              -9.4539427
            ],
            [
              -40.517874,
              -9.4534881
            ],
            [
              -40.5176789,
              -9.4532876
            ],
            [
              -40.5176789,
              -9.4525176
            ],
            [
              -40.5178059,
              -9.4521732
            ],
            [
              -40.5181154,
              -9.4513127
            ],
            [
              -40.5185274,
              -9.4510498
            ],
            [
              -40.5193989,
              -9.4510442
            ],
            [
              -40.5200806,
              -9.4509923
            ],
            [
              -40.5207874,
              -9.4508835
            ],
            [
              -40.5209169,
              -9.4508569
            ],
            [
              -40.52109,
              -9.4508196
            ],
            [
              -40.5212013,
              -9.4507988
            ],
            [
              -40.5213513,
              -9.4507697
            ],
            [
              -40.5217593,
              -9.4506603
            ],
            [
              -40.5221594,
              -9.4505539
            ],
            [
              -40.5229794,
              -9.4503184
            ],
            [
              -40.5231148,
              -9.4502802
            ],
            [
              -40.5232299,
              -9.4502461
            ],
            [
              -40.5234126,
              -9.4501984
            ],
            [
              -40.523822,
              -9.4500824
            ],
            [
              -40.5243451,
              -9.4499307
            ],
            [
              -40.5248286,
              -9.4497983
            ],
            [
              -40.524982,
              -9.4497485
            ],
            [
              -40.5251609,
              -9.449678
            ],
            [
              -40.5258994,
              -9.4493642
            ],
            [
              -40.5259552,
              -9.4493446
            ],
            [
              -40.5261032,
              -9.4493021
            ],
            [
              -40.5262061,
              -9.4492763
            ],
            [
              -40.526237,
              -9.4492704
            ],
            [
              -40.5263868,
              -9.4492419
            ],
            [
              -40.5267013,
              -9.4491864
            ],
            [
              -40.5273516,
              -9.4490685
            ],
            [
              -40.5275106,
              -9.4490341
            ],
            [
              -40.5277177,
              -9.4489775
            ],
            [
              -40.5294614,
              -9.4484703
            ],
            [
              -40.5304113,
              -9.4482072
            ],
            [
              -40.5314634,
              -9.447896
            ],
            [
              -40.5315484,
              -9.4478627
            ],
            [
              -40.5316041,
              -9.4478299
            ],
            [
              -40.5316369,
              -9.447806
            ],
            [
              -40.5317044,
              -9.4477463
            ],
            [
              -40.5318003,
              -9.447663
            ],
            [
              -40.531806,
              -9.4476437
            ],
            [
              -40.5318113,
              -9.4476238
            ],
            [
              -40.5318307,
              -9.4475709
            ],
            [
              -40.531861,
              -9.4475317
            ],
            [
              -40.5319259,
              -9.4474858
            ],
            [
              -40.5320032,
              -9.4474658
            ],
            [
              -40.5320826,
              -9.4474742
            ],
            [
              -40.5319286,
              -9.4472924
            ],
            [
              -40.5318508,
              -9.4471952
            ],
            [
              -40.5317885,
              -9.4470907
            ],
            [
              -40.5317254,
              -9.446971
            ],
            [
              -40.5316342,
              -9.4467983
            ],
            [
              -40.53114,
              -9.4458379
            ],
            [
              -40.5308819,
              -9.4453299
            ],
            [
              -40.5308028,
              -9.4451725
            ],
            [
              -40.5307625,
              -9.4450494
            ],
            [
              -40.5306579,
              -9.4447465
            ],
            [
              -40.530595,
              -9.4446137
            ],
            [
              -40.5305734,
              -9.4444647
            ],
            [
              -40.5305399,
              -9.4443655
            ],
            [
              -40.5304165,
              -9.444044
            ],
            [
              -40.5303079,
              -9.4438601
            ],
            [
              -40.5302086,
              -9.4437159
            ],
            [
              -40.530082,
              -9.4436025
            ],
            [
              -40.5298692,
              -9.4433758
            ],
            [
              -40.5296266,
              -9.4430242
            ],
            [
              -40.5293925,
              -9.4426089
            ],
            [
              -40.5292359,
              -9.4423228
            ],
            [
              -40.5290382,
              -9.4419679
            ],
            [
              -40.527824,
              -9.4397163
            ],
            [
              -40.5274876,
              -9.4390499
            ],
            [
              -40.5272078,
              -9.4384972
            ],
            [
              -40.5271408,
              -9.4383794
            ],
            [
              -40.5269223,
              -9.4379954
            ],
            [
              -40.5267081,
              -9.4376059
            ],
            [
              -40.5265464,
              -9.4373159
            ],
            [
              -40.526308,
              -9.4368661
            ],
            [
              -40.5262443,
              -9.4366144
            ],
            [
              -40.5262095,
              -9.4364728
            ],
            [
              -40.5261234,
              -9.4361997
            ],
            [
              -40.5260196,
              -9.4359706
            ],
            [
              -40.5258686,
              -9.4356975
            ],
            [
              -40.5259788,
              -9.4351975
            ],
            [
              -40.5260941,
              -9.4345307
            ],
            [
              -40.5261451,
              -9.4342714
            ],
            [
              -40.5262229,
              -9.4339512
            ]
          ]
        ]
      },
      "id": "relation/11370122"
    },
    {
      "type": "Feature",
      "properties": {
        "@id": "relation/11378506",
        "admin_level": "10",
        "boundary": "administrative",
        "name": "Bairro Jardim Primavera",
        "type": "boundary"
      },
      "geometry": {
        "type": "Polygon",
        "coordinates": [
          [
            [
              -40.4297943,
              -9.4578789
            ],
            [
              -40.4296258,
              -9.4581395
            ],
            [
              -40.4295293,
              -9.4582354
            ],
            [
              -40.429489,
              -9.4582969
            ],
            [
              -40.4294669,
              -9.4583677
            ],
            [
              -40.4294488,
              -9.4585231
            ],
            [
              -40.4294541,
              -9.4588009
            ],
            [
              -40.4294327,
              -9.459129
            ],
            [
              -40.4294045,
              -9.459555
            ],
            [
              -40.4293562,
              -9.4599876
            ],
            [
              -40.4293402,
              -9.4602376
            ],
            [
              -40.429308,
              -9.4604585
            ],
            [
              -40.4242319,
              -9.459125
            ],
            [
              -40.4238135,
              -9.4590073
            ],
            [
              -40.422864,
              -9.458756
            ],
            [
              -40.4216047,
              -9.4584226
            ],
            [
              -40.4192148,
              -9.4577956
            ],
            [
              -40.417337,
              -9.4572817
            ],
            [
              -40.4169836,
              -9.4571818
            ],
            [
              -40.4134226,
              -9.4562266
            ],
            [
              -40.4124896,
              -9.4559736
            ],
            [
              -40.4144495,
              -9.4493718
            ],
            [
              -40.421918,
              -9.4497956
            ],
            [
              -40.4297943,
              -9.4578789
            ]
          ]
        ]
      },
      "id": "relation/11378506"
    },
    {
      "type": "Feature",
      "properties": {
        "@id": "relation/17133560",
        "admin_level": "10",
        "boundary": "administrative",
        "name": "Faculdade Medicina/Cidade Universitária",
        "place": "suburb",
        "source": "mapa pref.",
        "type": "boundary"
      },
      "geometry": {
        "type": "Polygon",
        "coordinates": [
          [
            [
              -40.4592628,
              -9.5131805
            ],
            [
              -40.446635,
              -9.5075956
            ],
            [
              -40.4495607,
              -9.5013591
            ],
            [
              -40.4535623,
              -9.5016756
            ],
            [
              -40.4590929,
              -9.4947501
            ],
            [
              -40.4662846,
              -9.4986596
            ],
            [
              -40.4592628,
              -9.5131805
            ]
          ]
        ]
      },
      "id": "relation/17133560"
    },
    {
      "type": "Feature",
      "properties": {
        "@id": "relation/17133579",
        "admin_level": "10",
        "boundary": "administrative",
        "name": "Residencial Praia do Rodeadouro",
        "place": "suburb",
        "source": "mapa pref.",
        "type": "boundary"
      },
      "geometry": {
        "type": "Polygon",
        "coordinates": [
          [
            [
              -40.4865889,
              -9.4725348
            ],
            [
              -40.4876403,
              -9.4741786
            ],
            [
              -40.4859631,
              -9.4749617
            ],
            [
              -40.4854338,
              -9.4758824
            ],
            [
              -40.4853444,
              -9.4763092
            ],
            [
              -40.4814999,
              -9.475579
            ],
            [
              -40.4820268,
              -9.4744446
            ],
            [
              -40.4865889,
              -9.4725348
            ]
          ]
        ]
      },
      "id": "relation/17133579"
    },
    {
      "type": "Feature",
      "properties": {
        "@id": "relation/17133653",
        "admin_level": "10",
        "boundary": "administrative",
        "name": "Parque Residencial",
        "place": "suburb",
        "source": "mapa pref.",
        "type": "boundary"
      },
      "geometry": {
        "type": "Polygon",
        "coordinates": [
          [
            [
              -40.4989275,
              -9.4786
            ],
            [
              -40.4985156,
              -9.4815555
            ],
            [
              -40.4953544,
              -9.4807649
            ],
            [
              -40.4929873,
              -9.4799595
            ],
            [
              -40.491197,
              -9.4794423
            ],
            [
              -40.4900809,
              -9.479132
            ],
            [
              -40.4902756,
              -9.4770484
            ],
            [
              -40.4906427,
              -9.4765386
            ],
            [
              -40.4915865,
              -9.4764647
            ],
            [
              -40.4926952,
              -9.4771962
            ],
            [
              -40.4935341,
              -9.4776543
            ],
            [
              -40.4950997,
              -9.4778316
            ],
            [
              -40.4962009,
              -9.4780385
            ],
            [
              -40.4989275,
              -9.4786
            ]
          ]
        ]
      },
      "id": "relation/17133653"
    },
    {
      "type": "Feature",
      "properties": {
        "@id": "relation/17133766",
        "admin_level": "10",
        "boundary": "administrative",
        "name": "João Paulo II (Juazeiro 8)",
        "place": "suburb",
        "source": "mapa pref.",
        "type": "boundary"
      },
      "geometry": {
        "type": "Polygon",
        "coordinates": [
          [
            [
              -40.4926632,
              -9.4771735
            ],
            [
              -40.4915866,
              -9.4764638
            ],
            [
              -40.4876409,
              -9.4741784
            ],
            [
              -40.4865893,
              -9.4725341
            ],
            [
              -40.4798111,
              -9.4701002
            ],
            [
              -40.4854503,
              -9.4583128
            ],
            [
              -40.4899238,
              -9.4487611
            ],
            [
              -40.4959263,
              -9.4511258
            ],
            [
              -40.4953506,
              -9.4528108
            ],
            [
              -40.495325,
              -9.4540077
            ],
            [
              -40.4938316,
              -9.4550112
            ],
            [
              -40.4929839,
              -9.4558924
            ],
            [
              -40.4925731,
              -9.4566386
            ],
            [
              -40.495325,
              -9.4579444
            ],
            [
              -40.4929187,
              -9.4626723
            ],
            [
              -40.4989638,
              -9.4655926
            ],
            [
              -40.4994529,
              -9.4669884
            ],
            [
              -40.5011744,
              -9.4662568
            ],
            [
              -40.5007776,
              -9.4706103
            ],
            [
              -40.5006145,
              -9.4706882
            ],
            [
              -40.499979,
              -9.4724293
            ],
            [
              -40.4994377,
              -9.4751221
            ],
            [
              -40.4989277,
              -9.4785994
            ],
            [
              -40.4962019,
              -9.4780381
            ],
            [
              -40.4950996,
              -9.4778308
            ],
            [
              -40.4935341,
              -9.4776536
            ],
            [
              -40.4927099,
              -9.4772034
            ],
            [
              -40.4946973,
              -9.4739781
            ],
            [
              -40.4955326,
              -9.4742736
            ],
            [
              -40.4958397,
              -9.4730841
            ],
            [
              -40.4959633,
              -9.4725299
            ],
            [
              -40.4960569,
              -9.4721679
            ],
            [
              -40.4961955,
              -9.471913
            ],
            [
              -40.4962966,
              -9.4714364
            ],
            [
              -40.4965001,
              -9.4713244
            ],
            [
              -40.4960216,
              -9.471131
            ],
            [
              -40.4963354,
              -9.4705661
            ],
            [
              -40.4924442,
              -9.4705119
            ],
            [
              -40.4913223,
              -9.4723768
            ],
            [
              -40.4933621,
              -9.4735375
            ],
            [
              -40.4934641,
              -9.4733828
            ],
            [
              -40.4946644,
              -9.4739554
            ],
            [
              -40.4926632,
              -9.4771735
            ]
          ]
        ]
      },
      "id": "relation/17133766"
    },
    {
      "type": "Feature",
      "properties": {
        "@id": "relation/17133785",
        "admin_level": "10",
        "boundary": "administrative",
        "name": "Residencial Brisa da Serra",
        "place": "suburb",
        "source": "mapa pref.",
        "type": "boundary"
      },
      "geometry": {
        "type": "Polygon",
        "coordinates": [
          [
            [
              -40.4955322,
              -9.4742727
            ],
            [
              -40.4946978,
              -9.4739774
            ],
            [
              -40.4946645,
              -9.4739549
            ],
            [
              -40.493464,
              -9.4733822
            ],
            [
              -40.4933619,
              -9.4735366
            ],
            [
              -40.4913233,
              -9.4723765
            ],
            [
              -40.4924447,
              -9.4705126
            ],
            [
              -40.4963344,
              -9.4705667
            ],
            [
              -40.4960211,
              -9.4711311
            ],
            [
              -40.4964987,
              -9.4713245
            ],
            [
              -40.4962964,
              -9.4714359
            ],
            [
              -40.496195,
              -9.4719127
            ],
            [
              -40.4960566,
              -9.4721671
            ],
            [
              -40.4955322,
              -9.4742727
            ]
          ]
        ]
      },
      "id": "relation/17133785"
    },
    {
      "type": "Feature",
      "properties": {
        "@id": "relation/17133820",
        "admin_level": "10",
        "boundary": "administrative",
        "name": "Antonio Guilhermino",
        "place": "sub",
        "source": "mapa goggle",
        "type": "boundary"
      },
      "geometry": {
        "type": "Polygon",
        "coordinates": [
          [
            [
              -40.495927,
              -9.4511259
            ],
            [
              -40.4974427,
              -9.451456
            ],
            [
              -40.4983004,
              -9.4516112
            ],
            [
              -40.4997386,
              -9.4517848
            ],
            [
              -40.501248,
              -9.4519068
            ],
            [
              -40.5029672,
              -9.4519659
            ],
            [
              -40.5046975,
              -9.4518772
            ],
            [
              -40.5051879,
              -9.4518459
            ],
            [
              -40.5064243,
              -9.4602246
            ],
            [
              -40.5079094,
              -9.4634438
            ],
            [
              -40.5011742,
              -9.4662561
            ],
            [
              -40.4994533,
              -9.4669875
            ],
            [
              -40.4989639,
              -9.4655919
            ],
            [
              -40.4929195,
              -9.4626719
            ],
            [
              -40.4953257,
              -9.4579443
            ],
            [
              -40.492574,
              -9.4566381
            ],
            [
              -40.4929843,
              -9.4558928
            ],
            [
              -40.4938323,
              -9.4550113
            ],
            [
              -40.4953256,
              -9.4540078
            ],
            [
              -40.4953513,
              -9.4528111
            ],
            [
              -40.495927,
              -9.4511259
            ]
          ]
        ]
      },
      "id": "relation/17133820"
    },
    {
      "type": "Feature",
      "properties": {
        "@id": "relation/17133836",
        "admin_level": "10",
        "boundary": "administrative",
        "name": "Dom José Rodrigues (Juazeiro 4)",
        "place": "suburb",
        "source": "maps",
        "type": "boundary"
      },
      "geometry": {
        "type": "Polygon",
        "coordinates": [
          [
            [
              -40.5079148,
              -9.4634412
            ],
            [
              -40.5064248,
              -9.4602243
            ],
            [
              -40.5051887,
              -9.451846
            ],
            [
              -40.5199377,
              -9.4510767
            ],
            [
              -40.5211363,
              -9.4508998
            ],
            [
              -40.5232787,
              -9.450304
            ],
            [
              -40.5266952,
              -9.4493544
            ],
            [
              -40.5136619,
              -9.460106
            ],
            [
              -40.5111076,
              -9.461898
            ],
            [
              -40.5079148,
              -9.4634412
            ]
          ]
        ]
      },
      "id": "relation/17133836"
    },
    {
      "type": "Feature",
      "properties": {
        "@id": "relation/17133848",
        "admin_level": "10",
        "boundary": "administrative",
        "name": "Residencial Dr. Humberto Pereira",
        "place": "suburb",
        "source": "maps",
        "type": "boundary"
      },
      "geometry": {
        "type": "Polygon",
        "coordinates": [
          [
            [
              -40.5277002,
              -9.4646886
            ],
            [
              -40.5270679,
              -9.4598664
            ],
            [
              -40.5325041,
              -9.4596336
            ],
            [
              -40.533127,
              -9.4592054
            ],
            [
              -40.5339481,
              -9.4597639
            ],
            [
              -40.5372136,
              -9.4572318
            ],
            [
              -40.539507,
              -9.461449
            ],
            [
              -40.5379403,
              -9.4628454
            ],
            [
              -40.5347786,
              -9.4650983
            ],
            [
              -40.5345993,
              -9.4644745
            ],
            [
              -40.5277002,
              -9.4646886
            ]
          ]
        ]
      },
      "id": "relation/17133848"
    },
    {
      "type": "Feature",
      "properties": {
        "@id": "relation/17133852",
        "admin_level": "10",
        "boundary": "administrative",
        "name": "Loteamento Nova Juzeiro (AMF)",
        "place": "suburb",
        "source": "maps",
        "type": "boundary"
      },
      "geometry": {
        "type": "Polygon",
        "coordinates": [
          [
            [
              -40.5277002,
              -9.4646886
            ],
            [
              -40.5345987,
              -9.4644751
            ],
            [
              -40.5347784,
              -9.4650988
            ],
            [
              -40.537941,
              -9.4628457
            ],
            [
              -40.5395074,
              -9.4614495
            ],
            [
              -40.5402788,
              -9.4629434
            ],
            [
              -40.5427086,
              -9.4674903
            ],
            [
              -40.535953,
              -9.4694838
            ],
            [
              -40.5363844,
              -9.4707381
            ],
            [
              -40.5349084,
              -9.4713541
            ],
            [
              -40.5335005,
              -9.4740195
            ],
            [
              -40.5389618,
              -9.4765617
            ],
            [
              -40.5373609,
              -9.4806941
            ],
            [
              -40.5345224,
              -9.4838969
            ],
            [
              -40.532104,
              -9.4841097
            ],
            [
              -40.5308457,
              -9.4836646
            ],
            [
              -40.5299064,
              -9.4761488
            ],
            [
              -40.5274459,
              -9.4765157
            ],
            [
              -40.5246421,
              -9.4708999
            ],
            [
              -40.5250713,
              -9.4663846
            ],
            [
              -40.5270454,
              -9.464776
            ],
            [
              -40.5277002,
              -9.4646886
            ]
          ]
        ]
      },
      "id": "relation/17133852"
    },
    {
      "type": "Feature",
      "properties": {
        "@id": "relation/17134262",
        "admin_level": "10",
        "boundary": "administrative",
        "name": "Residencial são Francisco",
        "place": "suburb",
        "source": "maps",
        "type": "boundary"
      },
      "geometry": {
        "type": "Polygon",
        "coordinates": [
          [
            [
              -40.5231527,
              -9.4503384
            ],
            [
              -40.5211362,
              -9.4508992
            ],
            [
              -40.5199377,
              -9.4510762
            ],
            [
              -40.5187179,
              -9.4511396
            ],
            [
              -40.5187144,
              -9.4479053
            ],
            [
              -40.5235357,
              -9.4482014
            ],
            [
              -40.5231527,
              -9.4503384
            ]
          ]
        ]
      },
      "id": "relation/17134262"
    },
    {
      "type": "Feature",
      "properties": {
        "@id": "relation/17134270",
        "admin_level": "10",
        "boundary": "administrative",
        "name": "Residencial Mairi",
        "place": "suburb",
        "source": "maps",
        "type": "boundary"
      },
      "geometry": {
        "type": "Polygon",
        "coordinates": [
          [
            [
              -40.5240136,
              -9.4455174
            ],
            [
              -40.5245584,
              -9.4428025
            ],
            [
              -40.5258753,
              -9.4430605
            ],
            [
              -40.5259127,
              -9.4428977
            ],
            [
              -40.5284407,
              -9.4433921
            ],
            [
              -40.5283971,
              -9.4436655
            ],
            [
              -40.528145,
              -9.4436133
            ],
            [
              -40.5279768,
              -9.4444087
            ],
            [
              -40.5277496,
              -9.4444148
            ],
            [
              -40.5274071,
              -9.4460978
            ],
            [
              -40.5250534,
              -9.4462483
            ],
            [
              -40.5240136,
              -9.4455174
            ]
          ]
        ]
      },
      "id": "relation/17134270"
    },
    {
      "type": "Feature",
      "properties": {
        "@id": "relation/17134285",
        "admin_level": "10",
        "boundary": "administrative",
        "name": "Residencial Novo Horizonte",
        "place": "suburb",
        "source": "maps",
        "type": "boundary"
      },
      "geometry": {
        "type": "Polygon",
        "coordinates": [
          [
            [
              -40.5249846,
              -9.4410413
            ],
            [
              -40.5258906,
              -9.4363583
            ],
            [
              -40.5277876,
              -9.4398217
            ],
            [
              -40.5288164,
              -9.4417489
            ],
            [
              -40.5249846,
              -9.4410413
            ]
          ]
        ]
      },
      "id": "relation/17134285"
    },
    {
      "type": "Feature",
      "properties": {
        "@id": "relation/17134342",
        "admin_level": "10",
        "boundary": "administrative",
        "name": "Antônio Conselheiro",
        "place": "suburb",
        "source": "maps",
        "type": "boundary"
      },
      "geometry": {
        "type": "Polygon",
        "coordinates": [
          [
            [
              -40.5249844,
              -9.4410419
            ],
            [
              -40.5288165,
              -9.4417495
            ],
            [
              -40.5295405,
              -9.4431543
            ],
            [
              -40.5284396,
              -9.4433913
            ],
            [
              -40.5259123,
              -9.442897
            ],
            [
              -40.5258749,
              -9.4430599
            ],
            [
              -40.5245581,
              -9.4428018
            ],
            [
              -40.5240131,
              -9.4455177
            ],
            [
              -40.5250534,
              -9.446249
            ],
            [
              -40.5274076,
              -9.4460982
            ],
            [
              -40.52775,
              -9.4444153
            ],
            [
              -40.5279774,
              -9.4444092
            ],
            [
              -40.5281455,
              -9.443614
            ],
            [
              -40.5283973,
              -9.4436661
            ],
            [
              -40.5284413,
              -9.4433918
            ],
            [
              -40.5295409,
              -9.4431551
            ],
            [
              -40.5320655,
              -9.4477754
            ],
            [
              -40.5266953,
              -9.4493538
            ],
            [
              -40.5231533,
              -9.4503381
            ],
            [
              -40.5235363,
              -9.4482009
            ],
            [
              -40.518714,
              -9.4479048
            ],
            [
              -40.5187172,
              -9.4511396
            ],
            [
              -40.5105762,
              -9.4515643
            ],
            [
              -40.5092715,
              -9.4479837
            ],
            [
              -40.5105524,
              -9.4476528
            ],
            [
              -40.5127097,
              -9.4388308
            ],
            [
              -40.5153596,
              -9.439464
            ],
            [
              -40.51503,
              -9.4410133
            ],
            [
              -40.5203097,
              -9.442267
            ],
            [
              -40.5203019,
              -9.4426152
            ],
            [
              -40.5222161,
              -9.4427855
            ],
            [
              -40.5236439,
              -9.4422825
            ],
            [
              -40.5238323,
              -9.4420701
            ],
            [
              -40.5238737,
              -9.4418327
            ],
            [
              -40.5248131,
              -9.4418939
            ],
            [
              -40.5249844,
              -9.4410419
            ]
          ]
        ]
      },
      "id": "relation/17134342"
    },
    {
      "type": "Feature",
      "properties": {
        "@id": "relation/17134374",
        "admin_level": "10",
        "boundary": "administrative",
        "name": "Jardim São Paulo",
        "place": "suburb",
        "source": "maps",
        "type": "boundary"
      },
      "geometry": {
        "type": "Polygon",
        "coordinates": [
          [
            [
              -40.4899243,
              -9.4487606
            ],
            [
              -40.4921449,
              -9.4440691
            ],
            [
              -40.4928902,
              -9.4427381
            ],
            [
              -40.4969382,
              -9.4387216
            ],
            [
              -40.4988477,
              -9.4368473
            ],
            [
              -40.4996672,
              -9.4380734
            ],
            [
              -40.4937202,
              -9.4502561
            ],
            [
              -40.4899243,
              -9.4487606
            ]
          ]
        ]
      },
      "id": "relation/17134374"
    },
    {
      "type": "Feature",
      "properties": {
        "@id": "relation/17134387",
        "admin_level": "10",
        "boundary": "administrative",
        "name": "Vila Tiradentes",
        "place": "suburb",
        "source": "maps",
        "type": "boundary"
      },
      "geometry": {
        "type": "Polygon",
        "coordinates": [
          [
            [
              -40.4953418,
              -9.4469356
            ],
            [
              -40.4981205,
              -9.4482702
            ],
            [
              -40.4966683,
              -9.4512866
            ],
            [
              -40.4959269,
              -9.4511253
            ],
            [
              -40.4937208,
              -9.4502564
            ],
            [
              -40.4953418,
              -9.4469356
            ]
          ]
        ]
      },
      "id": "relation/17134387"
    },
    {
      "type": "Feature",
      "properties": {
        "@id": "relation/17134427",
        "admin_level": "10",
        "boundary": "administrative",
        "name": "Alto da Aliança",
        "place": "suburb",
        "source": "maps",
        "type": "boundary"
      },
      "geometry": {
        "type": "Polygon",
        "coordinates": [
          [
            [
              -40.496669,
              -9.4512869
            ],
            [
              -40.4981213,
              -9.4482699
            ],
            [
              -40.495342,
              -9.4469351
            ],
            [
              -40.4996678,
              -9.4380733
            ],
            [
              -40.4988482,
              -9.436847
            ],
            [
              -40.5001774,
              -9.435494
            ],
            [
              -40.5015853,
              -9.4338699
            ],
            [
              -40.5019713,
              -9.4340715
            ],
            [
              -40.5016875,
              -9.4346316
            ],
            [
              -40.5009698,
              -9.4423503
            ],
            [
              -40.5006763,
              -9.443103
            ],
            [
              -40.5012437,
              -9.4435854
            ],
            [
              -40.5009959,
              -9.4453995
            ],
            [
              -40.5006894,
              -9.4464351
            ],
            [
              -40.500572,
              -9.4476188
            ],
            [
              -40.5003372,
              -9.4498573
            ],
            [
              -40.4999781,
              -9.4518035
            ],
            [
              -40.4997387,
              -9.4517843
            ],
            [
              -40.4983005,
              -9.4516107
            ],
            [
              -40.4974431,
              -9.4514554
            ],
            [
              -40.496669,
              -9.4512869
            ]
          ]
        ]
      },
      "id": "relation/17134427"
    },
    {
      "type": "Feature",
      "properties": {
        "@id": "relation/17137193",
        "admin_level": "10",
        "boundary": "administrative",
        "name": "Malhada da Areia",
        "place": "suburb",
        "source": "mapa pref.",
        "type": "boundary"
      },
      "geometry": {
        "type": "Polygon",
        "coordinates": [
          [
            [
              -40.4999787,
              -9.4518035
            ],
            [
              -40.5003377,
              -9.4498577
            ],
            [
              -40.5006899,
              -9.4464354
            ],
            [
              -40.5009967,
              -9.4453993
            ],
            [
              -40.5012444,
              -9.4435851
            ],
            [
              -40.5006771,
              -9.4431027
            ],
            [
              -40.5009703,
              -9.4423511
            ],
            [
              -40.5016387,
              -9.4351635
            ],
            [
              -40.5036873,
              -9.4361389
            ],
            [
              -40.5047735,
              -9.4362239
            ],
            [
              -40.5047622,
              -9.4364271
            ],
            [
              -40.505148,
              -9.4363125
            ],
            [
              -40.5052869,
              -9.4367548
            ],
            [
              -40.5062379,
              -9.439793
            ],
            [
              -40.5063653,
              -9.4400516
            ],
            [
              -40.506429,
              -9.440107
            ],
            [
              -40.5086125,
              -9.4464064
            ],
            [
              -40.5092709,
              -9.4479839
            ],
            [
              -40.5105755,
              -9.4515644
            ],
            [
              -40.5051883,
              -9.4518456
            ],
            [
              -40.5046976,
              -9.4518765
            ],
            [
              -40.502967,
              -9.4519653
            ],
            [
              -40.5012478,
              -9.4519061
            ],
            [
              -40.4999787,
              -9.4518035
            ]
          ]
        ]
      },
      "id": "relation/17137193"
    },
    {
      "type": "Feature",
      "properties": {
        "@id": "relation/17138016",
        "admin_level": "10",
        "boundary": "administrative",
        "name": "Padre Vicente (Codevasf)",
        "place": "suburb",
        "source": "maps",
        "type": "boundary"
      },
      "geometry": {
        "type": "Polygon",
        "coordinates": [
          [
            [
              -40.5092713,
              -9.4479831
            ],
            [
              -40.5086132,
              -9.4464061
            ],
            [
              -40.5064298,
              -9.4401068
            ],
            [
              -40.5072878,
              -9.4399892
            ],
            [
              -40.5080334,
              -9.4400916
            ],
            [
              -40.508929,
              -9.4361759
            ],
            [
              -40.5131351,
              -9.4371994
            ],
            [
              -40.5127091,
              -9.4388308
            ],
            [
              -40.5105518,
              -9.4476522
            ],
            [
              -40.5092713,
              -9.4479831
            ]
          ]
        ]
      },
      "id": "relation/17138016"
    },
    {
      "type": "Feature",
      "properties": {
        "@id": "relation/17138717",
        "admin_level": "10",
        "boundary": "administrative",
        "name": "Argemiro",
        "place": "suburb",
        "source": "maps",
        "type": "boundary"
      },
      "geometry": {
        "type": "Polygon",
        "coordinates": [
          [
            [
              -40.5089293,
              -9.4361753
            ],
            [
              -40.5093224,
              -9.4346548
            ],
            [
              -40.5093332,
              -9.4339543
            ],
            [
              -40.5092573,
              -9.4331094
            ],
            [
              -40.5090081,
              -9.4313929
            ],
            [
              -40.5095034,
              -9.4314703
            ],
            [
              -40.5095917,
              -9.433194
            ],
            [
              -40.5102086,
              -9.4333474
            ],
            [
              -40.5101182,
              -9.4315546
            ],
            [
              -40.5129488,
              -9.4319651
            ],
            [
              -40.5142786,
              -9.4323095
            ],
            [
              -40.5206042,
              -9.4338396
            ],
            [
              -40.5226512,
              -9.4343246
            ],
            [
              -40.5234819,
              -9.4345978
            ],
            [
              -40.5241988,
              -9.4349782
            ],
            [
              -40.5251951,
              -9.435744
            ],
            [
              -40.5258903,
              -9.4363577
            ],
            [
              -40.5249841,
              -9.4410414
            ],
            [
              -40.5248126,
              -9.4418933
            ],
            [
              -40.5238733,
              -9.4418322
            ],
            [
              -40.5238319,
              -9.4420696
            ],
            [
              -40.5236435,
              -9.4422821
            ],
            [
              -40.5222158,
              -9.4427848
            ],
            [
              -40.5203026,
              -9.4426146
            ],
            [
              -40.5203103,
              -9.4422667
            ],
            [
              -40.5150308,
              -9.4410129
            ],
            [
              -40.5153603,
              -9.4394637
            ],
            [
              -40.51271,
              -9.4388302
            ],
            [
              -40.5131359,
              -9.4371991
            ],
            [
              -40.5089293,
              -9.4361753
            ]
          ]
        ]
      },
      "id": "relation/17138717"
    },
    {
      "type": "Feature",
      "properties": {
        "@id": "relation/17138761",
        "admin_level": "10",
        "boundary": "administrative",
        "name": "Condomínio Villa Verde Residence",
        "place": "suburb",
        "source": "maps",
        "type": "boundary"
      },
      "geometry": {
        "type": "Polygon",
        "coordinates": [
          [
            [
              -40.5101176,
              -9.4315546
            ],
            [
              -40.5102082,
              -9.4333467
            ],
            [
              -40.5095922,
              -9.4331935
            ],
            [
              -40.5095042,
              -9.4314703
            ],
            [
              -40.5101176,
              -9.4315546
            ]
          ]
        ]
      },
      "id": "relation/17138761"
    },
    {
      "type": "Feature",
      "properties": {
        "@id": "relation/17138813",
        "admin_level": "10",
        "boundary": "administrative",
        "name": "Condomínio Assunção de Maria",
        "place": "suburb",
        "source": "maps",
        "type": "boundary"
      },
      "geometry": {
        "type": "Polygon",
        "coordinates": [
          [
            [
              -40.5273911,
              -9.4232582
            ],
            [
              -40.5286526,
              -9.4206467
            ],
            [
              -40.5292534,
              -9.4209999
            ],
            [
              -40.5305206,
              -9.4185274
            ],
            [
              -40.5310685,
              -9.4190987
            ],
            [
              -40.5314452,
              -9.4194243
            ],
            [
              -40.5319963,
              -9.4197744
            ],
            [
              -40.5323419,
              -9.4199556
            ],
            [
              -40.5316974,
              -9.4208432
            ],
            [
              -40.5304085,
              -9.422683
            ],
            [
              -40.5304054,
              -9.4228242
            ],
            [
              -40.5309378,
              -9.4232972
            ],
            [
              -40.5305299,
              -9.4237579
            ],
            [
              -40.5290511,
              -9.4250786
            ],
            [
              -40.5282136,
              -9.4240773
            ],
            [
              -40.5273911,
              -9.4232582
            ]
          ]
        ]
      },
      "id": "relation/17138813"
    },
    {
      "type": "Feature",
      "properties": {
        "@id": "relation/17138816",
        "admin_level": "10",
        "boundary": "administrative",
        "name": "Condomínio Colina do Rio",
        "place": "suburb",
        "source": "maps",
        "type": "boundary"
      },
      "geometry": {
        "type": "Polygon",
        "coordinates": [
          [
            [
              -40.5305789,
              -9.4228203
            ],
            [
              -40.5325017,
              -9.4200962
            ],
            [
              -40.5332444,
              -9.4207702
            ],
            [
              -40.5349642,
              -9.4225177
            ],
            [
              -40.5326167,
              -9.4247491
            ],
            [
              -40.5305789,
              -9.4228203
            ]
          ]
        ]
      },
      "id": "relation/17138816"
    },
    {
      "type": "Feature",
      "properties": {
        "@id": "relation/17138839",
        "admin_level": "10",
        "boundary": "administrative",
        "name": "Condomínio Velho Chico",
        "place": "suburb",
        "source": "maps",
        "type": "boundary"
      },
      "geometry": {
        "type": "Polygon",
        "coordinates": [
          [
            [
              -40.5267082,
              -9.432083
            ],
            [
              -40.5270303,
              -9.4304019
            ],
            [
              -40.5313824,
              -9.4278229
            ],
            [
              -40.531757,
              -9.4277711
            ],
            [
              -40.5325922,
              -9.4287983
            ],
            [
              -40.5267082,
              -9.432083
            ]
          ]
        ]
      },
      "id": "relation/17138839"
    },
    {
      "type": "Feature",
      "properties": {
        "@id": "relation/17140565",
        "admin_level": "10",
        "boundary": "administrative",
        "name": "Condomínio Villa Bella",
        "place": "suburb",
        "source": "maps",
        "type": "boundary"
      },
      "geometry": {
        "type": "Polygon",
        "coordinates": [
          [
            [
              -40.5259246,
              -9.4224519
            ],
            [
              -40.5255281,
              -9.4244432
            ],
            [
              -40.5238294,
              -9.424101
            ],
            [
              -40.5242754,
              -9.4220518
            ],
            [
              -40.5259246,
              -9.4224519
            ]
          ]
        ]
      },
      "id": "relation/17140565"
    },
    {
      "type": "Feature",
      "properties": {
        "@id": "relation/17140580",
        "admin_level": "10",
        "boundary": "administrative",
        "name": "Condomínio Terra dos Sonhos",
        "place": "suburb",
        "source": "maps",
        "type": "boundary"
      },
      "geometry": {
        "type": "Polygon",
        "coordinates": [
          [
            [
              -40.5227465,
              -9.4217067
            ],
            [
              -40.5212526,
              -9.4213934
            ],
            [
              -40.5216401,
              -9.4196376
            ],
            [
              -40.5218158,
              -9.4182996
            ],
            [
              -40.5221267,
              -9.4174061
            ],
            [
              -40.5226539,
              -9.4161215
            ],
            [
              -40.5230414,
              -9.4150369
            ],
            [
              -40.5233793,
              -9.4143612
            ],
            [
              -40.5249834,
              -9.4149836
            ],
            [
              -40.5227465,
              -9.4217067
            ]
          ]
        ]
      },
      "id": "relation/17140580"
    },
    {
      "type": "Feature",
      "properties": {
        "@id": "relation/17140584",
        "admin_level": "10",
        "boundary": "administrative",
        "name": "Condomínio Country Club",
        "place": "suburb",
        "source": "maps",
        "type": "boundary"
      },
      "geometry": {
        "type": "Polygon",
        "coordinates": [
          [
            [
              -40.5243708,
              -9.4220744
            ],
            [
              -40.5242754,
              -9.4220512
            ],
            [
              -40.5227472,
              -9.4217069
            ],
            [
              -40.524984,
              -9.4149838
            ],
            [
              -40.5265951,
              -9.4156788
            ],
            [
              -40.5259663,
              -9.4172189
            ],
            [
              -40.5243708,
              -9.4220744
            ]
          ]
        ]
      },
      "id": "relation/17140584"
    },
    {
      "type": "Feature",
      "properties": {
        "@id": "relation/17140625",
        "admin_level": "10",
        "boundary": "administrative",
        "name": "Condomínio Porto Seguro",
        "place": "suburb",
        "source": "maps",
        "type": "boundary"
      },
      "geometry": {
        "type": "Polygon",
        "coordinates": [
          [
            [
              -40.5150444,
              -9.4136462
            ],
            [
              -40.5150272,
              -9.4143126
            ],
            [
              -40.5142829,
              -9.4149196
            ],
            [
              -40.5139107,
              -9.4142681
            ],
            [
              -40.5142742,
              -9.4140537
            ],
            [
              -40.5144851,
              -9.4136441
            ],
            [
              -40.5150444,
              -9.4136462
            ]
          ]
        ]
      },
      "id": "relation/17140625"
    },
    {
      "type": "Feature",
      "properties": {
        "@id": "relation/17140670",
        "admin_level": "10",
        "boundary": "administrative",
        "name": "Condomínio Santo Antônio",
        "place": "suburb",
        "source": "maps",
        "type": "boundary"
      },
      "geometry": {
        "type": "Polygon",
        "coordinates": [
          [
            [
              -40.5077442,
              -9.4202168
            ],
            [
              -40.5077142,
              -9.4195554
            ],
            [
              -40.509572,
              -9.4199803
            ],
            [
              -40.5095308,
              -9.4205678
            ],
            [
              -40.5077442,
              -9.4202168
            ]
          ]
        ]
      },
      "id": "relation/17140670"
    },
    {
      "type": "Feature",
      "properties": {
        "@id": "relation/17140685",
        "admin_level": "10",
        "boundary": "administrative",
        "name": "Condomínio Villi di Roma",
        "place": "suburb",
        "source": "maps",
        "type": "boundary"
      },
      "geometry": {
        "type": "Polygon",
        "coordinates": [
          [
            [
              -40.4936002,
              -9.414158
            ],
            [
              -40.4938158,
              -9.414587
            ],
            [
              -40.4930129,
              -9.4151517
            ],
            [
              -40.4927267,
              -9.4146897
            ],
            [
              -40.4936002,
              -9.414158
            ]
          ]
        ]
      },
      "id": "relation/17140685"
    },
    {
      "type": "Feature",
      "properties": {
        "@id": "relation/17140687",
        "admin_level": "10",
        "boundary": "administrative",
        "name": "Condomínio Residencial Braúna",
        "place": "suburb",
        "source": "maps",
        "type": "boundary"
      },
      "geometry": {
        "type": "Polygon",
        "coordinates": [
          [
            [
              -40.4938165,
              -9.4145875
            ],
            [
              -40.494089,
              -9.4151738
            ],
            [
              -40.4933249,
              -9.4156283
            ],
            [
              -40.4930133,
              -9.4151521
            ],
            [
              -40.4938165,
              -9.4145875
            ]
          ]
        ]
      },
      "id": "relation/17140687"
    },
    {
      "type": "Feature",
      "properties": {
        "@id": "relation/17140747",
        "admin_level": "10",
        "boundary": "administrative",
        "name": "Condomínio Bosque dos Cajueiros",
        "place": "suburb",
        "source": "maps",
        "type": "boundary"
      },
      "geometry": {
        "type": "Polygon",
        "coordinates": [
          [
            [
              -40.4914017,
              -9.4141162
            ],
            [
              -40.4897367,
              -9.4147252
            ],
            [
              -40.4893086,
              -9.4139443
            ],
            [
              -40.4903928,
              -9.4135474
            ],
            [
              -40.4902336,
              -9.413106
            ],
            [
              -40.4912231,
              -9.4127707
            ],
            [
              -40.4914017,
              -9.4141162
            ]
          ]
        ]
      },
      "id": "relation/17140747"
    },
    {
      "type": "Feature",
      "properties": {
        "@id": "relation/17140750",
        "admin_level": "10",
        "boundary": "administrative",
        "name": "Condomínio Carpe Diem",
        "place": "suburb",
        "source": "maps",
        "type": "boundary"
      },
      "geometry": {
        "type": "Polygon",
        "coordinates": [
          [
            [
              -40.5231969,
              -9.4218088
            ],
            [
              -40.5230801,
              -9.422347
            ],
            [
              -40.5223859,
              -9.4221719
            ],
            [
              -40.5225064,
              -9.4216569
            ],
            [
              -40.5227467,
              -9.4217073
            ],
            [
              -40.5231969,
              -9.4218088
            ]
          ]
        ]
      },
      "id": "relation/17140750"
    },
    {
      "type": "Feature",
      "properties": {
        "@id": "relation/17140752",
        "admin_level": "10",
        "boundary": "administrative",
        "name": "Condomínio Residencial Vitória I",
        "place": "suburb",
        "source": "maps",
        "type": "boundary"
      },
      "geometry": {
        "type": "Polygon",
        "coordinates": [
          [
            [
              -40.5114702,
              -9.4246931
            ],
            [
              -40.5113644,
              -9.4261384
            ],
            [
              -40.510035,
              -9.4260554
            ],
            [
              -40.5100952,
              -9.4245972
            ],
            [
              -40.5114702,
              -9.4246931
            ]
          ]
        ]
      },
      "id": "relation/17140752"
    },
    {
      "type": "Feature",
      "properties": {
        "@id": "relation/17140753",
        "admin_level": "10",
        "boundary": "administrative",
        "name": "Condomínio Residencial Vitória II",
        "place": "suburb",
        "source": "maps",
        "type": "boundary"
      },
      "geometry": {
        "type": "Polygon",
        "coordinates": [
          [
            [
              -40.5100947,
              -9.4245969
            ],
            [
              -40.5100345,
              -9.4260554
            ],
            [
              -40.5093829,
              -9.4260236
            ],
            [
              -40.5094001,
              -9.4245466
            ],
            [
              -40.5100947,
              -9.4245969
            ]
          ]
        ]
      },
      "id": "relation/17140753"
    },
    {
      "type": "Feature",
      "properties": {
        "@id": "relation/17140771",
        "admin_level": "10",
        "boundary": "administrative",
        "name": "Condomínio Jardim Vitória",
        "place": "suburb",
        "source": "maps",
        "type": "boundary"
      },
      "geometry": {
        "type": "Polygon",
        "coordinates": [
          [
            [
              -40.5073479,
              -9.4267611
            ],
            [
              -40.5074786,
              -9.4280418
            ],
            [
              -40.5062457,
              -9.4281033
            ],
            [
              -40.5063391,
              -9.4273785
            ],
            [
              -40.5046735,
              -9.4273846
            ],
            [
              -40.5050502,
              -9.4266137
            ],
            [
              -40.5057943,
              -9.4268502
            ],
            [
              -40.5062924,
              -9.4268748
            ],
            [
              -40.5073479,
              -9.4267611
            ]
          ]
        ]
      },
      "id": "relation/17140771"
    },
    {
      "type": "Feature",
      "properties": {
        "@id": "relation/17153002",
        "admin_level": "10",
        "boundary": "administrative",
        "name": "Condomínio Mais Viver Villages",
        "place": "suburb",
        "source": "maps",
        "type": "boundary"
      },
      "geometry": {
        "type": "Polygon",
        "coordinates": [
          [
            [
              -40.4818331,
              -9.4256871
            ],
            [
              -40.4789934,
              -9.4257545
            ],
            [
              -40.4789934,
              -9.4251464
            ],
            [
              -40.4803352,
              -9.4244031
            ],
            [
              -40.4805211,
              -9.4241417
            ],
            [
              -40.4806228,
              -9.4240272
            ],
            [
              -40.4807234,
              -9.4239482
            ],
            [
              -40.4808076,
              -9.4239066
            ],
            [
              -40.4811473,
              -9.4235859
            ],
            [
              -40.4810929,
              -9.4241399
            ],
            [
              -40.4817994,
              -9.4241604
            ],
            [
              -40.4818331,
              -9.4256871
            ]
          ]
        ]
      },
      "id": "relation/17153002"
    },
    {
      "type": "Feature",
      "properties": {
        "@id": "relation/17153006",
        "admin_level": "10",
        "boundary": "administrative",
        "name": "Condomínio Mais Viver",
        "place": "suburb",
        "source": "mapa maps",
        "type": "boundary"
      },
      "geometry": {
        "type": "Polygon",
        "coordinates": [
          [
            [
              -40.4818337,
              -9.4256872
            ],
            [
              -40.4818,
              -9.4241598
            ],
            [
              -40.483121,
              -9.4243085
            ],
            [
              -40.4828803,
              -9.4257101
            ],
            [
              -40.4818337,
              -9.4256872
            ]
          ]
        ]
      },
      "id": "relation/17153006"
    },
    {
      "type": "Feature",
      "properties": {
        "@id": "relation/17153260",
        "admin_level": "10",
        "boundary": "administrative",
        "name": "Condomínio Paulo VI",
        "place": "suburb",
        "source": "maps",
        "type": "boundary"
      },
      "geometry": {
        "type": "Polygon",
        "coordinates": [
          [
            [
              -40.4985419,
              -9.4235481
            ],
            [
              -40.4983702,
              -9.4226061
            ],
            [
              -40.4977927,
              -9.4227755
            ],
            [
              -40.4965839,
              -9.4230154
            ],
            [
              -40.4966965,
              -9.4223133
            ],
            [
              -40.4967806,
              -9.4221228
            ],
            [
              -40.4969218,
              -9.4219323
            ],
            [
              -40.4974547,
              -9.4217294
            ],
            [
              -40.4982594,
              -9.4217594
            ],
            [
              -40.4982469,
              -9.422024
            ],
            [
              -40.499824,
              -9.4221104
            ],
            [
              -40.4995933,
              -9.4231247
            ],
            [
              -40.4985419,
              -9.4235481
            ]
          ]
        ]
      },
      "id": "relation/17153260"
    },
    {
      "type": "Feature",
      "properties": {
        "@id": "relation/17153285",
        "admin_level": "10",
        "boundary": "administrative",
        "name": "Residencial Juazeiro 1",
        "place": "suburb",
        "source": "maps",
        "type": "boundary"
      },
      "geometry": {
        "type": "Polygon",
        "coordinates": [
          [
            [
              -40.4717279,
              -9.4514874
            ],
            [
              -40.4724662,
              -9.4477978
            ],
            [
              -40.4754986,
              -9.4483905
            ],
            [
              -40.4756076,
              -9.4486055
            ],
            [
              -40.4748963,
              -9.45211
            ],
            [
              -40.4717144,
              -9.4515379
            ],
            [
              -40.4717279,
              -9.4514874
            ]
          ]
        ]
      },
      "id": "relation/17153285"
    },
    {
      "type": "Feature",
      "properties": {
        "@id": "relation/17153291",
        "admin_level": "10",
        "boundary": "administrative",
        "name": "Residencial Juazeiro 2",
        "place": "suburb",
        "source": "maps",
        "type": "boundary"
      },
      "geometry": {
        "type": "Polygon",
        "coordinates": [
          [
            [
              -40.4717137,
              -9.4515376
            ],
            [
              -40.4714199,
              -9.4514818
            ],
            [
              -40.4687041,
              -9.4472576
            ],
            [
              -40.4687638,
              -9.4470812
            ],
            [
              -40.4724656,
              -9.4477979
            ],
            [
              -40.4717272,
              -9.4514873
            ],
            [
              -40.4717137,
              -9.4515376
            ]
          ]
        ]
      },
      "id": "relation/17153291"
    },
    {
      "type": "Feature",
      "properties": {
        "@id": "relation/17153293",
        "admin_level": "10",
        "boundary": "administrative",
        "name": "Residencial Juazeiro 3",
        "place": "suburb",
        "source": "mapa pref.",
        "type": "boundary"
      },
      "geometry": {
        "type": "Polygon",
        "coordinates": [
          [
            [
              -40.4687641,
              -9.4470804
            ],
            [
              -40.4686269,
              -9.4470608
            ],
            [
              -40.4688685,
              -9.445696
            ],
            [
              -40.4710105,
              -9.4458296
            ],
            [
              -40.4727858,
              -9.4461585
            ],
            [
              -40.4724661,
              -9.4477972
            ],
            [
              -40.4687641,
              -9.4470804
            ]
          ]
        ]
      },
      "id": "relation/17153293"
    },
    {
      "type": "Feature",
      "properties": {
        "@id": "relation/17153295",
        "admin_level": "10",
        "boundary": "administrative",
        "name": "Juá Garden Shopping",
        "place": "suburb",
        "source": "maps",
        "type": "boundary"
      },
      "geometry": {
        "type": "Polygon",
        "coordinates": [
          [
            [
              -40.4834838,
              -9.4521349
            ],
            [
              -40.4845462,
              -9.4510548
            ],
            [
              -40.4880875,
              -9.4526805
            ],
            [
              -40.4874868,
              -9.453963
            ],
            [
              -40.4834838,
              -9.4521349
            ]
          ]
        ]
      },
      "id": "relation/17153295"
    },
    {
      "type": "Feature",
      "properties": {
        "@id": "relation/17153334",
        "admin_level": "10",
        "boundary": "administrative",
        "name": "Jardim Primavera",
        "place": "suburb",
        "source": "maps",
        "type": "boundary"
      },
      "geometry": {
        "type": "Polygon",
        "coordinates": [
          [
            [
              -40.4200824,
              -9.4579954
            ],
            [
              -40.4141459,
              -9.4564035
            ],
            [
              -40.4156088,
              -9.4515345
            ],
            [
              -40.4214792,
              -9.4529589
            ],
            [
              -40.4200824,
              -9.4579954
            ]
          ]
        ]
      },
      "id": "relation/17153334"
    },
    {
      "type": "Feature",
      "properties": {
        "@id": "relation/17153340",
        "admin_level": "10",
        "boundary": "administrative",
        "name": "Tancredo Neves (Juazeiro 3)",
        "place": "suburb",
        "source": "mapa pref",
        "type": "boundary"
      },
      "geometry": {
        "type": "Polygon",
        "coordinates": [
          [
            [
              -40.4899236,
              -9.4487602
            ],
            [
              -40.4878287,
              -9.4476046
            ],
            [
              -40.4878613,
              -9.4472637
            ],
            [
              -40.4867462,
              -9.4450186
            ],
            [
              -40.4872287,
              -9.4444075
            ],
            [
              -40.4887677,
              -9.4413134
            ],
            [
              -40.4926293,
              -9.4432024
            ],
            [
              -40.4921446,
              -9.4440684
            ],
            [
              -40.4899236,
              -9.4487602
            ]
          ]
        ]
      },
      "id": "relation/17153340"
    },
    {
      "type": "Feature",
      "properties": {
        "@id": "relation/17163218",
        "admin_level": "10",
        "boundary": "administrative",
        "name": "Itaberaba",
        "place": "suburb",
        "source": "maps",
        "type": "boundary"
      },
      "geometry": {
        "type": "Polygon",
        "coordinates": [
          [
            [
              -40.4878282,
              -9.447605
            ],
            [
              -40.4845457,
              -9.4510544
            ],
            [
              -40.4834832,
              -9.4521346
            ],
            [
              -40.4829405,
              -9.4526437
            ],
            [
              -40.4822629,
              -9.4531357
            ],
            [
              -40.4815257,
              -9.453526
            ],
            [
              -40.4767772,
              -9.4546649
            ],
            [
              -40.4786336,
              -9.4494041
            ],
            [
              -40.4800797,
              -9.4445251
            ],
            [
              -40.4854037,
              -9.4423854
            ],
            [
              -40.4867456,
              -9.445019
            ],
            [
              -40.4878606,
              -9.4472638
            ],
            [
              -40.4878282,
              -9.447605
            ]
          ]
        ]
      },
      "id": "relation/17163218"
    },
    {
      "type": "Feature",
      "properties": {
        "@id": "relation/17163232",
        "admin_level": "10",
        "boundary": "administrative",
        "name": "Sol Nascente",
        "place": "suburb",
        "source": "maps",
        "type": "boundary"
      },
      "geometry": {
        "type": "Polygon",
        "coordinates": [
          [
            [
              -40.4834834,
              -9.4521355
            ],
            [
              -40.4844508,
              -9.4546463
            ],
            [
              -40.4836741,
              -9.4560779
            ],
            [
              -40.4839722,
              -9.4562327
            ],
            [
              -40.482364,
              -9.4597692
            ],
            [
              -40.4810852,
              -9.4601251
            ],
            [
              -40.4791789,
              -9.4634449
            ],
            [
              -40.4753546,
              -9.457703
            ],
            [
              -40.4764883,
              -9.4557359
            ],
            [
              -40.4767772,
              -9.4546654
            ],
            [
              -40.4815267,
              -9.4535264
            ],
            [
              -40.4822638,
              -9.4531359
            ],
            [
              -40.4829407,
              -9.4526443
            ],
            [
              -40.4834834,
              -9.4521355
            ]
          ]
        ]
      },
      "id": "relation/17163232"
    },
    {
      "type": "Feature",
      "properties": {
        "@id": "relation/17163233",
        "admin_level": "10",
        "boundary": "administrative",
        "name": "Distrito Industrial",
        "place": "suburb",
        "source": "maps",
        "type": "boundary"
      },
      "geometry": {
        "type": "Polygon",
        "coordinates": [
          [
            [
              -40.4834843,
              -9.4521358
            ],
            [
              -40.4874866,
              -9.4539635
            ],
            [
              -40.4816675,
              -9.4662183
            ],
            [
              -40.4791792,
              -9.4634454
            ],
            [
              -40.4810854,
              -9.4601259
            ],
            [
              -40.4823646,
              -9.4597696
            ],
            [
              -40.4839729,
              -9.4562324
            ],
            [
              -40.4836753,
              -9.4560777
            ],
            [
              -40.4844515,
              -9.4546463
            ],
            [
              -40.4834843,
              -9.4521358
            ]
          ]
        ]
      },
      "id": "relation/17163233"
    },
    {
      "type": "Feature",
      "properties": {
        "@id": "relation/17163284",
        "admin_level": "10",
        "boundary": "administrative",
        "name": "Tabuleiro",
        "place": "suburb",
        "source": "maps",
        "type": "boundary"
      },
      "geometry": {
        "type": "Polygon",
        "coordinates": [
          [
            [
              -40.4792598,
              -9.4401793
            ],
            [
              -40.4746626,
              -9.4397614
            ],
            [
              -40.474843,
              -9.438585
            ],
            [
              -40.474388,
              -9.4387011
            ],
            [
              -40.4738545,
              -9.4359848
            ],
            [
              -40.4731485,
              -9.4340113
            ],
            [
              -40.4705361,
              -9.4333922
            ],
            [
              -40.4701281,
              -9.4359229
            ],
            [
              -40.4675314,
              -9.4380588
            ],
            [
              -40.4687944,
              -9.4300876
            ],
            [
              -40.4780498,
              -9.432381
            ],
            [
              -40.4789608,
              -9.4366194
            ],
            [
              -40.4796592,
              -9.4368149
            ],
            [
              -40.4795837,
              -9.4378297
            ],
            [
              -40.4793383,
              -9.4391518
            ],
            [
              -40.4792598,
              -9.4401793
            ]
          ]
        ]
      },
      "id": "relation/17163284"
    },
    {
      "type": "Feature",
      "properties": {
        "@id": "relation/17163402",
        "admin_level": "10",
        "boundary": "administrative",
        "name": "Sol Levante",
        "place": "suburb",
        "source": "maps",
        "type": "boundary"
      },
      "geometry": {
        "type": "Polygon",
        "coordinates": [
          [
            [
              -40.4735423,
              -9.4312633
            ],
            [
              -40.4746572,
              -9.4267522
            ],
            [
              -40.4764066,
              -9.4271856
            ],
            [
              -40.4824473,
              -9.4263265
            ],
            [
              -40.4857501,
              -9.4268992
            ],
            [
              -40.4873073,
              -9.4272376
            ],
            [
              -40.4866291,
              -9.4321718
            ],
            [
              -40.4854458,
              -9.4320645
            ],
            [
              -40.4840833,
              -9.4364439
            ],
            [
              -40.4840038,
              -9.440252
            ],
            [
              -40.4793601,
              -9.4403528
            ],
            [
              -40.4792605,
              -9.4401795
            ],
            [
              -40.4793388,
              -9.4391525
            ],
            [
              -40.4795844,
              -9.4378299
            ],
            [
              -40.4796597,
              -9.4368142
            ],
            [
              -40.4789613,
              -9.4366188
            ],
            [
              -40.4780502,
              -9.4323803
            ],
            [
              -40.4735423,
              -9.4312633
            ]
          ]
        ]
      },
      "id": "relation/17163402"
    },
    {
      "type": "Feature",
      "properties": {
        "@id": "relation/17225563",
        "admin_level": "10",
        "boundary": "administrative",
        "name": "Castelo Branco",
        "place": "suburb",
        "source": "map maps",
        "type": "boundary"
      },
      "geometry": {
        "type": "Polygon",
        "coordinates": [
          [
            [
              -40.493663,
              -9.4409514
            ],
            [
              -40.4896655,
              -9.4391456
            ],
            [
              -40.4903878,
              -9.437696
            ],
            [
              -40.4889556,
              -9.4370449
            ],
            [
              -40.4900142,
              -9.4348582
            ],
            [
              -40.4908485,
              -9.4355584
            ],
            [
              -40.4913716,
              -9.4358287
            ],
            [
              -40.495257,
              -9.4375977
            ],
            [
              -40.493663,
              -9.4409514
            ]
          ]
        ]
      },
      "id": "relation/17225563"
    },
    {
      "type": "Feature",
      "properties": {
        "@id": "relation/17225567",
        "admin_level": "10",
        "boundary": "administrative",
        "name": "Dom Tomaz",
        "place": "suburb",
        "source": "mapa maps",
        "type": "boundary"
      },
      "geometry": {
        "type": "Polygon",
        "coordinates": [
          [
            [
              -40.4898357,
              -9.4352257
            ],
            [
              -40.4889549,
              -9.4370452
            ],
            [
              -40.490387,
              -9.4376963
            ],
            [
              -40.4896649,
              -9.4391456
            ],
            [
              -40.4936627,
              -9.4409518
            ],
            [
              -40.4928901,
              -9.4427373
            ],
            [
              -40.4926297,
              -9.4432021
            ],
            [
              -40.4887675,
              -9.4413127
            ],
            [
              -40.4872281,
              -9.4444071
            ],
            [
              -40.4867459,
              -9.445018
            ],
            [
              -40.485404,
              -9.4423847
            ],
            [
              -40.4840187,
              -9.4395782
            ],
            [
              -40.4840839,
              -9.4364439
            ],
            [
              -40.4854461,
              -9.4320652
            ],
            [
              -40.4866295,
              -9.4321722
            ],
            [
              -40.4898357,
              -9.4352257
            ]
          ]
        ]
      },
      "id": "relation/17225567"
    },
    {
      "type": "Feature",
      "properties": {
        "@id": "relation/17225608",
        "admin_level": "10",
        "boundary": "administrative",
        "name": "João XXIII",
        "place": "suburb",
        "source": "mapa maps",
        "type": "boundary"
      },
      "geometry": {
        "type": "Polygon",
        "coordinates": [
          [
            [
              -40.5061608,
              -9.4241953
            ],
            [
              -40.5050497,
              -9.4266134
            ],
            [
              -40.504673,
              -9.4273844
            ],
            [
              -40.5039636,
              -9.4296638
            ],
            [
              -40.5034459,
              -9.4307704
            ],
            [
              -40.5022534,
              -9.4330535
            ],
            [
              -40.5015852,
              -9.4338693
            ],
            [
              -40.5001769,
              -9.4354936
            ],
            [
              -40.4988476,
              -9.4368465
            ],
            [
              -40.4928914,
              -9.442736
            ],
            [
              -40.4936634,
              -9.4409521
            ],
            [
              -40.4952578,
              -9.4375981
            ],
            [
              -40.4994392,
              -9.4282835
            ],
            [
              -40.4998026,
              -9.4267826
            ],
            [
              -40.5002908,
              -9.4260434
            ],
            [
              -40.5009266,
              -9.425629
            ],
            [
              -40.5056044,
              -9.4246545
            ],
            [
              -40.5061608,
              -9.4241953
            ]
          ]
        ]
      },
      "id": "relation/17225608"
    },
    {
      "type": "Feature",
      "properties": {
        "@id": "relation/17225619",
        "admin_level": "10",
        "boundary": "administrative",
        "name": "Piranga",
        "place": "suburb",
        "source": "maps",
        "type": "boundary"
      },
      "geometry": {
        "type": "Polygon",
        "coordinates": [
          [
            [
              -40.5090076,
              -9.4313925
            ],
            [
              -40.5092567,
              -9.4331092
            ],
            [
              -40.5093325,
              -9.433954
            ],
            [
              -40.5093217,
              -9.4346548
            ],
            [
              -40.5091116,
              -9.4354676
            ],
            [
              -40.5052869,
              -9.4367548
            ],
            [
              -40.5051482,
              -9.4363117
            ],
            [
              -40.5047628,
              -9.4364262
            ],
            [
              -40.504774,
              -9.4362232
            ],
            [
              -40.5036877,
              -9.4361384
            ],
            [
              -40.5016387,
              -9.4351627
            ],
            [
              -40.5016883,
              -9.434632
            ],
            [
              -40.5019719,
              -9.4340713
            ],
            [
              -40.5015859,
              -9.4338693
            ],
            [
              -40.502254,
              -9.4330537
            ],
            [
              -40.5034465,
              -9.4307707
            ],
            [
              -40.5039641,
              -9.4296643
            ],
            [
              -40.5046734,
              -9.4273852
            ],
            [
              -40.5063383,
              -9.4273792
            ],
            [
              -40.506245,
              -9.4281037
            ],
            [
              -40.5074791,
              -9.4280426
            ],
            [
              -40.5073482,
              -9.4267603
            ],
            [
              -40.5062929,
              -9.426874
            ],
            [
              -40.5057943,
              -9.4268494
            ],
            [
              -40.5050506,
              -9.4266131
            ],
            [
              -40.5061614,
              -9.4241953
            ],
            [
              -40.5064876,
              -9.4235942
            ],
            [
              -40.5070603,
              -9.4237567
            ],
            [
              -40.5068642,
              -9.4241901
            ],
            [
              -40.5074291,
              -9.426775
            ],
            [
              -40.5075703,
              -9.4280674
            ],
            [
              -40.5080017,
              -9.4312714
            ],
            [
              -40.5090076,
              -9.4313925
            ]
          ]
        ]
      },
      "id": "relation/17225619"
    },
    {
      "type": "Feature",
      "properties": {
        "@id": "relation/17225665",
        "admin_level": "10",
        "boundary": "administrative",
        "name": "Jardim Flórida",
        "place": "suburb",
        "source": "maps",
        "type": "boundary"
      },
      "geometry": {
        "type": "Polygon",
        "coordinates": [
          [
            [
              -40.5143005,
              -9.4323139
            ],
            [
              -40.5129488,
              -9.4319645
            ],
            [
              -40.5101181,
              -9.4315541
            ],
            [
              -40.5095038,
              -9.4314696
            ],
            [
              -40.5090081,
              -9.4313921
            ],
            [
              -40.5080021,
              -9.4312709
            ],
            [
              -40.5075711,
              -9.4280671
            ],
            [
              -40.5074296,
              -9.4267742
            ],
            [
              -40.5073845,
              -9.4265679
            ],
            [
              -40.5078547,
              -9.4262101
            ],
            [
              -40.5093831,
              -9.4260243
            ],
            [
              -40.5100349,
              -9.4260559
            ],
            [
              -40.5113645,
              -9.426139
            ],
            [
              -40.5143902,
              -9.426528
            ],
            [
              -40.5152666,
              -9.4272485
            ],
            [
              -40.515349,
              -9.4280613
            ],
            [
              -40.5152928,
              -9.4284604
            ],
            [
              -40.5143005,
              -9.4323139
            ]
          ]
        ]
      },
      "id": "relation/17225665"
    },
    {
      "type": "Feature",
      "properties": {
        "@id": "relation/17225716",
        "admin_level": "10",
        "boundary": "administrative",
        "name": "Nossa Senhora das Grotas",
        "place": "suburb",
        "source": "mapa maps",
        "type": "boundary"
      },
      "geometry": {
        "type": "Polygon",
        "coordinates": [
          [
            [
              -40.5234822,
              -9.434597
            ],
            [
              -40.522651,
              -9.4343238
            ],
            [
              -40.5206059,
              -9.4338394
            ],
            [
              -40.514301,
              -9.4323141
            ],
            [
              -40.5152935,
              -9.4284601
            ],
            [
              -40.5153496,
              -9.4280612
            ],
            [
              -40.5152672,
              -9.4272478
            ],
            [
              -40.5149218,
              -9.4249712
            ],
            [
              -40.515024,
              -9.42412
            ],
            [
              -40.5173629,
              -9.4256545
            ],
            [
              -40.5201446,
              -9.4273122
            ],
            [
              -40.5222527,
              -9.4318914
            ],
            [
              -40.5234822,
              -9.434597
            ]
          ]
        ]
      },
      "id": "relation/17225716"
    },
    {
      "type": "Feature",
      "properties": {
        "@id": "relation/17225758",
        "admin_level": "10",
        "boundary": "administrative",
        "name": "Quidé",
        "place": "suburb",
        "source": "mapa maps",
        "type": "boundary"
      },
      "geometry": {
        "type": "Polygon",
        "coordinates": [
          [
            [
              -40.5253024,
              -9.4252838
            ],
            [
              -40.5244438,
              -9.4271855
            ],
            [
              -40.5256559,
              -9.4271802
            ],
            [
              -40.52519,
              -9.4297128
            ],
            [
              -40.527082,
              -9.4300797
            ],
            [
              -40.5270298,
              -9.4304013
            ],
            [
              -40.5267076,
              -9.4320835
            ],
            [
              -40.525903,
              -9.4356567
            ],
            [
              -40.5258909,
              -9.4363576
            ],
            [
              -40.5251961,
              -9.435744
            ],
            [
              -40.5241989,
              -9.4349776
            ],
            [
              -40.5234827,
              -9.4345966
            ],
            [
              -40.5222531,
              -9.4318911
            ],
            [
              -40.5201447,
              -9.4273112
            ],
            [
              -40.5187403,
              -9.4264747
            ],
            [
              -40.5194708,
              -9.424882
            ],
            [
              -40.5198394,
              -9.4248874
            ],
            [
              -40.5198092,
              -9.4242052
            ],
            [
              -40.5253024,
              -9.4252838
            ]
          ]
        ]
      },
      "id": "relation/17225758"
    },
    {
      "type": "Feature",
      "properties": {
        "@id": "relation/17225764",
        "admin_level": "10",
        "boundary": "administrative",
        "name": "Pedra do Lord",
        "place": "suburb",
        "source": "maps",
        "type": "boundary"
      },
      "geometry": {
        "type": "Polygon",
        "coordinates": [
          [
            [
              -40.5317568,
              -9.4277706
            ],
            [
              -40.5313818,
              -9.4278223
            ],
            [
              -40.5270306,
              -9.4304011
            ],
            [
              -40.5277797,
              -9.4257695
            ],
            [
              -40.528113,
              -9.4239781
            ],
            [
              -40.5282132,
              -9.4240779
            ],
            [
              -40.5290509,
              -9.4250791
            ],
            [
              -40.5305303,
              -9.4237582
            ],
            [
              -40.5309385,
              -9.4232969
            ],
            [
              -40.5310078,
              -9.4232271
            ],
            [
              -40.5326164,
              -9.4247497
            ],
            [
              -40.5335683,
              -9.4256681
            ],
            [
              -40.5316933,
              -9.4276184
            ],
            [
              -40.5317568,
              -9.4277706
            ]
          ]
        ]
      },
      "id": "relation/17225764"
    },
    {
      "type": "Feature",
      "properties": {
        "@id": "relation/17242970",
        "admin_level": "10",
        "boundary": "administrative",
        "name": "Nossa Senhora da Penha",
        "place": "suburb",
        "source": "maps",
        "type": "boundary"
      },
      "geometry": {
        "type": "Polygon",
        "coordinates": [
          [
            [
              -40.5077141,
              -9.4195547
            ],
            [
              -40.5074867,
              -9.4188704
            ],
            [
              -40.5090772,
              -9.4192038
            ],
            [
              -40.5089871,
              -9.4187949
            ],
            [
              -40.5092034,
              -9.4187326
            ],
            [
              -40.5108435,
              -9.4190882
            ],
            [
              -40.5114923,
              -9.417648
            ],
            [
              -40.511997,
              -9.4178525
            ],
            [
              -40.5142319,
              -9.4185593
            ],
            [
              -40.5142679,
              -9.4187771
            ],
            [
              -40.5148346,
              -9.4191431
            ],
            [
              -40.5149553,
              -9.4192413
            ],
            [
              -40.515708,
              -9.4198513
            ],
            [
              -40.516889,
              -9.4205141
            ],
            [
              -40.5184869,
              -9.4209709
            ],
            [
              -40.5197845,
              -9.4212283
            ],
            [
              -40.5198086,
              -9.4242052
            ],
            [
              -40.5198388,
              -9.4248868
            ],
            [
              -40.5194706,
              -9.4248813
            ],
            [
              -40.5187399,
              -9.4264743
            ],
            [
              -40.5173632,
              -9.4256539
            ],
            [
              -40.5150245,
              -9.4241196
            ],
            [
              -40.5130959,
              -9.4218966
            ],
            [
              -40.512955,
              -9.421533
            ],
            [
              -40.5117978,
              -9.4214446
            ],
            [
              -40.5113087,
              -9.4214471
            ],
            [
              -40.5102762,
              -9.4215263
            ],
            [
              -40.5102813,
              -9.4213297
            ],
            [
              -40.509492,
              -9.4212863
            ],
            [
              -40.5095312,
              -9.4205684
            ],
            [
              -40.5095726,
              -9.41998
            ],
            [
              -40.5077141,
              -9.4195547
            ]
          ]
        ]
      },
      "id": "relation/17242970"
    },
    {
      "type": "Feature",
      "properties": {
        "@id": "relation/17243008",
        "admin_level": "10",
        "boundary": "administrative",
        "name": "Jardim Vitória",
        "place": "suburb",
        "source": "masp",
        "type": "boundary"
      },
      "geometry": {
        "type": "Polygon",
        "coordinates": [
          [
            [
              -40.5077441,
              -9.4202174
            ],
            [
              -40.5095307,
              -9.4205684
            ],
            [
              -40.5094915,
              -9.4212868
            ],
            [
              -40.5102806,
              -9.4213303
            ],
            [
              -40.5102757,
              -9.4215268
            ],
            [
              -40.5113087,
              -9.4214476
            ],
            [
              -40.5117981,
              -9.4214452
            ],
            [
              -40.5129546,
              -9.4215335
            ],
            [
              -40.5130957,
              -9.4218972
            ],
            [
              -40.5150237,
              -9.4241195
            ],
            [
              -40.5149212,
              -9.4249717
            ],
            [
              -40.5152666,
              -9.4272478
            ],
            [
              -40.5143901,
              -9.4265273
            ],
            [
              -40.511365,
              -9.4261385
            ],
            [
              -40.5114708,
              -9.4246926
            ],
            [
              -40.5100953,
              -9.4245966
            ],
            [
              -40.510094,
              -9.4245963
            ],
            [
              -40.5093997,
              -9.4245459
            ],
            [
              -40.5093823,
              -9.4260238
            ],
            [
              -40.5078542,
              -9.4262094
            ],
            [
              -40.5073845,
              -9.4265671
            ],
            [
              -40.5068648,
              -9.4241902
            ],
            [
              -40.5070609,
              -9.4237562
            ],
            [
              -40.5072263,
              -9.4232602
            ],
            [
              -40.5076193,
              -9.4220818
            ],
            [
              -40.5077441,
              -9.4202174
            ]
          ]
        ]
      },
      "id": "relation/17243008"
    },
    {
      "type": "Feature",
      "properties": {
        "@id": "relation/17243103",
        "admin_level": "10",
        "boundary": "administrative",
        "name": "Santo Antônio",
        "place": "suburb",
        "source": "maps",
        "type": "boundary"
      },
      "geometry": {
        "type": "Polygon",
        "coordinates": [
          [
            [
              -40.5072533,
              -9.4188248
            ],
            [
              -40.5055091,
              -9.4105481
            ],
            [
              -40.5111262,
              -9.4103546
            ],
            [
              -40.5114322,
              -9.4088144
            ],
            [
              -40.5134405,
              -9.4090311
            ],
            [
              -40.5182182,
              -9.4126842
            ],
            [
              -40.5178887,
              -9.4136439
            ],
            [
              -40.5150448,
              -9.4136457
            ],
            [
              -40.5144849,
              -9.4136435
            ],
            [
              -40.5142738,
              -9.4140533
            ],
            [
              -40.5139101,
              -9.4142681
            ],
            [
              -40.5142824,
              -9.4149201
            ],
            [
              -40.513588,
              -9.4154858
            ],
            [
              -40.512572,
              -9.4169843
            ],
            [
              -40.5119972,
              -9.4178519
            ],
            [
              -40.511492,
              -9.4176473
            ],
            [
              -40.5108431,
              -9.4190874
            ],
            [
              -40.5092035,
              -9.4187319
            ],
            [
              -40.5089866,
              -9.4187944
            ],
            [
              -40.5090764,
              -9.4192029
            ],
            [
              -40.5074868,
              -9.4188698
            ],
            [
              -40.5072533,
              -9.4188248
            ]
          ]
        ]
      },
      "id": "relation/17243103"
    },
    {
      "type": "Feature",
      "properties": {
        "@id": "relation/17243141",
        "admin_level": "10",
        "boundary": "administrative",
        "name": "Condomínio Encanto do Rio",
        "place": "suburb",
        "source": "maps",
        "type": "boundary"
      },
      "geometry": {
        "type": "Polygon",
        "coordinates": [
          [
            [
              -40.5178893,
              -9.4136442
            ],
            [
              -40.5182189,
              -9.4126842
            ],
            [
              -40.5188254,
              -9.4130847
            ],
            [
              -40.5186682,
              -9.4136409
            ],
            [
              -40.5178893,
              -9.4136442
            ]
          ]
        ]
      },
      "id": "relation/17243141"
    },
    {
      "type": "Feature",
      "properties": {
        "@id": "relation/17243154",
        "admin_level": "10",
        "boundary": "administrative",
        "name": "Maringá",
        "place": "suburb",
        "source": "maps",
        "type": "boundary"
      },
      "geometry": {
        "type": "Polygon",
        "coordinates": [
          [
            [
              -40.5179998,
              -9.4136445
            ],
            [
              -40.5172523,
              -9.418142
            ],
            [
              -40.5149557,
              -9.4192407
            ],
            [
              -40.5148344,
              -9.4191422
            ],
            [
              -40.5142685,
              -9.4187766
            ],
            [
              -40.5142324,
              -9.4185587
            ],
            [
              -40.5119979,
              -9.417852
            ],
            [
              -40.5135884,
              -9.4154862
            ],
            [
              -40.5142831,
              -9.4149202
            ],
            [
              -40.5150278,
              -9.4143126
            ],
            [
              -40.515045,
              -9.4136463
            ],
            [
              -40.5178894,
              -9.4136448
            ],
            [
              -40.5179998,
              -9.4136445
            ]
          ]
        ]
      },
      "id": "relation/17243154"
    },
    {
      "type": "Feature",
      "properties": {
        "@id": "relation/17243166",
        "admin_level": "10",
        "boundary": "administrative",
        "name": "Country Club",
        "place": "suburb",
        "source": "maps",
        "type": "boundary"
      },
      "geometry": {
        "type": "Polygon",
        "coordinates": [
          [
            [
              -40.518826,
              -9.4130848
            ],
            [
              -40.5233787,
              -9.4143608
            ],
            [
              -40.523041,
              -9.4150363
            ],
            [
              -40.5218152,
              -9.4183002
            ],
            [
              -40.5216394,
              -9.4196378
            ],
            [
              -40.521252,
              -9.4213933
            ],
            [
              -40.5199155,
              -9.4212532
            ],
            [
              -40.5184869,
              -9.4209701
            ],
            [
              -40.5168895,
              -9.4205135
            ],
            [
              -40.5157091,
              -9.4198511
            ],
            [
              -40.5149562,
              -9.4192412
            ],
            [
              -40.5172529,
              -9.4181423
            ],
            [
              -40.5180004,
              -9.4136443
            ],
            [
              -40.5186688,
              -9.4136412
            ],
            [
              -40.518826,
              -9.4130848
            ]
          ]
        ]
      },
      "id": "relation/17243166"
    },
    {
      "type": "Feature",
      "properties": {
        "@id": "relation/17244972",
        "admin_level": "10",
        "boundary": "administrative",
        "name": "Alto do Alencar",
        "place": "suburb",
        "source": "maps",
        "type": "boundary"
      },
      "geometry": {
        "type": "Polygon",
        "coordinates": [
          [
            [
              -40.4965047,
              -9.4348187
            ],
            [
              -40.4952573,
              -9.4375972
            ],
            [
              -40.4913719,
              -9.4358283
            ],
            [
              -40.4908487,
              -9.4355577
            ],
            [
              -40.4900148,
              -9.4348576
            ],
            [
              -40.4917018,
              -9.4327312
            ],
            [
              -40.4917729,
              -9.4315267
            ],
            [
              -40.4921213,
              -9.431645
            ],
            [
              -40.4924583,
              -9.4316487
            ],
            [
              -40.4929977,
              -9.4315009
            ],
            [
              -40.4945258,
              -9.4318223
            ],
            [
              -40.4951925,
              -9.4324985
            ],
            [
              -40.495994,
              -9.4344604
            ],
            [
              -40.4965047,
              -9.4348187
            ]
          ]
        ]
      },
      "id": "relation/17244972"
    },
    {
      "type": "Feature",
      "properties": {
        "@id": "relation/17244977",
        "admin_level": "10",
        "boundary": "administrative",
        "name": "Monte Castelo",
        "place": "suburb",
        "source": "maps",
        "type": "boundary"
      },
      "geometry": {
        "type": "Polygon",
        "coordinates": [
          [
            [
              -40.4917724,
              -9.4315262
            ],
            [
              -40.4917009,
              -9.4327307
            ],
            [
              -40.490014,
              -9.4348577
            ],
            [
              -40.4898361,
              -9.4352249
            ],
            [
              -40.4884704,
              -9.4339247
            ],
            [
              -40.4890773,
              -9.4335227
            ],
            [
              -40.4893498,
              -9.4276582
            ],
            [
              -40.4910462,
              -9.4280076
            ],
            [
              -40.4916106,
              -9.4278311
            ],
            [
              -40.4917724,
              -9.4315262
            ]
          ]
        ]
      },
      "id": "relation/17244977"
    },
    {
      "type": "Feature",
      "properties": {
        "@id": "relation/17245021",
        "admin_level": "10",
        "boundary": "administrative",
        "name": "Alto da Maravilha",
        "place": "suburb",
        "source": "maps",
        "type": "boundary"
      },
      "geometry": {
        "type": "Polygon",
        "coordinates": [
          [
            [
              -40.5077436,
              -9.4202169
            ],
            [
              -40.5076185,
              -9.4220819
            ],
            [
              -40.5072263,
              -9.4232602
            ],
            [
              -40.5070602,
              -9.423756
            ],
            [
              -40.5064875,
              -9.4235936
            ],
            [
              -40.5061612,
              -9.4241943
            ],
            [
              -40.5056041,
              -9.4246538
            ],
            [
              -40.500927,
              -9.4256282
            ],
            [
              -40.5002907,
              -9.4260425
            ],
            [
              -40.499802,
              -9.4267823
            ],
            [
              -40.4999859,
              -9.4258695
            ],
            [
              -40.5006707,
              -9.4227816
            ],
            [
              -40.5055354,
              -9.4208773
            ],
            [
              -40.5054702,
              -9.4207229
            ],
            [
              -40.5065071,
              -9.4204463
            ],
            [
              -40.5077436,
              -9.4202169
            ]
          ]
        ]
      },
      "id": "relation/17245021"
    },
    {
      "type": "Feature",
      "properties": {
        "@id": "relation/17245144",
        "admin_level": "10",
        "boundary": "administrative",
        "name": "Matatu",
        "place": "suburb",
        "source": "maps",
        "type": "boundary"
      },
      "geometry": {
        "type": "Polygon",
        "coordinates": [
          [
            [
              -40.5006705,
              -9.422781
            ],
            [
              -40.5010145,
              -9.4214229
            ],
            [
              -40.5010907,
              -9.4208901
            ],
            [
              -40.5022637,
              -9.4207037
            ],
            [
              -40.5024263,
              -9.4220938
            ],
            [
              -40.5006705,
              -9.422781
            ]
          ]
        ]
      },
      "id": "relation/17245144"
    },
    {
      "type": "Feature",
      "properties": {
        "@id": "relation/17245235",
        "admin_level": "10",
        "boundary": "administrative",
        "name": "Alagadiço",
        "place": "suburb",
        "source": "maps",
        "type": "boundary"
      },
      "geometry": {
        "type": "Polygon",
        "coordinates": [
          [
            [
              -40.5010909,
              -9.4208892
            ],
            [
              -40.5012603,
              -9.4196169
            ],
            [
              -40.5012236,
              -9.4188416
            ],
            [
              -40.5006829,
              -9.4172324
            ],
            [
              -40.5021153,
              -9.4168069
            ],
            [
              -40.503888,
              -9.4163142
            ],
            [
              -40.5037302,
              -9.4157729
            ],
            [
              -40.5064686,
              -9.4151044
            ],
            [
              -40.5072528,
              -9.4188253
            ],
            [
              -40.5074861,
              -9.4188702
            ],
            [
              -40.5077137,
              -9.4195552
            ],
            [
              -40.5077436,
              -9.4202163
            ],
            [
              -40.5065073,
              -9.4204455
            ],
            [
              -40.5054696,
              -9.4207225
            ],
            [
              -40.5055346,
              -9.420877
            ],
            [
              -40.5024269,
              -9.4220933
            ],
            [
              -40.502264,
              -9.4207031
            ],
            [
              -40.5010909,
              -9.4208892
            ]
          ]
        ]
      },
      "id": "relation/17245235"
    },
    {
      "type": "Feature",
      "properties": {
        "@id": "relation/17247895",
        "admin_level": "10",
        "boundary": "administrative",
        "name": "Angary",
        "place": "suburb",
        "source": "maps",
        "type": "boundary"
      },
      "geometry": {
        "type": "Polygon",
        "coordinates": [
          [
            [
              -40.4961369,
              -9.4119167
            ],
            [
              -40.4961972,
              -9.4125109
            ],
            [
              -40.4954701,
              -9.4126722
            ],
            [
              -40.4952248,
              -9.412651
            ],
            [
              -40.4941794,
              -9.4127783
            ],
            [
              -40.4941536,
              -9.4118403
            ],
            [
              -40.4948677,
              -9.4117639
            ],
            [
              -40.4949495,
              -9.4120016
            ],
            [
              -40.4961369,
              -9.4119167
            ]
          ]
        ]
      },
      "id": "relation/17247895"
    },
    {
      "type": "Feature",
      "properties": {
        "@id": "relation/17247903",
        "admin_level": "10",
        "boundary": "administrative",
        "name": "Centro",
        "place": "suburb",
        "source": "maps",
        "type": "boundary"
      },
      "geometry": {
        "type": "Polygon",
        "coordinates": [
          [
            [
              -40.5055084,
              -9.4105484
            ],
            [
              -40.5064684,
              -9.4151037
            ],
            [
              -40.5037295,
              -9.4157725
            ],
            [
              -40.5038873,
              -9.4163138
            ],
            [
              -40.5022959,
              -9.416756
            ],
            [
              -40.5016259,
              -9.415083
            ],
            [
              -40.5012809,
              -9.4142258
            ],
            [
              -40.4997679,
              -9.414923
            ],
            [
              -40.4996122,
              -9.4145176
            ],
            [
              -40.4970866,
              -9.4154635
            ],
            [
              -40.496878,
              -9.4149475
            ],
            [
              -40.4949415,
              -9.4156079
            ],
            [
              -40.4948605,
              -9.4153775
            ],
            [
              -40.4944371,
              -9.415614
            ],
            [
              -40.4941725,
              -9.4151656
            ],
            [
              -40.4940896,
              -9.4151735
            ],
            [
              -40.4938166,
              -9.4145863
            ],
            [
              -40.4936003,
              -9.4141573
            ],
            [
              -40.4934216,
              -9.413786
            ],
            [
              -40.4930328,
              -9.4139116
            ],
            [
              -40.4925825,
              -9.4140392
            ],
            [
              -40.4914024,
              -9.4141161
            ],
            [
              -40.4912239,
              -9.4127703
            ],
            [
              -40.4929141,
              -9.4126663
            ],
            [
              -40.4929328,
              -9.4127799
            ],
            [
              -40.4941794,
              -9.4127789
            ],
            [
              -40.4952247,
              -9.4126516
            ],
            [
              -40.4954706,
              -9.4126729
            ],
            [
              -40.4961978,
              -9.4125113
            ],
            [
              -40.496151,
              -9.4126031
            ],
            [
              -40.4962537,
              -9.4130393
            ],
            [
              -40.4972593,
              -9.4126799
            ],
            [
              -40.4986852,
              -9.4121639
            ],
            [
              -40.5007307,
              -9.4112302
            ],
            [
              -40.5009121,
              -9.4115305
            ],
            [
              -40.5017997,
              -9.411086
            ],
            [
              -40.5034308,
              -9.4106948
            ],
            [
              -40.5034804,
              -9.4108859
            ],
            [
              -40.5055084,
              -9.4105484
            ]
          ]
        ]
      },
      "id": "relation/17247903"
    },
    {
      "type": "Feature",
      "properties": {
        "@id": "relation/17247910",
        "admin_level": "10",
        "boundary": "administrative",
        "name": "Orla",
        "place": "suburb",
        "source": "maps",
        "type": "boundary"
      },
      "geometry": {
        "type": "Polygon",
        "coordinates": [
          [
            [
              -40.5114317,
              -9.4088138
            ],
            [
              -40.5111257,
              -9.4103538
            ],
            [
              -40.5055087,
              -9.4105477
            ],
            [
              -40.5034808,
              -9.4108852
            ],
            [
              -40.5034311,
              -9.410694
            ],
            [
              -40.5017985,
              -9.4110856
            ],
            [
              -40.5009124,
              -9.4115296
            ],
            [
              -40.5007305,
              -9.4112294
            ],
            [
              -40.4986856,
              -9.4121629
            ],
            [
              -40.4962541,
              -9.4130386
            ],
            [
              -40.4961517,
              -9.4126032
            ],
            [
              -40.4961988,
              -9.4125108
            ],
            [
              -40.4961977,
              -9.4125103
            ],
            [
              -40.4961376,
              -9.4119162
            ],
            [
              -40.4966457,
              -9.4119504
            ],
            [
              -40.5026762,
              -9.4099755
            ],
            [
              -40.5053381,
              -9.409223
            ],
            [
              -40.5071376,
              -9.4087469
            ],
            [
              -40.5081183,
              -9.4085627
            ],
            [
              -40.5086912,
              -9.4087347
            ],
            [
              -40.5100953,
              -9.4085719
            ],
            [
              -40.5114317,
              -9.4088138
            ]
          ]
        ]
      },
      "id": "relation/17247910"
    },
    {
      "type": "Feature",
      "properties": {
        "@id": "relation/17248078",
        "admin_level": "10",
        "boundary": "administrative",
        "name": "Alto do Cruzeiro",
        "place": "suburb",
        "source": "maps",
        "type": "boundary"
      },
      "geometry": {
        "type": "Polygon",
        "coordinates": [
          [
            [
              -40.4999466,
              -9.4260601
            ],
            [
              -40.4998013,
              -9.426783
            ],
            [
              -40.4998017,
              -9.4267842
            ],
            [
              -40.4994386,
              -9.4282835
            ],
            [
              -40.4965051,
              -9.4348182
            ],
            [
              -40.4959946,
              -9.4344599
            ],
            [
              -40.4951927,
              -9.4324977
            ],
            [
              -40.4945257,
              -9.4318215
            ],
            [
              -40.4929977,
              -9.4315002
            ],
            [
              -40.4924583,
              -9.4316481
            ],
            [
              -40.4921213,
              -9.4316443
            ],
            [
              -40.491773,
              -9.431526
            ],
            [
              -40.4916113,
              -9.4278304
            ],
            [
              -40.4911226,
              -9.425679
            ],
            [
              -40.4934538,
              -9.4256231
            ],
            [
              -40.4957944,
              -9.4247852
            ],
            [
              -40.4956717,
              -9.4255207
            ],
            [
              -40.495851,
              -9.4263121
            ],
            [
              -40.4973044,
              -9.4258745
            ],
            [
              -40.4999466,
              -9.4260601
            ]
          ]
        ]
      },
      "id": "relation/17248078"
    },
    {
      "type": "Feature",
      "properties": {
        "@id": "relation/17248091",
        "admin_level": "10",
        "boundary": "administrative",
        "name": "Novo Encontro",
        "place": "suburb",
        "source": "maps",
        "type": "boundary"
      },
      "geometry": {
        "type": "Polygon",
        "coordinates": [
          [
            [
              -40.4911227,
              -9.4256783
            ],
            [
              -40.4897738,
              -9.4208863
            ],
            [
              -40.4913319,
              -9.4195044
            ],
            [
              -40.4916615,
              -9.4193012
            ],
            [
              -40.4931405,
              -9.4219328
            ],
            [
              -40.4932486,
              -9.422364
            ],
            [
              -40.495443,
              -9.4215105
            ],
            [
              -40.4955781,
              -9.4218661
            ],
            [
              -40.4960958,
              -9.4222288
            ],
            [
              -40.4965849,
              -9.4222339
            ],
            [
              -40.4966959,
              -9.4223129
            ],
            [
              -40.4965831,
              -9.4230153
            ],
            [
              -40.4964655,
              -9.4233854
            ],
            [
              -40.4957943,
              -9.4247845
            ],
            [
              -40.4934538,
              -9.4256224
            ],
            [
              -40.4911227,
              -9.4256783
            ]
          ]
        ]
      },
      "id": "relation/17248091"
    },
    {
      "type": "Feature",
      "properties": {
        "@id": "relation/17248189",
        "admin_level": "10",
        "boundary": "administrative",
        "name": "Centenário",
        "place": "suburb",
        "source": "maps",
        "type": "boundary"
      },
      "geometry": {
        "type": "Polygon",
        "coordinates": [
          [
            [
              -40.4916621,
              -9.4193005
            ],
            [
              -40.4944351,
              -9.4183865
            ],
            [
              -40.4941738,
              -9.4178575
            ],
            [
              -40.497033,
              -9.4176897
            ],
            [
              -40.4966962,
              -9.4223124
            ],
            [
              -40.4965855,
              -9.4222335
            ],
            [
              -40.496096,
              -9.4222281
            ],
            [
              -40.4955786,
              -9.4218655
            ],
            [
              -40.4954434,
              -9.4215099
            ],
            [
              -40.4932489,
              -9.4223631
            ],
            [
              -40.4931412,
              -9.421933
            ],
            [
              -40.4916621,
              -9.4193005
            ]
          ]
        ]
      },
      "id": "relation/17248189"
    },
    {
      "type": "Feature",
      "properties": {
        "@id": "relation/17248213",
        "admin_level": "10",
        "boundary": "administrative",
        "name": "São Geraldo",
        "place": "suburb",
        "source": "maps",
        "type": "boundary"
      },
      "geometry": {
        "type": "Polygon",
        "coordinates": [
          [
            [
              -40.4897733,
              -9.4208864
            ],
            [
              -40.4905697,
              -9.4237162
            ],
            [
              -40.4878241,
              -9.4243787
            ],
            [
              -40.4864903,
              -9.4247113
            ],
            [
              -40.4866232,
              -9.4256661
            ],
            [
              -40.4874136,
              -9.4256433
            ],
            [
              -40.4894736,
              -9.4251402
            ],
            [
              -40.4909016,
              -9.424895
            ],
            [
              -40.4911221,
              -9.4256785
            ],
            [
              -40.4916107,
              -9.4278304
            ],
            [
              -40.4910463,
              -9.428007
            ],
            [
              -40.4873069,
              -9.4272369
            ],
            [
              -40.4857507,
              -9.4268987
            ],
            [
              -40.4856274,
              -9.4257671
            ],
            [
              -40.4828809,
              -9.4257104
            ],
            [
              -40.4831216,
              -9.424308
            ],
            [
              -40.4817996,
              -9.4241591
            ],
            [
              -40.481799,
              -9.4241598
            ],
            [
              -40.4810935,
              -9.4241393
            ],
            [
              -40.4811478,
              -9.4235853
            ],
            [
              -40.4808073,
              -9.4239061
            ],
            [
              -40.4807227,
              -9.4239479
            ],
            [
              -40.4806217,
              -9.4240274
            ],
            [
              -40.4805202,
              -9.4241418
            ],
            [
              -40.4803349,
              -9.4244025
            ],
            [
              -40.4789928,
              -9.4251461
            ],
            [
              -40.478993,
              -9.4257551
            ],
            [
              -40.4790027,
              -9.4268159
            ],
            [
              -40.4764064,
              -9.427185
            ],
            [
              -40.4746573,
              -9.4267514
            ],
            [
              -40.4754624,
              -9.423226
            ],
            [
              -40.4764345,
              -9.4231795
            ],
            [
              -40.4791715,
              -9.4230212
            ],
            [
              -40.4823237,
              -9.4223415
            ],
            [
              -40.4850912,
              -9.4216808
            ],
            [
              -40.4854432,
              -9.4231705
            ],
            [
              -40.4891219,
              -9.4224649
            ],
            [
              -40.488838,
              -9.4218488
            ],
            [
              -40.4897733,
              -9.4208864
            ]
          ]
        ]
      },
      "id": "relation/17248213"
    },
    {
      "type": "Feature",
      "properties": {
        "@id": "relation/17248246",
        "admin_level": "10",
        "boundary": "administrative",
        "name": "Jardim Universitário",
        "place": "suburb",
        "source": "maps",
        "type": "boundary"
      },
      "geometry": {
        "type": "Polygon",
        "coordinates": [
          [
            [
              -40.4941731,
              -9.4178577
            ],
            [
              -40.4944342,
              -9.418386
            ],
            [
              -40.4916616,
              -9.4193001
            ],
            [
              -40.491661,
              -9.4193009
            ],
            [
              -40.4913307,
              -9.4195046
            ],
            [
              -40.4897735,
              -9.4208857
            ],
            [
              -40.4897725,
              -9.4208863
            ],
            [
              -40.4888374,
              -9.4218489
            ],
            [
              -40.4891211,
              -9.4224645
            ],
            [
              -40.4854437,
              -9.4231698
            ],
            [
              -40.4850916,
              -9.4216804
            ],
            [
              -40.4901956,
              -9.4186866
            ],
            [
              -40.4934023,
              -9.4163575
            ],
            [
              -40.4941731,
              -9.4178577
            ]
          ]
        ]
      },
      "id": "relation/17248246"
    },
    {
      "type": "Feature",
      "properties": {
        "@id": "relation/17248273",
        "admin_level": "10",
        "boundary": "administrative",
        "name": "Lomanto Júnior",
        "place": "suburb",
        "source": "maps",
        "type": "boundary"
      },
      "geometry": {
        "type": "Polygon",
        "coordinates": [
          [
            [
              -40.5011135,
              -9.4207154
            ],
            [
              -40.5010903,
              -9.4208896
            ],
            [
              -40.5010138,
              -9.4214232
            ],
            [
              -40.5006697,
              -9.4227823
            ],
            [
              -40.4999854,
              -9.4258693
            ],
            [
              -40.499947,
              -9.4260596
            ],
            [
              -40.4973037,
              -9.4258741
            ],
            [
              -40.4958515,
              -9.4263114
            ],
            [
              -40.4956724,
              -9.4255209
            ],
            [
              -40.4957948,
              -9.4247847
            ],
            [
              -40.4964661,
              -9.4233856
            ],
            [
              -40.4965836,
              -9.4230159
            ],
            [
              -40.4977934,
              -9.422776
            ],
            [
              -40.4983697,
              -9.4226069
            ],
            [
              -40.4985414,
              -9.4235487
            ],
            [
              -40.499594,
              -9.423125
            ],
            [
              -40.4998247,
              -9.4221099
            ],
            [
              -40.4982476,
              -9.4220234
            ],
            [
              -40.4982599,
              -9.4217588
            ],
            [
              -40.4974541,
              -9.4217289
            ],
            [
              -40.4969209,
              -9.4219321
            ],
            [
              -40.4967797,
              -9.4221227
            ],
            [
              -40.4966971,
              -9.42231
            ],
            [
              -40.4967312,
              -9.421841
            ],
            [
              -40.5011135,
              -9.4207154
            ]
          ]
        ]
      },
      "id": "relation/17248273"
    },
    {
      "type": "Feature",
      "properties": {
        "@id": "relation/17249050",
        "admin_level": "10",
        "boundary": "administrative",
        "name": "Coreia",
        "place": "suburb",
        "source": "maps",
        "type": "boundary"
      },
      "geometry": {
        "type": "Polygon",
        "coordinates": [
          [
            [
              -40.4944375,
              -9.4156146
            ],
            [
              -40.4948602,
              -9.4153783
            ],
            [
              -40.4949411,
              -9.4156084
            ],
            [
              -40.4968776,
              -9.4149483
            ],
            [
              -40.4970863,
              -9.4154642
            ],
            [
              -40.499612,
              -9.4145184
            ],
            [
              -40.4997675,
              -9.4149235
            ],
            [
              -40.5012806,
              -9.4142266
            ],
            [
              -40.5022952,
              -9.4167562
            ],
            [
              -40.5006823,
              -9.4172321
            ],
            [
              -40.5008956,
              -9.4178681
            ],
            [
              -40.4998606,
              -9.418151
            ],
            [
              -40.4987446,
              -9.4184688
            ],
            [
              -40.4969413,
              -9.4189576
            ],
            [
              -40.4970335,
              -9.4176892
            ],
            [
              -40.4941734,
              -9.417857
            ],
            [
              -40.4934023,
              -9.4163567
            ],
            [
              -40.4944375,
              -9.4156146
            ]
          ]
        ]
      },
      "id": "relation/17249050"
    },
    {
      "type": "Feature",
      "properties": {
        "@id": "relation/17249191",
        "admin_level": "10",
        "boundary": "administrative",
        "name": "Cajueiro",
        "place": "suburb",
        "source": "maps",
        "type": "boundary"
      },
      "geometry": {
        "type": "Polygon",
        "coordinates": [
          [
            [
              -40.489308,
              -9.4139443
            ],
            [
              -40.4897365,
              -9.414726
            ],
            [
              -40.4914021,
              -9.4141166
            ],
            [
              -40.4925832,
              -9.4140398
            ],
            [
              -40.4930332,
              -9.4139121
            ],
            [
              -40.4934212,
              -9.4137867
            ],
            [
              -40.4935997,
              -9.4141576
            ],
            [
              -40.4927259,
              -9.4146896
            ],
            [
              -40.4930125,
              -9.4151523
            ],
            [
              -40.4933247,
              -9.4156291
            ],
            [
              -40.4940894,
              -9.4151742
            ],
            [
              -40.4941723,
              -9.4151663
            ],
            [
              -40.4944365,
              -9.4156144
            ],
            [
              -40.4934018,
              -9.4163566
            ],
            [
              -40.4934009,
              -9.4163579
            ],
            [
              -40.4901959,
              -9.4186857
            ],
            [
              -40.4850909,
              -9.42168
            ],
            [
              -40.4823232,
              -9.4223408
            ],
            [
              -40.4791717,
              -9.4230206
            ],
            [
              -40.4754623,
              -9.4232254
            ],
            [
              -40.4747592,
              -9.4231003
            ],
            [
              -40.4743959,
              -9.4214089
            ],
            [
              -40.4788466,
              -9.4191016
            ],
            [
              -40.4841603,
              -9.415058
            ],
            [
              -40.4881001,
              -9.4134451
            ],
            [
              -40.4887246,
              -9.4128738
            ],
            [
              -40.489308,
              -9.4139443
            ]
          ]
        ]
      },
      "id": "relation/17249191"
    },
    {
      "type": "Feature",
      "properties": {
        "@id": "relation/17252506",
        "admin_level": "10",
        "boundary": "administrative",
        "name": "Expedito Nascimento",
        "place": "suburb",
        "source": "maps",
        "type": "boundary"
      },
      "geometry": {
        "type": "Polygon",
        "coordinates": [
          [
            [
              -40.5197851,
              -9.4212282
            ],
            [
              -40.5199152,
              -9.4212538
            ],
            [
              -40.5212524,
              -9.421394
            ],
            [
              -40.5225057,
              -9.4216569
            ],
            [
              -40.5223853,
              -9.4221722
            ],
            [
              -40.5229844,
              -9.4223234
            ],
            [
              -40.5224253,
              -9.4247181
            ],
            [
              -40.5198092,
              -9.4242045
            ],
            [
              -40.5197851,
              -9.4212282
            ]
          ]
        ]
      },
      "id": "relation/17252506"
    },
    {
      "type": "Feature",
      "properties": {
        "@id": "relation/17252544",
        "admin_level": "10",
        "boundary": "administrative",
        "name": "Palmares",
        "place": "suburb",
        "source": "maps",
        "type": "boundary"
      },
      "geometry": {
        "type": "Polygon",
        "coordinates": [
          [
            [
              -40.5273905,
              -9.4232587
            ],
            [
              -40.5281126,
              -9.4239776
            ],
            [
              -40.5277792,
              -9.4257696
            ],
            [
              -40.522426,
              -9.4247183
            ],
            [
              -40.522985,
              -9.4223237
            ],
            [
              -40.5230805,
              -9.4223477
            ],
            [
              -40.5231975,
              -9.4218091
            ],
            [
              -40.5242748,
              -9.4220518
            ],
            [
              -40.5238287,
              -9.4241014
            ],
            [
              -40.5255284,
              -9.4244437
            ],
            [
              -40.5259253,
              -9.4224518
            ],
            [
              -40.52612,
              -9.4225139
            ],
            [
              -40.5273905,
              -9.4232587
            ]
          ]
        ]
      },
      "id": "relation/17252544"
    },
    {
      "type": "Feature",
      "properties": {
        "@id": "relation/17252677",
        "admin_level": "10",
        "boundary": "administrative",
        "name": "Condomínio Park Centenário",
        "place": "suburb",
        "source": "maps",
        "type": "boundary"
      },
      "geometry": {
        "type": "Polygon",
        "coordinates": [
          [
            [
              -40.4909013,
              -9.4248943
            ],
            [
              -40.4894728,
              -9.4251398
            ],
            [
              -40.4874136,
              -9.4256427
            ],
            [
              -40.4866238,
              -9.4256653
            ],
            [
              -40.486491,
              -9.4247117
            ],
            [
              -40.49057,
              -9.4237167
            ],
            [
              -40.4909013,
              -9.4248943
            ]
          ]
        ]
      },
      "id": "relation/17252677"
    },
    {
      "type": "Feature",
      "properties": {
        "@id": "relation/18003766",
        "admin_level": "10",
        "boundary": "administrative",
        "name": "Maria Gorete",
        "place": "suburb",
        "source": "mapa do licenciado",
        "type": "boundary"
      },
      "geometry": {
        "type": "Polygon",
        "coordinates": [
          [
            [
              -40.500896,
              -9.4178685
            ],
            [
              -40.501223,
              -9.4188419
            ],
            [
              -40.5012596,
              -9.4196168
            ],
            [
              -40.5011135,
              -9.4207145
            ],
            [
              -40.4967314,
              -9.4218402
            ],
            [
              -40.4969412,
              -9.4189583
            ],
            [
              -40.4987454,
              -9.4184692
            ],
            [
              -40.4998613,
              -9.4181515
            ],
            [
              -40.500896,
              -9.4178685
            ]
          ]
        ]
      },
      "id": "relation/18003766"
    },
    {
      "type": "Feature",
      "properties": {
        "@id": "way/1318199565",
        "@relations": [
          {
            "role": "",
            "rel": 18089723,
            "reltags": {
              "admin_level": "10",
              "boundary": "administrative",
              "name": "Barranqueiro",
              "place": "suburb",
              "source": "Mapa lic",
              "type": "boundary"
            }
          }
        ]
      },
      "geometry": {
        "type": "LineString",
        "coordinates": [
          [
            -40.4893492,
            -9.4276581
          ],
          [
            -40.487308,
            -9.4272378
          ],
          [
            -40.4866298,
            -9.4321718
          ],
          [
            -40.48847,
            -9.4339242
          ],
          [
            -40.4890768,
            -9.4335224
          ],
          [
            -40.4893492,
            -9.4276581
          ]
        ]
      },
      "id": "way/1318199565"
    },
    {
      "type": "Feature",
      "properties": {
        "@id": "way/1350936461",
        "@relations": [
          {
            "role": "",
            "rel": 18546629,
            "reltags": {
              "admin_level": "10",
              "boundary": "administrative",
              "name": "Condomínio Residencial Villa Premium",
              "place": "suburb",
              "source": "Mapa licenciado",
              "type": "boundary"
            }
          }
        ]
      },
      "geometry": {
        "type": "LineString",
        "coordinates": [
          [
            -40.5262984,
            -9.4339031
          ],
          [
            -40.5265092,
            -9.4329674
          ],
          [
            -40.5330154,
            -9.4293091
          ],
          [
            -40.5332782,
            -9.4294721
          ],
          [
            -40.5331956,
            -9.4295387
          ],
          [
            -40.5328615,
            -9.4296869
          ],
          [
            -40.5330379,
            -9.4301462
          ],
          [
            -40.533635,
            -9.4305759
          ],
          [
            -40.5323433,
            -9.4313686
          ],
          [
            -40.5321293,
            -9.4315871
          ],
          [
            -40.5307024,
            -9.4324872
          ],
          [
            -40.5262984,
            -9.4339031
          ]
        ]
      },
      "id": "way/1350936461"
    },
    {
      "type": "Feature",
      "properties": {
        "@id": "way/1430854465",
        "@relations": [
          {
            "role": "",
            "rel": 19617546,
            "reltags": {
              "admin_level": "10",
              "boundary": "administrative",
              "name": "Piranga I",
              "place": "suburb",
              "source": "mapa do licenciado",
              "type": "boundary"
            }
          }
        ]
      },
      "geometry": {
        "type": "LineString",
        "coordinates": [
          [
            -40.5046741,
            -9.4273858
          ],
          [
            -40.5063376,
            -9.4273798
          ],
          [
            -40.5062444,
            -9.4281042
          ],
          [
            -40.5074793,
            -9.4280432
          ],
          [
            -40.5075659,
            -9.4280322
          ],
          [
            -40.5080013,
            -9.4312719
          ],
          [
            -40.5090071,
            -9.4313931
          ],
          [
            -40.509256,
            -9.4331097
          ],
          [
            -40.5093318,
            -9.4339542
          ],
          [
            -40.5093211,
            -9.4346546
          ],
          [
            -40.5091109,
            -9.4354673
          ],
          [
            -40.5052873,
            -9.4367543
          ],
          [
            -40.5051482,
            -9.4363109
          ],
          [
            -40.5047635,
            -9.4364252
          ],
          [
            -40.5047745,
            -9.4362224
          ],
          [
            -40.5036882,
            -9.4361378
          ],
          [
            -40.5016393,
            -9.4351624
          ],
          [
            -40.501689,
            -9.4346322
          ],
          [
            -40.5019726,
            -9.4340709
          ],
          [
            -40.5015869,
            -9.4338691
          ],
          [
            -40.502255,
            -9.4330536
          ],
          [
            -40.5034473,
            -9.4307706
          ],
          [
            -40.5039653,
            -9.4296636
          ],
          [
            -40.5046741,
            -9.4273858
          ]
        ]
      },
      "id": "way/1430854465"
    },
    {
      "type": "Feature",
      "properties": {
        "@id": "way/1430874225",
        "@relations": [
          {
            "role": "",
            "rel": 19617792,
            "reltags": {
              "admin_level": "10",
              "boundary": "administrative",
              "name": "Piranga II",
              "place": "suburb",
              "source": "mapa do licenciado",
              "type": "boundary"
            }
          }
        ]
      },
      "geometry": {
        "type": "LineString",
        "coordinates": [
          [
            -40.5091115,
            -9.4354685
          ],
          [
            -40.5052878,
            -9.4367551
          ],
          [
            -40.5062384,
            -9.4397921
          ],
          [
            -40.5063657,
            -9.4400511
          ],
          [
            -40.5064291,
            -9.4401062
          ],
          [
            -40.5072881,
            -9.4399884
          ],
          [
            -40.5080329,
            -9.4400908
          ],
          [
            -40.5089285,
            -9.4361753
          ],
          [
            -40.5091115,
            -9.4354685
          ]
        ]
      },
      "id": "way/1430874225"
    },
    {
      "type": "Feature",
      "properties": {
        "@id": "way/1430880729",
        "@relations": [
          {
            "role": "",
            "rel": 19617927,
            "reltags": {
              "admin_level": "10",
              "boundary": "administrative",
              "name": "Água Bela",
              "place": "suburb",
              "source": "mapa do licenciado",
              "type": "boundary"
            }
          }
        ]
      },
      "geometry": {
        "type": "LineString",
        "coordinates": [
          [
            -40.5077448,
            -9.4202182
          ],
          [
            -40.5095301,
            -9.4205689
          ],
          [
            -40.5094911,
            -9.4212873
          ],
          [
            -40.5102799,
            -9.4213308
          ],
          [
            -40.5102753,
            -9.4215275
          ],
          [
            -40.5113088,
            -9.4214483
          ],
          [
            -40.511798,
            -9.4214458
          ],
          [
            -40.5129543,
            -9.4215341
          ],
          [
            -40.5130955,
            -9.421898
          ],
          [
            -40.5150231,
            -9.4241198
          ],
          [
            -40.5149206,
            -9.4249724
          ],
          [
            -40.5152658,
            -9.4272462
          ],
          [
            -40.51439,
            -9.4265264
          ],
          [
            -40.5113657,
            -9.4261379
          ],
          [
            -40.5114714,
            -9.4246918
          ],
          [
            -40.5100949,
            -9.4245959
          ],
          [
            -40.5093991,
            -9.4245454
          ],
          [
            -40.5093817,
            -9.4260233
          ],
          [
            -40.5078534,
            -9.426209
          ],
          [
            -40.5073849,
            -9.4265659
          ],
          [
            -40.5068654,
            -9.4241903
          ],
          [
            -40.5070617,
            -9.423756
          ],
          [
            -40.5076202,
            -9.4220809
          ],
          [
            -40.5077448,
            -9.4202182
          ]
        ]
      },
      "id": "way/1430880729"
    },
    {
      "type": "Feature",
      "properties": {
        "@id": "way/1430883200",
        "@relations": [
          {
            "role": "",
            "rel": 19617943,
            "reltags": {
              "admin_level": "10",
              "boundary": "administrative",
              "name": "Palmares I",
              "place": "suburb",
              "source": "mapa do licenciado",
              "type": "boundary"
            }
          }
        ]
      },
      "geometry": {
        "type": "LineString",
        "coordinates": [
          [
            -40.5277788,
            -9.4257688
          ],
          [
            -40.5224267,
            -9.4247179
          ],
          [
            -40.5229855,
            -9.4223244
          ],
          [
            -40.5230809,
            -9.4223483
          ],
          [
            -40.5231979,
            -9.4218098
          ],
          [
            -40.5242741,
            -9.4220522
          ],
          [
            -40.5238282,
            -9.424102
          ],
          [
            -40.525529,
            -9.4244444
          ],
          [
            -40.5259258,
            -9.4224525
          ],
          [
            -40.5261196,
            -9.4225144
          ],
          [
            -40.5273898,
            -9.4232593
          ],
          [
            -40.528112,
            -9.4239779
          ],
          [
            -40.5277788,
            -9.4257688
          ]
        ]
      },
      "id": "way/1430883200"
    },
    {
      "type": "Feature",
      "properties": {
        "@id": "way/1430889182",
        "@relations": [
          {
            "role": "",
            "rel": 19618023,
            "reltags": {
              "admin_level": "10",
              "boundary": "administrative",
              "name": "Palmares II",
              "place": "suburb",
              "source": "mapa do licenciado",
              "type": "boundary"
            }
          }
        ]
      },
      "geometry": {
        "type": "LineString",
        "coordinates": [
          [
            -40.527779,
            -9.4257702
          ],
          [
            -40.525303,
            -9.4252839
          ],
          [
            -40.5244448,
            -9.4271848
          ],
          [
            -40.5256566,
            -9.4271797
          ],
          [
            -40.5251908,
            -9.4297124
          ],
          [
            -40.527082,
            -9.4300791
          ],
          [
            -40.527779,
            -9.4257702
          ]
        ]
      },
      "id": "way/1430889182"
    },
    {
      "type": "Feature",
      "properties": {
        "@id": "node/7714988739",
        "@relations": [
          {
            "role": "label",
            "rel": 11305226,
            "reltags": {
              "admin_level": "10",
              "boundary": "administrative",
              "name": "VILA TIRADENTES",
              "type": "boundary"
            }
          }
        ]
      },
      "geometry": {
        "type": "Point",
        "coordinates": [
          -40.4966612,
          -9.4488772
        ]
      },
      "id": "node/7714988739"
    },
    {
      "type": "Feature",
      "properties": {
        "@id": "node/7724408577",
        "@relations": [
          {
            "role": "admin_centre",
            "rel": 11315066,
            "reltags": {
              "admin_level": "10",
              "boundary": "administrative",
              "name": "Bairro nossa senhora da penha",
              "type": "boundary"
            }
          }
        ]
      },
      "geometry": {
        "type": "Point",
        "coordinates": [
          -40.5143028,
          -9.4199925
        ]
      },
      "id": "node/7724408577"
    },
    {
      "type": "Feature",
      "properties": {
        "@id": "node/7724478515",
        "@relations": [
          {
            "role": "label",
            "rel": 11315160,
            "reltags": {
              "admin_level": "10",
              "boundary": "administrative",
              "name": "Bairro Centro",
              "type": "boundary"
            }
          }
        ]
      },
      "geometry": {
        "type": "Point",
        "coordinates": [
          -40.5024376,
          -9.4130585
        ]
      },
      "id": "node/7724478515"
    },
    {
      "type": "Feature",
      "properties": {
        "@id": "node/7725563952",
        "@relations": [
          {
            "role": "admin_centre",
            "rel": 11316916,
            "reltags": {
              "admin_level": "10",
              "boundary": "administrative",
              "name": "Bairro Alagadiço",
              "type": "boundary"
            }
          }
        ]
      },
      "geometry": {
        "type": "Point",
        "coordinates": [
          -40.5042059,
          -9.4182542
        ]
      },
      "id": "node/7725563952"
    },
    {
      "type": "Feature",
      "properties": {
        "@id": "node/7725584840",
        "@relations": [
          {
            "role": "admin_centre",
            "rel": 11316939,
            "reltags": {
              "admin_level": "10",
              "boundary": "administrative",
              "name": "Bairro Alto Maravilha",
              "type": "boundary"
            }
          }
        ]
      },
      "geometry": {
        "type": "Point",
        "coordinates": [
          -40.5043973,
          -9.422509
        ]
      },
      "id": "node/7725584840"
    },
    {
      "type": "Feature",
      "properties": {
        "@id": "node/7725553129",
        "@relations": [
          {
            "role": "admin_centre",
            "rel": 11316956,
            "reltags": {
              "admin_level": "10",
              "boundary": "administrative",
              "name": "Bairro Lomanto Juinior",
              "type": "boundary"
            }
          }
        ]
      },
      "geometry": {
        "type": "Point",
        "coordinates": [
          -40.4981264,
          -9.4252949
        ]
      },
      "id": "node/7725553129"
    },
    {
      "type": "Feature",
      "properties": {
        "@id": "node/7726706566",
        "@relations": [
          {
            "role": "label",
            "rel": 11318911,
            "reltags": {
              "admin_level": "10",
              "boundary": "administrative",
              "name": "Bairro Angari",
              "type": "boundary"
            }
          }
        ]
      },
      "geometry": {
        "type": "Point",
        "coordinates": [
          -40.4955773,
          -9.4123112
        ]
      },
      "id": "node/7726706566"
    },
    {
      "type": "Feature",
      "properties": {
        "@id": "node/7729221348",
        "@relations": [
          {
            "role": "admin_centre",
            "rel": 11322865,
            "reltags": {
              "admin_level": "10",
              "boundary": "administrative",
              "name": "Pedro raumindo",
              "type": "boundary"
            }
          }
        ]
      },
      "geometry": {
        "type": "Point",
        "coordinates": [
          -40.5098804,
          -9.4552125
        ]
      },
      "id": "node/7729221348"
    },
    {
      "type": "Feature",
      "properties": {
        "@id": "node/7729221350",
        "@relations": [
          {
            "role": "admin_centre",
            "rel": 11322866,
            "reltags": {
              "admin_level": "10",
              "boundary": "administrative",
              "name": "Bairro Dom José Rodrigues",
              "type": "boundary"
            }
          }
        ]
      },
      "geometry": {
        "type": "Point",
        "coordinates": [
          -40.5141612,
          -9.4553848
        ]
      },
      "id": "node/7729221350"
    },
    {
      "type": "Feature",
      "properties": {
        "@id": "node/7729255178",
        "@relations": [
          {
            "role": "label",
            "rel": 11322906,
            "reltags": {
              "admin_level": "10",
              "boundary": "administrative",
              "name": "Bairro Jardim Florida",
              "type": "boundary"
            }
          }
        ]
      },
      "geometry": {
        "type": "Point",
        "coordinates": [
          -40.5111376,
          -9.428841
        ]
      },
      "id": "node/7729255178"
    },
    {
      "type": "Feature",
      "properties": {
        "@id": "node/7729309618",
        "@relations": [
          {
            "role": "admin_centre",
            "rel": 11322911,
            "reltags": {
              "admin_level": "10",
              "boundary": "administrative",
              "name": "Bairro Expedito de Almeida Nascimento",
              "type": "boundary"
            }
          }
        ]
      },
      "geometry": {
        "type": "Point",
        "coordinates": [
          -40.5206366,
          -9.4226394
        ]
      },
      "id": "node/7729309618"
    },
    {
      "type": "Feature",
      "properties": {
        "@id": "node/7729312282",
        "@relations": [
          {
            "role": "label",
            "rel": 11322930,
            "reltags": {
              "admin_level": "10",
              "boundary": "administrative",
              "name": "Bairro Country Clube",
              "type": "boundary"
            }
          }
        ]
      },
      "geometry": {
        "type": "Point",
        "coordinates": [
          -40.5188274,
          -9.4164981
        ]
      },
      "id": "node/7729312282"
    },
    {
      "type": "Feature",
      "properties": {
        "@id": "node/7729366035",
        "@relations": [
          {
            "role": "label",
            "rel": 11322952,
            "reltags": {
              "admin_level": "10",
              "boundary": "administrative",
              "name": "Bairro Maringa",
              "type": "boundary"
            }
          }
        ]
      },
      "geometry": {
        "type": "Point",
        "coordinates": [
          -40.5148675,
          -9.416404
        ]
      },
      "id": "node/7729366035"
    },
    {
      "type": "Feature",
      "properties": {
        "@id": "node/7729365570",
        "@relations": [
          {
            "role": "label",
            "rel": 11322960,
            "reltags": {
              "admin_level": "10",
              "boundary": "administrative",
              "name": "Bairro Santo Antonio",
              "type": "boundary"
            }
          }
        ]
      },
      "geometry": {
        "type": "Point",
        "coordinates": [
          -40.5085016,
          -9.4128435
        ]
      },
      "id": "node/7729365570"
    },
    {
      "type": "Feature",
      "properties": {
        "@id": "node/7729380824",
        "@relations": [
          {
            "role": "label",
            "rel": 11322968,
            "reltags": {
              "admin_level": "10",
              "boundary": "administrative",
              "name": "Bairro Mussambe",
              "type": "boundary"
            }
          }
        ]
      },
      "geometry": {
        "type": "Point",
        "coordinates": [
          -40.5093313,
          -9.4182381
        ]
      },
      "id": "node/7729380824"
    },
    {
      "type": "Feature",
      "properties": {
        "@id": "node/7729361161",
        "@relations": [
          {
            "role": "admin_centre",
            "rel": 11322988,
            "reltags": {
              "admin_level": "10",
              "boundary": "administrative",
              "name": "Bairro Monte Castelo",
              "type": "boundary"
            }
          }
        ]
      },
      "geometry": {
        "type": "Point",
        "coordinates": [
          -40.489756,
          -9.4309125
        ]
      },
      "id": "node/7729361161"
    },
    {
      "type": "Feature",
      "properties": {
        "@id": "node/7733805104",
        "@relations": [
          {
            "role": "label",
            "rel": 11330835,
            "reltags": {
              "admin_level": "10",
              "boundary": "administrative",
              "name": "Bairro Nossa Senhora das Grotas",
              "type": "boundary"
            }
          }
        ]
      },
      "geometry": {
        "type": "Point",
        "coordinates": [
          -40.5180692,
          -9.4280656
        ]
      },
      "id": "node/7733805104"
    },
    {
      "type": "Feature",
      "properties": {
        "@id": "node/7733981748",
        "@relations": [
          {
            "role": "admin_centre",
            "rel": 11331060,
            "reltags": {
              "admin_level": "10",
              "boundary": "administrative",
              "name": "Bairro Palmares",
              "type": "boundary"
            }
          }
        ]
      },
      "geometry": {
        "type": "Point",
        "coordinates": [
          -40.5264441,
          -9.4247808
        ]
      },
      "id": "node/7733981748"
    },
    {
      "type": "Feature",
      "properties": {
        "@id": "node/7734348169",
        "@relations": [
          {
            "role": "admin_centre",
            "rel": 11331897,
            "reltags": {
              "admin_level": "10",
              "boundary": "administrative",
              "name": "Bairro Pedra do Lord",
              "type": "boundary"
            }
          }
        ]
      },
      "geometry": {
        "type": "Point",
        "coordinates": [
          -40.5301969,
          -9.4268645
        ]
      },
      "id": "node/7734348169"
    },
    {
      "type": "Feature",
      "properties": {
        "@id": "node/7771196235",
        "@relations": [
          {
            "role": "label",
            "rel": 11366973,
            "reltags": {
              "admin_level": "10",
              "boundary": "administrative",
              "name": "Bairro Jardim São Paulo",
              "type": "boundary"
            }
          }
        ]
      },
      "geometry": {
        "type": "Point",
        "coordinates": [
          -40.498619,
          -9.4383775
        ]
      },
      "id": "node/7771196235"
    },
    {
      "type": "Feature",
      "properties": {
        "@id": "node/7771255597",
        "@relations": [
          {
            "role": "label",
            "rel": 11367047,
            "reltags": {
              "admin_level": "10",
              "boundary": "administrative",
              "name": "Bairro Usina Aliança",
              "type": "boundary"
            }
          }
        ]
      },
      "geometry": {
        "type": "Point",
        "coordinates": [
          -40.4952592,
          -9.4421173
        ]
      },
      "id": "node/7771255597"
    },
    {
      "type": "Feature",
      "properties": {
        "@id": "node/7771251674",
        "@relations": [
          {
            "role": "label",
            "rel": 11367067,
            "reltags": {
              "admin_level": "10",
              "boundary": "administrative",
              "name": "Bairro Centenario",
              "type": "boundary"
            }
          }
        ]
      },
      "geometry": {
        "type": "Point",
        "coordinates": [
          -40.4955489,
          -9.418894
        ]
      },
      "id": "node/7771251674"
    },
    {
      "type": "Feature",
      "properties": {
        "@id": "node/6436861122",
        "@relations": [
          {
            "role": "label",
            "rel": 11367089,
            "reltags": {
              "admin_level": "10",
              "boundary": "administrative",
              "name": "Bairro Parque Centanrio",
              "type": "boundary"
            }
          }
        ]
      },
      "geometry": {
        "type": "Point",
        "coordinates": [
          -40.4887766,
          -9.4247459
        ]
      },
      "id": "node/6436861122"
    },
    {
      "type": "Feature",
      "properties": {
        "@id": "node/7771356441",
        "@relations": [
          {
            "role": "label",
            "rel": 11367202,
            "reltags": {
              "admin_level": "10",
              "boundary": "administrative",
              "name": "Bairro Distrito Industrial",
              "type": "boundary"
            }
          }
        ]
      },
      "geometry": {
        "type": "Point",
        "coordinates": [
          -40.4913919,
          -9.4570466
        ]
      },
      "id": "node/7771356441"
    },
    {
      "type": "Feature",
      "properties": {
        "@id": "node/7771450085",
        "@relations": [
          {
            "role": "label",
            "rel": 11367237,
            "reltags": {
              "admin_level": "10",
              "boundary": "administrative",
              "name": "Bairro Jardim Vitoria",
              "type": "boundary"
            }
          }
        ]
      },
      "geometry": {
        "type": "Point",
        "coordinates": [
          -40.5089437,
          -9.424741
        ]
      },
      "id": "node/7771450085"
    },
    {
      "type": "Feature",
      "properties": {
        "@id": "node/7771491446",
        "@relations": [
          {
            "role": "admin_centre",
            "rel": 11367306,
            "reltags": {
              "admin_level": "10",
              "boundary": "administrative",
              "name": "Bairro Alto da Aliança",
              "type": "boundary"
            }
          }
        ]
      },
      "geometry": {
        "type": "Point",
        "coordinates": [
          -40.4978758,
          -9.4457326
        ]
      },
      "id": "node/7771491446"
    },
    {
      "type": "Feature",
      "properties": {
        "@id": "node/7771518501",
        "@relations": [
          {
            "role": "label",
            "rel": 11367342,
            "reltags": {
              "admin_level": "10",
              "boundary": "administrative",
              "name": "Bairro Malhada da Areia",
              "type": "boundary"
            }
          }
        ]
      },
      "geometry": {
        "type": "Point",
        "coordinates": [
          -40.5054686,
          -9.4468421
        ]
      },
      "id": "node/7771518501"
    },
    {
      "type": "Feature",
      "properties": {
        "@id": "node/7771553823",
        "@relations": [
          {
            "role": "label",
            "rel": 11367349,
            "reltags": {
              "admin_level": "10",
              "boundary": "administrative",
              "name": "Bairro Padre Vicente",
              "type": "boundary"
            }
          }
        ]
      },
      "geometry": {
        "type": "Point",
        "coordinates": [
          -40.5086421,
          -9.4415922
        ]
      },
      "id": "node/7771553823"
    },
    {
      "type": "Feature",
      "properties": {
        "@id": "node/7771555040",
        "@relations": [
          {
            "role": "admin_centre",
            "rel": 11367401,
            "reltags": {
              "admin_level": "10",
              "boundary": "administrative",
              "name": "Bairro Nova Esperança",
              "type": "boundary"
            }
          }
        ]
      },
      "geometry": {
        "type": "Point",
        "coordinates": [
          -40.5203356,
          -9.4377739
        ]
      },
      "id": "node/7771555040"
    },
    {
      "type": "Feature",
      "properties": {
        "@id": "node/7771597991",
        "@relations": [
          {
            "role": "admin_centre",
            "rel": 11367413,
            "reltags": {
              "admin_level": "10",
              "boundary": "administrative",
              "name": "Bairro Argemiro",
              "type": "boundary"
            }
          }
        ]
      },
      "geometry": {
        "type": "Point",
        "coordinates": [
          -40.5162259,
          -9.4376606
        ]
      },
      "id": "node/7771597991"
    },
    {
      "type": "Feature",
      "properties": {
        "@id": "node/7771612344",
        "@relations": [
          {
            "role": "admin_centre",
            "rel": 11367414,
            "reltags": {
              "admin_level": "10",
              "boundary": "administrative",
              "name": "Bairro Piranga I",
              "type": "boundary"
            }
          }
        ]
      },
      "geometry": {
        "type": "Point",
        "coordinates": [
          -40.516946,
          -9.4360537
        ]
      },
      "id": "node/7771612344"
    },
    {
      "type": "Feature",
      "properties": {
        "@id": "node/7771607926",
        "@relations": [
          {
            "role": "admin_centre",
            "rel": 11367415,
            "reltags": {
              "admin_level": "10",
              "boundary": "administrative",
              "name": "Bairro Piranga II",
              "type": "boundary"
            }
          }
        ]
      },
      "geometry": {
        "type": "Point",
        "coordinates": [
          -40.5221858,
          -9.4419872
        ]
      },
      "id": "node/7771607926"
    },
    {
      "type": "Feature",
      "properties": {
        "@id": "node/7771639324",
        "@relations": [
          {
            "role": "label",
            "rel": 11367426,
            "reltags": {
              "admin_level": "10",
              "boundary": "administrative",
              "name": "Bairro Piranga",
              "type": "boundary"
            }
          }
        ]
      },
      "geometry": {
        "type": "Point",
        "coordinates": [
          -40.5055522,
          -9.432295
        ]
      },
      "id": "node/7771639324"
    },
    {
      "type": "Feature",
      "properties": {
        "@id": "node/7773109004",
        "@relations": [
          {
            "role": "label",
            "rel": 11368453,
            "reltags": {
              "admin_level": "10",
              "boundary": "administrative",
              "name": "Bairro Agua Bela",
              "type": "boundary"
            }
          }
        ]
      },
      "geometry": {
        "type": "Point",
        "coordinates": [
          -40.5175903,
          -9.4225338
        ]
      },
      "id": "node/7773109004"
    },
    {
      "type": "Feature",
      "properties": {
        "@id": "node/7773106267",
        "@relations": [
          {
            "role": "label",
            "rel": 11368474,
            "reltags": {
              "admin_level": "10",
              "boundary": "administrative",
              "name": "Bairro Alto do Cruzeiro",
              "type": "boundary"
            }
          }
        ]
      },
      "geometry": {
        "type": "Point",
        "coordinates": [
          -40.4958288,
          -9.4295035
        ]
      },
      "id": "node/7773106267"
    },
    {
      "type": "Feature",
      "properties": {
        "@id": "node/7773119749",
        "@relations": [
          {
            "role": "admin_centre",
            "rel": 11368479,
            "reltags": {
              "admin_level": "10",
              "boundary": "administrative",
              "name": "Bairro Alto do Alencar",
              "type": "boundary"
            }
          }
        ]
      },
      "geometry": {
        "type": "Point",
        "coordinates": [
          -40.4937378,
          -9.434162
        ]
      },
      "id": "node/7773119749"
    },
    {
      "type": "Feature",
      "properties": {
        "@id": "node/7773177494",
        "@relations": [
          {
            "role": "label",
            "rel": 11368499,
            "reltags": {
              "admin_level": "10",
              "boundary": "administrative",
              "name": "Bairro Castelo Branco",
              "type": "boundary"
            }
          }
        ]
      },
      "geometry": {
        "type": "Point",
        "coordinates": [
          -40.491807,
          -9.4390178
        ]
      },
      "id": "node/7773177494"
    },
    {
      "type": "Feature",
      "properties": {
        "@id": "node/7774465497",
        "@relations": [
          {
            "role": "label",
            "rel": 11370039,
            "reltags": {
              "admin_level": "10",
              "boundary": "administrative",
              "name": "Bairro João XXIII",
              "type": "boundary"
            }
          }
        ]
      },
      "geometry": {
        "type": "Point",
        "coordinates": [
          -40.5023143,
          -9.4295349
        ]
      },
      "id": "node/7774465497"
    },
    {
      "type": "Feature",
      "properties": {
        "@id": "node/7774485359",
        "@relations": [
          {
            "role": "label",
            "rel": 11370050,
            "reltags": {
              "admin_level": "10",
              "boundary": "administrative",
              "name": "Bairro Dom Tomaz",
              "type": "boundary"
            }
          }
        ]
      },
      "geometry": {
        "type": "Point",
        "coordinates": [
          -40.4887558,
          -9.4396473
        ]
      },
      "id": "node/7774485359"
    },
    {
      "type": "Feature",
      "properties": {
        "@id": "node/7774478921",
        "@relations": [
          {
            "role": "label",
            "rel": 11370056,
            "reltags": {
              "admin_level": "10",
              "boundary": "administrative",
              "name": "Bairro Santa Maria Goretti",
              "type": "boundary"
            }
          }
        ]
      },
      "geometry": {
        "type": "Point",
        "coordinates": [
          -40.4985827,
          -9.4187261
        ]
      },
      "id": "node/7774478921"
    },
    {
      "type": "Feature",
      "properties": {
        "@id": "node/7774491306",
        "@relations": [
          {
            "role": "admin_centre",
            "rel": 11370059,
            "reltags": {
              "admin_level": "10",
              "boundary": "administrative",
              "name": "Bairro Jardim Novo Encontro",
              "type": "boundary"
            }
          }
        ]
      },
      "geometry": {
        "type": "Point",
        "coordinates": [
          -40.4936965,
          -9.423378
        ]
      },
      "id": "node/7774491306"
    },
    {
      "type": "Feature",
      "properties": {
        "@id": "node/7774567205",
        "@relations": [
          {
            "role": "label",
            "rel": 11370072,
            "reltags": {
              "admin_level": "10",
              "boundary": "administrative",
              "name": "Bairro Jardim Universitario",
              "type": "boundary"
            }
          }
        ]
      },
      "geometry": {
        "type": "Point",
        "coordinates": [
          -40.4899991,
          -9.4196297
        ]
      },
      "id": "node/7774567205"
    },
    {
      "type": "Feature",
      "properties": {
        "@id": "node/7774567206",
        "@relations": [
          {
            "role": "label",
            "rel": 11370074,
            "reltags": {
              "admin_level": "10",
              "boundary": "administrative",
              "name": "Bairro São Geraldo",
              "type": "boundary"
            }
          }
        ]
      },
      "geometry": {
        "type": "Point",
        "coordinates": [
          -40.4859413,
          -9.4233746
        ]
      },
      "id": "node/7774567206"
    },
    {
      "type": "Feature",
      "properties": {
        "@id": "node/7271761571",
        "@relations": [
          {
            "role": "label",
            "rel": 11370083,
            "reltags": {
              "admin_level": "10",
              "boundary": "administrative",
              "name": "Bairro Itaberaba",
              "type": "boundary"
            }
          }
        ]
      },
      "geometry": {
        "type": "Point",
        "coordinates": [
          -40.4826823,
          -9.4479587
        ]
      },
      "id": "node/7271761571"
    },
    {
      "type": "Feature",
      "properties": {
        "@id": "node/7774680641",
        "@relations": [
          {
            "role": "label",
            "rel": 11370092,
            "reltags": {
              "admin_level": "10",
              "boundary": "administrative",
              "name": "Bairro Tabuleiro",
              "type": "boundary"
            }
          }
        ]
      },
      "geometry": {
        "type": "Point",
        "coordinates": [
          -40.4757187,
          -9.4336688
        ]
      },
      "id": "node/7774680641"
    },
    {
      "type": "Feature",
      "properties": {
        "@id": "node/7774588000",
        "@relations": [
          {
            "role": "label",
            "rel": 11370093,
            "reltags": {
              "admin_level": "10",
              "boundary": "administrative",
              "name": "Bairro Tancredo Neves",
              "type": "boundary"
            }
          }
        ]
      },
      "geometry": {
        "type": "Point",
        "coordinates": [
          -40.4891731,
          -9.4430892
        ]
      },
      "id": "node/7774588000"
    },
    {
      "type": "Feature",
      "properties": {
        "@id": "node/7774743783",
        "@relations": [
          {
            "role": "label",
            "rel": 11370108,
            "reltags": {
              "admin_level": "10",
              "boundary": "administrative",
              "name": "Bairro Sol Levante",
              "type": "boundary"
            }
          }
        ]
      },
      "geometry": {
        "type": "Point",
        "coordinates": [
          -40.4819083,
          -9.4306894
        ]
      },
      "id": "node/7774743783"
    },
    {
      "type": "Feature",
      "properties": {
        "@id": "node/7782126558",
        "@relations": [
          {
            "role": "label",
            "rel": 11378506,
            "reltags": {
              "admin_level": "10",
              "boundary": "administrative",
              "name": "Bairro Jardim Primavera",
              "type": "boundary"
            }
          }
        ]
      },
      "geometry": {
        "type": "Point",
        "coordinates": [
          -40.4177403,
          -9.4543247
        ]
      },
      "id": "node/7782126558"
    }
  ]
}